symbol,group,metric,n,p50,p75,p90,p95,p97.5,p99,p99.5,p99.9,max
SPY,actionable,shockPct,30905,0.0017087946751601051,0.0026636685981146135,0.004019718359610789,0.005129727192165542,0.00648861576209011,0.008496827760581764,0.011058485547281477,0.018645034315219987,0.0713361597101968
SPY,actionable,shockAtrRatio,30905,0.13637136850205805,0.19821460452177855,0.28218831580509407,0.3475058657458983,0.4195767994006921,0.5376169054471387,0.6471053669530568,1.0229834900131503,2.2048650995953114
SPY,actionable,downsideExcursionPct,30905,0.0007168030583597428,0.0014433763459484425,0.0024963782931922826,0.0033811303186248565,0.004352358205185992,0.005903050443147815,0.007081679886442734,0.011614427384867341,0.03174510490871569
SPY,actionable,downsideExcursionAtrRatio,30905,0.0579950116579862,0.11083305434415845,0.1836948137327242,0.2421467310837277,0.30729161810201777,0.39894871074815996,0.49224209484636894,0.8012357670696555,1.5384337867480566
SPY,actionable,realizedMovement60Pct,27182,0.001924113101895884,0.003067243393814506,0.004626270816974845,0.0059044722890702435,0.007266382659894447,0.009177242862266498,0.010707023341119044,0.01719545969919705,0.05448241817901385
SPY,actionable,realizedMovement60AtrRatio,27182,0.15448490201320614,0.22803098519206474,0.326451690149408,0.4019083577736127,0.4832610967077663,0.599350261390579,0.7066088139304754,1.0129733844338225,2.2058830459522354
SPY,actionable,sessionDrawdownPct,30905,0.002489961641131505,0.005370392179955316,0.009520391264101213,0.013019093747619236,0.017034816242778774,0.02234938969588968,0.02650405326814105,0.03599365287257921,0.065478684902282
SPY,actionable,sessionDrawdownAtrRatio,30905,0.2023516139818608,0.42005756559127,0.7153101410251256,0.9344734534256577,1.14795406781377,1.4197006749768974,1.6416250017432257,2.3258423555290606,4.513188502408043
SPY,actionable,pathLength60,27182,0.003252495972262459,0.005150391763346335,0.007793723572194136,0.010126218413731552,0.012161734084908622,0.015107790363108295,0.017989533445994133,0.03013316930587352,0.10216228601229227
SPY,actionable,openToCurrentPct,30905,0.00027638574722321785,0.003329190065034515,0.006719916360465695,0.009211995148897277,0.01199510787757152,0.015725843225735926,0.01835760748590939,0.034849445000921214,0.09788424124513617
SPY,closing_only,shockPct,1241,0.0022970903522206076,0.0034153416344180217,0.004919695688926405,0.006350964645065893,0.00788950715421309,0.01077924105004481,0.015482151044672744,0.02262907406015848,0.02807869173627935
SPY,closing_only,shockAtrRatio,1241,0.18416660948079888,0.25202024710682414,0.34346386007381063,0.4119787739626534,0.5075172313141774,0.7599455462271273,0.9763444915399503,1.6852822604267708,1.7925813429881796
SPY,closing_only,downsideExcursionPct,1241,0.0009435768399747571,0.001843626916952978,0.003147235905856585,0.00422392129604877,0.005344487045428166,0.006897076198887461,0.009905181370893969,0.02065242612351184,0.02783380044080431
SPY,closing_only,downsideExcursionAtrRatio,1241,0.07892215056598052,0.14293904218359457,0.22164092003009261,0.27607729554653,0.3548385939610505,0.5677132850906106,0.7554881018208098,1.2097524053251383,1.7313763087079086
SPY,closing_only,realizedMovement60Pct,1241,0.002051445951417774,0.0032611809035966613,0.005011401825552364,0.00661017719840146,0.007994317711787888,0.011554869752119178,0.0132201564414908,0.014460861783052942,0.021326505866311636
SPY,closing_only,realizedMovement60AtrRatio,1241,0.15968715817423237,0.241720818450502,0.3419317716204437,0.43844617960607823,0.5447456366948179,0.6953166495753574,0.789995084110948,1.058727781488806,1.5910028726210106
SPY,closing_only,sessionDrawdownPct,1241,0.0034068443283702394,0.007378674755016253,0.013377926421404816,0.017783714412927948,0.023370094431486205,0.03016619792428465,0.03381178190947533,0.037980989199417316,0.05379252542954019
SPY,closing_only,sessionDrawdownAtrRatio,1241,0.2748399934151672,0.5738158531921175,0.9453798387023155,1.2681049363603978,1.58179912296806,1.850707143535676,2.2904059732681863,3.955136830140277,4.640125535203991
SPY,closing_only,pathLength60,1241,0.003389314867248361,0.005377697432544015,0.008433248642478408,0.011446323425912008,0.013652547839418383,0.0178195760736899,0.022004130825212676,0.026074647231985024,0.038322148551926394
SPY,closing_only,openToCurrentPct,1241,0.000568931773701653,0.004865123148429795,0.00954319235176393,0.012695413412851853,0.016306582012515447,0.01940151158998091,0.024861226684242815,0.04656097269749476,0.10118758106355386
SPY,including_close,shockPct,32146,0.0017307427215010273,0.002696821111870811,0.004062475026004766,0.005191162002479116,0.006548798508044223,0.008566842987624064,0.011118144891369362,0.019093717216118487,0.0713361597101968
SPY,including_close,shockAtrRatio,32146,0.1381129680488814,0.20033028964792932,0.28517207354712376,0.3508521235629811,0.42505184535520635,0.5453490012994683,0.660196026583553,1.0801013532384578,2.2048650995953114
SPY,including_close,downsideExcursionPct,32146,0.0007234720224989933,0.001459287173745236,0.002525497476612049,0.0034244634369975328,0.004404659346833967,0.005981501220156818,0.007179176404009678,0.011724044595729715,0.03174510490871569
SPY,including_close,downsideExcursionAtrRatio,32146,0.05867304989079747,0.11212709794770628,0.18514429991236406,0.24341407748667288,0.3085799401670379,0.40567122500488045,0.5003084478606704,0.8259902607112563,1.7313763087079086
SPY,including_close,realizedMovement60Pct,28423,0.0019294713590620142,0.003073421338194287,0.004640194581496766,0.005935798047722983,0.007312001738525834,0.009240243376061935,0.010801704831816986,0.017163910687385323,0.05448241817901385
SPY,including_close,realizedMovement60AtrRatio,28423,0.15470929026497968,0.2283200322061701,0.3271363399280299,0.4035307129065522,0.48548519346933877,0.6065279584917452,0.7141635061749569,1.0153810252791684,2.2058830459522354
SPY,including_close,sessionDrawdownPct,32146,0.002517307355074522,0.005438477141658493,0.009724676971531952,0.013241598435511766,0.01738630070059333,0.022878832982560784,0.02693766004233039,0.0362039392489231,0.065478684902282
SPY,including_close,sessionDrawdownAtrRatio,32146,0.20509225166920259,0.4251514976564688,0.7262988035947229,0.945398771478154,1.16820346485736,1.4483620682835956,1.673698786547966,2.3953414057284905,4.640125535203991
SPY,including_close,pathLength60,28423,0.0032606080690503747,0.0051665182057799575,0.007829661543592546,0.010159452398219346,0.012271270648653134,0.015247023173924755,0.01824524820196954,0.029989477980324867,0.10216228601229227
SPY,including_close,openToCurrentPct,32146,0.00028589505599085907,0.0033810835209822088,0.006853015940085583,0.00939943363972695,0.012199471892991892,0.01598480687052582,0.018623376383869607,0.03631523538911225,0.10118758106355386
SPY,opening_1_4,shockPct,4964,0.002499051811082311,0.0037496329330361546,0.005318273559791333,0.006580073818557178,0.007579273899657618,0.009306173609623382,0.011093649894249439,0.017467852487524166,0.05002140994199839
SPY,opening_1_4,shockAtrRatio,4964,0.19990568606026515,0.27397981955923656,0.3622655226384608,0.4254097152640834,0.4960464018794815,0.5825989083488401,0.6468561221385102,0.9916853398649443,2.025265834624488
SPY,opening_1_4,downsideExcursionPct,4964,0.0010421373550626345,0.0020279493299694158,0.0033658904886729115,0.004409443044360234,0.005535128331293731,0.00687802480034139,0.008182377334709503,0.011141862354822901,0.03174510490871569
SPY,opening_1_4,downsideExcursionAtrRatio,4964,0.08585262876986975,0.1563408808046537,0.24669060841358023,0.3144075280056521,0.3806262346827963,0.4792990935450999,0.5422332705181474,0.6881159633709536,1.2852951658648004
SPY,opening_1_4,realizedMovement60Pct,1241,0.0029230842557460435,0.004522521120806779,0.006341006718751147,0.0077463785136242195,0.009014733417225503,0.010681353560428663,0.011783099285287197,0.013445222714627718,0.05448241817901385
SPY,opening_1_4,realizedMovement60AtrRatio,1241,0.24047391557454142,0.3329494022156017,0.438210265291581,0.5242670382799912,0.6066906370807091,0.6966392784654019,0.77806272547897,1.1735371417953684,2.2058830459522354
SPY,opening_1_4,sessionDrawdownPct,4964,0.0015004116812587405,0.00319362405977035,0.005491633029748616,0.007285174898085639,0.009297580884637875,0.011616673717556961,0.01316521991035706,0.017423479813952876,0.047747386126880294
SPY,opening_1_4,sessionDrawdownAtrRatio,4964,0.12095148104165486,0.2440942125270083,0.3964025363400743,0.5097879193376182,0.6245103946124065,0.8002810519414175,0.9174903484645651,1.0739842757690081,1.933195204363938
SPY,opening_1_4,pathLength60,1241,0.004934794470077719,0.007758126263343268,0.010886322319374475,0.012942602379488188,0.015279045251187728,0.018154223793073545,0.019791230169608227,0.025113583797413803,0.10216228601229227
SPY,opening_1_4,openToCurrentPct,4964,0.0001296557270251686,0.0017897682684002159,0.0037751213180111207,0.005257001304323854,0.00675154943504675,0.009100931098985833,0.010773882790660145,0.013163225932387683,0.050266767513645005
SPY,nonopening_5_plus,shockPct,25941,0.001581389849546348,0.0024468836696361707,0.0036590943741423936,0.004711216591983791,0.0059660945093065396,0.008107570510434715,0.0109805879845745,0.018831762140123366,0.0713361597101968
SPY,nonopening_5_plus,shockAtrRatio,25941,0.12636149888944673,0.1804315865405737,0.2551292547304291,0.31915896486101936,0.39194875805992857,0.5093205663156863,0.6391673886407302,1.0229727853894888,2.2048650995953114
SPY,nonopening_5_plus,downsideExcursionPct,25941,0.000671613674709784,0.0013326312716653071,0.0023203988329082888,0.0031152183633925057,0.004005218091924591,0.005430207504602292,0.006848464724205315,0.01161060304448869,0.025578557224126768
SPY,nonopening_5_plus,downsideExcursionAtrRatio,25941,0.05430855059454048,0.10228809044837554,0.16844930647947665,0.22234881706203014,0.2832689742902118,0.37797946962545753,0.465503723790838,0.8245988946623278,1.5384337867480566
SPY,nonopening_5_plus,realizedMovement60Pct,25941,0.0018820114402303134,0.0029953135630563523,0.0045064461781884205,0.0057379090801317565,0.0070854786237299905,0.009000596055113089,0.010542195967466365,0.0172221797395921,0.05350605183252281
SPY,nonopening_5_plus,realizedMovement60AtrRatio,25941,0.15124869976849878,0.2231272065936838,0.31876046731834146,0.39123963413919527,0.47000223974327865,0.5872407654111885,0.7039718920690072,1.0086795181487018,2.166351945051275
SPY,nonopening_5_plus,sessionDrawdownPct,25941,0.0027827077718617452,0.005850411630758508,0.010323444283646899,0.013821657586423008,0.01797376723353476,0.023572774902562193,0.027484523297698207,0.03772403499060315,0.065478684902282
SPY,nonopening_5_plus,sessionDrawdownAtrRatio,25941,0.22511340377562009,0.4587305992527493,0.7641214191343015,0.9819001905360262,1.2029314594399239,1.4666183225674203,1.6841854767971554,2.3981006341796802,4.513188502408043
SPY,nonopening_5_plus,pathLength60,25941,0.003190471469428857,0.0050219755526837995,0.0076085891952736295,0.009788428745054367,0.011943691592734229,0.014879613526092328,0.01770842610890767,0.030267416844489824,0.09489002428550908
SPY,nonopening_5_plus,openToCurrentPct,25941,0.0003355141754739499,0.0037188228002309476,0.007231384207460501,0.009789489180038302,0.012602443336435898,0.016364239487414743,0.019197361990482244,0.03706274514246533,0.09788424124513617
SPY,index_1,shockPct,1241,0.0027699724334473205,0.004187327823691535,0.005801036781041774,0.0070635721493441635,0.008393055608783955,0.009850979235522554,0.01143200678829601,0.014929218902760276,0.017448929961089522
SPY,index_1,shockAtrRatio,1241,0.22524362255361868,0.2978835474759777,0.38784779490088117,0.4493615547770483,0.514199493641218,0.5898914287926676,0.6473757342095153,0.8089534964493712,0.8374567114534263
SPY,index_1,downsideExcursionPct,1241,0.001178352439349526,0.002206546667593269,0.0036758181864274733,0.004656753407682823,0.006292215630377247,0.0075432338567793834,0.008583535739196195,0.010754163318423274,0.015106604795682632
SPY,index_1,downsideExcursionAtrRatio,1241,0.09860945852306673,0.17737842656388184,0.2572713776503136,0.32320735414229074,0.39603423392204384,0.4978529031718728,0.5371522384979088,0.7616630309632362,0.8150733496215306
SPY,index_1,realizedMovement60Pct,0,,,,,,,,,
SPY,index_1,realizedMovement60AtrRatio,0,,,,,,,,,
SPY,index_1,sessionDrawdownPct,1241,0.0011130798665435525,0.002266745207399872,0.0038349372995042223,0.004852536798404085,0.006534136841331557,0.007564846948272977,0.009631504557501886,0.011020439772941381,0.012004133873916923
SPY,index_1,sessionDrawdownAtrRatio,1241,0.09225800207646502,0.17501516734403572,0.26670554253637957,0.33424264618124266,0.39421153504274714,0.5146779627788904,0.5397449267618356,0.6424115649404528,0.818652579533328
SPY,index_1,pathLength60,0,,,,,,,,,
SPY,index_1,openToCurrentPct,1241,0.000027540622417943084,0.001233097339194078,0.0025293808522834915,0.0034783085013145865,0.004510624422585874,0.005839962794641791,0.006745975278168439,0.007877204189928627,0.008410343709468249
SPY,index_2,shockPct,1241,0.002455402816272717,0.0036767825324547088,0.005114954650917523,0.006183218527960006,0.007181243163551581,0.008382758867864201,0.009184038831975697,0.013069039151254755,0.028830355574385392
SPY,index_2,shockAtrRatio,1241,0.19459822546842492,0.2634190172354913,0.3550623853392919,0.41296978000537105,0.469465084161166,0.5670047739152642,0.6123372656034719,0.813294923030489,1.1672828537336846
SPY,index_2,downsideExcursionPct,1241,0.0010529456153590066,0.001956947162426667,0.003204233472102519,0.004083110113660952,0.0048733145883869755,0.005618188524144021,0.006396740604061002,0.008477794364926615,0.009395504568106242
SPY,index_2,downsideExcursionAtrRatio,1241,0.08493653994482592,0.15008046312771364,0.23342737909301173,0.29418011421042,0.3600953868142165,0.4494401405078573,0.5244973517894719,0.5985188412896013,0.6225647324983214
SPY,index_2,realizedMovement60Pct,0,,,,,,,,,
SPY,index_2,realizedMovement60AtrRatio,0,,,,,,,,,
SPY,index_2,sessionDrawdownPct,1241,0.0013843015348746677,0.0029102247628946458,0.0052402862985685365,0.006446342632878115,0.007890282041718074,0.009557252526618088,0.010671445010242725,0.012838979123040556,0.01313451684192625
SPY,index_2,sessionDrawdownAtrRatio,1241,0.11049902632616077,0.22501618559087566,0.36041463456320305,0.43609779195134196,0.5299973800152727,0.6689660294303078,0.737016723327096,0.9665621129404075,0.9801438042539974
SPY,index_2,pathLength60,0,,,,,,,,,
SPY,index_2,openToCurrentPct,1241,0.0002349674249706446,0.0017313288069835675,0.003488133506600155,0.004985946474398206,0.006093753364484034,0.008040496982888069,0.009827226419650035,0.01261712222088223,0.01328727079457881
SPY,index_3,shockPct,1241,0.002519907267412559,0.003844443863273715,0.0056033893672270884,0.006785889269965659,0.007966835730331868,0.010168080718478174,0.011661974727494894,0.01701087399427622,0.04854848796626912
SPY,index_3,shockAtrRatio,1241,0.2031338275509354,0.2819702843134753,0.3787434286511352,0.45219521145367203,0.5317737586442823,0.6144903110187059,0.6914342193850855,1.1851006466586438,1.965630199444051
SPY,index_3,downsideExcursionPct,1241,0.0010725979451281635,0.0022075327635031027,0.0036257058756648235,0.004739814441306926,0.006278264216299465,0.0074990119751958614,0.00838705443521712,0.009877974318413717,0.013284233496999465
SPY,index_3,downsideExcursionAtrRatio,1241,0.09014092483041901,0.173748154845674,0.27575700834435735,0.33840271370698116,0.41604367715383583,0.4973847294667313,0.5467880406510599,0.6807634616073687,0.6907453253236714
SPY,index_3,realizedMovement60Pct,0,,,,,,,,,
SPY,index_3,realizedMovement60AtrRatio,0,,,,,,,,,
SPY,index_3,sessionDrawdownPct,1241,0.0018088109527664763,0.0036156901924403097,0.006252223860112793,0.008176218616139853,0.01011421895162704,0.012028088477083714,0.013542051284964343,0.01626754274168055,0.02201128936423055
SPY,index_3,sessionDrawdownAtrRatio,1241,0.14697652820592877,0.28704550642506343,0.438339839388266,0.5853119209291763,0.683259286745295,0.8805683229747243,0.9659613781839916,1.0723195914585821,1.3304003820591752
SPY,index_3,pathLength60,0,,,,,,,,,
SPY,index_3,openToCurrentPct,1241,0.00009097663416790525,0.001987942695390821,0.004125647777013741,0.005641873278236842,0.0076075651939446765,0.009803245901881877,0.011646739102467314,0.01309516946244688,0.050266767513645005
SPY,index_4,shockPct,1241,0.0022294660091678915,0.0032800482581813724,0.0046761961949671384,0.0056981479254329045,0.006947777671114617,0.008606622181578006,0.010162033656849605,0.019146329715384956,0.05002140994199839
SPY,index_4,shockAtrRatio,1241,0.1775291246048589,0.2383869024373176,0.33032162014509653,0.38544331917432595,0.43648132873003814,0.5154978379956068,0.6042630622392965,1.0394491839045803,2.025265834624488
SPY,index_4,downsideExcursionPct,1241,0.0009060796458862701,0.0016924995546054866,0.0028966053198629174,0.003942809351228679,0.005002942907592562,0.006103337412281846,0.007938930009598416,0.01269907314293891,0.03174510490871569
SPY,index_4,downsideExcursionAtrRatio,1241,0.07174593077549686,0.1383197253446412,0.21491224360300792,0.27908473470282313,0.33039455510994037,0.4255856855813426,0.5215430220694557,0.8395400412417373,1.2852951658648004
SPY,index_4,realizedMovement60Pct,1241,0.0029230842557460435,0.004522521120806779,0.006341006718751147,0.0077463785136242195,0.009014733417225503,0.010681353560428663,0.011783099285287197,0.013445222714627718,0.05448241817901385
SPY,index_4,realizedMovement60AtrRatio,1241,0.24047391557454142,0.3329494022156017,0.438210265291581,0.5242670382799912,0.6066906370807091,0.6966392784654019,0.77806272547897,1.1735371417953684,2.2058830459522354
SPY,index_4,sessionDrawdownPct,1241,0.0018857502047658224,0.003940604400170284,0.006818122674161409,0.009331506740524527,0.011309606241056126,0.013741082657678863,0.015331162754185716,0.021474678705203972,0.047747386126880294
SPY,index_4,sessionDrawdownAtrRatio,1241,0.15478338178239978,0.31054100866089845,0.4949222843163956,0.6361634030500023,0.7679803574885378,0.9196464768992293,0.9839618511869296,1.3057331199431312,1.933195204363938
SPY,index_4,pathLength60,1241,0.004934794470077719,0.007758126263343268,0.010886322319374475,0.012942602379488188,0.015279045251187728,0.018154223793073545,0.019791230169608227,0.025113583797413803,0.10216228601229227
SPY,index_4,openToCurrentPct,1241,0.0002177768098807764,0.00244918570887509,0.00465657741559955,0.006434650245623841,0.008173377480376942,0.010507134786565325,0.011153941924369757,0.015902553854894738,0.018397759561724403
SPY,index_5,shockPct,1241,0.0021071643588199537,0.0031857685348013354,0.004559456905196436,0.005453229509833289,0.00648485066829993,0.007919241779866193,0.00869432962530427,0.02104679317382067,0.02460908488729198
SPY,index_5,shockAtrRatio,1241,0.17025844468702037,0.23338628837710254,0.31614965217058116,0.37537886159624556,0.43145798616607695,0.547008390811422,0.6639213795870617,0.9745842253725732,1.153390607641876
SPY,index_5,downsideExcursionPct,1241,0.0009392911227404472,0.001789542991238092,0.0028873917228103736,0.0037492727703677137,0.004753632836472884,0.006012613880593653,0.00683642864646563,0.008706769596946762,0.017237010415709485
SPY,index_5,downsideExcursionAtrRatio,1241,0.07676166022331238,0.13422428477733173,0.20810121541617527,0.27253618865772217,0.34365335292405524,0.45603681096724347,0.49882312159187125,0.6698740455230141,0.764629709964484
SPY,index_5,realizedMovement60Pct,1241,0.0028009838076348166,0.004263105399589266,0.005976931416361673,0.0072444198498668455,0.008481350916259327,0.010118060379540226,0.010711198709454956,0.01376453603408969,0.05350605183252281
SPY,index_5,realizedMovement60AtrRatio,1241,0.22001222058450653,0.31013250215703314,0.4178866507317219,0.4973242138122185,0.5733120349612413,0.6547796267214968,0.7107759058932377,1.1530610583872245,2.166351945051275
SPY,index_5,sessionDrawdownPct,1241,0.0021125452688271155,0.004323728508955818,0.007149287719112549,0.00957539943094769,0.011885786742433149,0.014993885576120107,0.01725073616872191,0.025377663806864226,0.04430682187434286
SPY,index_5,sessionDrawdownAtrRatio,1241,0.17261185864381126,0.332327011241047,0.5313164994653111,0.6879493748523313,0.8250176148799347,1.0611811397567903,1.192356190471669,1.66836372375792,1.7938937084530049
SPY,index_5,pathLength60,1241,0.004636027220282002,0.007031998035265774,0.010357049792507289,0.012330593991020766,0.01439863987767731,0.01699669541995804,0.018836636016240478,0.021978281319222026,0.09489002428550908
SPY,index_5,openToCurrentPct,1241,0.00024155075585263752,0.002525824574121094,0.005081300813008172,0.007051203715018994,0.00872741536123156,0.011753405859852902,0.012432355268069802,0.01739654896009021,0.022077311474069328
SPY,index_6,shockPct,1241,0.0019380500061972835,0.0029087794938427096,0.003983640516279811,0.005130139569973647,0.006509041950387953,0.008393711544277687,0.009938236645624259,0.015427979453902313,0.022680453609072133
SPY,index_6,shockAtrRatio,1241,0.157262577810417,0.21181690651798474,0.28903540089028246,0.3403425391244144,0.426403763139555,0.5599912624950649,0.6075046326322648,0.9727088522973724,1.1237641328898629
SPY,index_6,downsideExcursionPct,1241,0.0008869694339583388,0.0016285154891950494,0.0026754823045763796,0.003547980200283818,0.004672064730795907,0.0064275551177564545,0.008011863703515917,0.009661756487330486,0.01264033101725352
SPY,index_6,downsideExcursionAtrRatio,1241,0.0703490167975026,0.13191094612506105,0.2050654420691511,0.25574997039234276,0.29181676284063707,0.40648992353928737,0.5197762595116763,0.9296343661306924,1.016689474529385
SPY,index_6,realizedMovement60Pct,1241,0.002542505067087268,0.003945691050335083,0.0058261021898379246,0.0073300802273301305,0.008172639136200836,0.009680888307336566,0.010589080359479018,0.014295275230858148,0.049049382485278764
SPY,index_6,realizedMovement60AtrRatio,1241,0.20453740116247437,0.29392808783581725,0.40306747415366395,0.4822235401509855,0.5548868442394502,0.6726708168455016,0.7191087421338793,1.175856936575547,1.9859104066048883
SPY,index_6,sessionDrawdownPct,1241,0.002222874638258613,0.004776915412631794,0.007671984214574706,0.010547905068854387,0.013334323357161077,0.016129689708284944,0.019051863540544837,0.023440737483920487,0.03299118833266421
SPY,index_6,sessionDrawdownAtrRatio,1241,0.18015670010159582,0.36770268022226676,0.5902070189180668,0.7368058523724063,0.9006310605686818,1.0928389592697898,1.2466808382188779,1.4691221452742906,1.8564902669799153
SPY,index_6,pathLength60,1241,0.004285522702110356,0.006576399476505679,0.01013054080627207,0.012242573504093412,0.01434786291029544,0.015586486205685614,0.017495173422693907,0.023234635316936706,0.08229162634708342
SPY,index_6,openToCurrentPct,1241,0.0002499811192506751,0.0027075967922738364,0.005432059699918224,0.007452624353411208,0.009519736038127835,0.01222500927792474,0.013364676537426144,0.016354677392161468,0.034178948874670434
SPY,index_7,shockPct,1241,0.001884890767962164,0.0027760018843163924,0.004026028437508242,0.005168294203199691,0.006101739880175957,0.008046367360181082,0.010182724356382233,0.017773523595025476,0.029056551560554224
SPY,index_7,shockAtrRatio,1241,0.14984004977809473,0.2038450364762885,0.28508233797496635,0.33772079834960084,0.3980251090488163,0.493344114038308,0.6726174771064458,1.2754138356264377,1.7002216160660548
SPY,index_7,downsideExcursionPct,1241,0.0007764523187688659,0.0015346799536358566,0.0025590087208323207,0.0032891056765042117,0.004114619434571766,0.005370724933508742,0.00596769063514031,0.010318119148303703,0.021426735980708093
SPY,index_7,downsideExcursionAtrRatio,1241,0.06378531203570495,0.11871605991726078,0.18204876651476082,0.24143025785305777,0.3033607809800367,0.37259191998344426,0.4334154677730924,0.8604273500266384,1.2006645300504326
SPY,index_7,realizedMovement60Pct,1241,0.002350858004008116,0.003586491330138203,0.005315170664685405,0.006522916047802559,0.0075303444552060035,0.009246552088734565,0.010063148993748567,0.013998794946358136,0.037839368455675405
SPY,index_7,realizedMovement60AtrRatio,1241,0.18722416133282424,0.27223705242437346,0.36171142088121844,0.42672254659115416,0.4957592435916217,0.6270669106458253,0.7056638653486823,0.9540296262800259,1.5320395851677857
SPY,index_7,sessionDrawdownPct,1241,0.002254689754689755,0.005042792712809259,0.008157362554672422,0.01042823478425749,0.013508525872887008,0.015821391886354896,0.01952426915856654,0.0256282861185478,0.0512835216086549
SPY,index_7,sessionDrawdownAtrRatio,1241,0.18759484887434838,0.38763360735060415,0.6168123708580835,0.7535197408515297,0.9345742348153362,1.197130147154675,1.3114702100718565,1.543274864971359,2.076366186272398
SPY,index_7,pathLength60,1241,0.003885474867902805,0.006104552191185331,0.0090026094593747,0.010953673131733788,0.01264722853953415,0.014954745818145751,0.016625929771375423,0.02493844842658338,0.06471345109573667
SPY,index_7,openToCurrentPct,1241,0.00027473735109229125,0.002968714318337451,0.005755344248230321,0.007975869369761357,0.010503040353786686,0.013320101903859937,0.014970258138421925,0.018000357304833646,0.0222362222763135
SPY,index_8,shockPct,1241,0.0016981655191534903,0.0025600390101182774,0.0037299838401645175,0.004855213699011689,0.005427408412482943,0.006663784954113652,0.008934993167239606,0.015256810634307193,0.017536487660027585
SPY,index_8,shockAtrRatio,1241,0.136782133466952,0.1900484017173768,0.26604614637501167,0.3122166960937822,0.36444038962788733,0.44641454502827055,0.6432753969536922,0.8837793293208139,1.2962650317303643
SPY,index_8,downsideExcursionPct,1241,0.0007161558643894799,0.0013757910798708121,0.0023510357618661405,0.0030968776186832254,0.004005501532225044,0.005213456115265323,0.006962087211098844,0.008934676383266985,0.009165728851707714
SPY,index_8,downsideExcursionAtrRatio,1241,0.05660858139723903,0.107226449835074,0.1762985653672436,0.2192049796698009,0.26591396654700283,0.33548964044501733,0.40949181919128924,0.8441247298921999,1.2145940523483256
SPY,index_8,realizedMovement60Pct,1241,0.0022284954312067054,0.0034136459812400682,0.004947881679215948,0.006121924639362436,0.0072525830190096644,0.008974111384919268,0.010041594749193323,0.01402110943937716,0.02320141430574402
SPY,index_8,realizedMovement60AtrRatio,1241,0.17751812071530376,0.2505245076184473,0.3420592061564487,0.42126060379957875,0.48386634321177335,0.5931455209739511,0.6759037549740212,0.996088800355865,1.3465848639726623
SPY,index_8,sessionDrawdownPct,1241,0.0024130786335152215,0.005247153277010989,0.008269996986640864,0.011342822546766518,0.01383908918406071,0.018032094290533294,0.020809365345549502,0.025816550665159334,0.05623411128313925
SPY,index_8,sessionDrawdownAtrRatio,1241,0.19881997435825116,0.4023061713207205,0.616829161473401,0.7866048353588853,0.9059277827320661,1.2096163577113646,1.3917966251766771,2.225493684507305,2.3880955060292828
SPY,index_8,pathLength60,1241,0.0037362648763663575,0.005762771610847817,0.008322180296363224,0.010360655998125301,0.011844532303614486,0.014995110203751253,0.01675805686025416,0.02400400328130434,0.039587921412272076
SPY,index_8,openToCurrentPct,1241,0.0003310216984722114,0.0030348358887322124,0.006021035516488027,0.007959273286129775,0.009803519061583499,0.013634437807560693,0.015554854221539757,0.019965617548842584,0.031714895262095366
SPY,index_9,shockPct,1241,0.0016979365201775973,0.002624769284186985,0.0036760936744826243,0.004744862603753269,0.00566504569016195,0.007489848468673809,0.010371218155467765,0.015200162303107731,0.020759493670886076
SPY,index_9,shockAtrRatio,1241,0.13754944915284306,0.19169297811281105,0.26247531379546146,0.31412830740600783,0.38955288777548847,0.4552132742624628,0.5566274793549996,0.8252178949457515,1.0258893969109906
SPY,index_9,downsideExcursionPct,1241,0.0007386888273314446,0.001359943482868413,0.0023652325328302917,0.0031033865718970042,0.004061347726179613,0.00511961451416084,0.006519672545347969,0.010856282217118091,0.011970463914835923
SPY,index_9,downsideExcursionAtrRatio,1241,0.06049677220686513,0.10492922079368727,0.17132566358854465,0.21594544233054414,0.2933217600462204,0.38757648132665085,0.4614080334297278,0.6201064671593567,0.6684608796658391
SPY,index_9,realizedMovement60Pct,1241,0.002094026570093649,0.0032231206524417425,0.004704777736682134,0.005767042967849924,0.00695475395399403,0.008821364917118216,0.010327260888928791,0.014918286258885638,0.030172907208347824
SPY,index_9,realizedMovement60AtrRatio,1241,0.1709572532143201,0.23636529716149673,0.32435913391236976,0.407011166174535,0.459942786854781,0.5603625097340854,0.6655411907449554,1.17964583045653,1.3529231978739409
SPY,index_9,sessionDrawdownPct,1241,0.0024212494606127223,0.0053086803397555705,0.008652039778700783,0.011115602263540742,0.014408728302613574,0.019322849785345004,0.02162829725499642,0.027258272428085536,0.037712407056979494
SPY,index_9,sessionDrawdownAtrRatio,1241,0.19995147676497416,0.41631103528850805,0.6441449991587052,0.8158128499121536,0.9928178913182174,1.2789752773981102,1.4439464754707858,1.8508057392773172,2.2594578679981887
SPY,index_9,pathLength60,1241,0.003543909716708593,0.005444965123731715,0.007943007273807035,0.009662207362375441,0.011936945840382629,0.014650434734696688,0.017249261598097376,0.027033516002286793,0.05560015852073108
SPY,index_9,openToCurrentPct,1241,0.00031090936547828463,0.0032000339076441175,0.006222504725423406,0.008297455968688805,0.010748880851817244,0.013653479117920935,0.015753944857546408,0.027526333507864056,0.03936083389413092
SPY,index_10,shockPct,1241,0.0015772870662461393,0.002332170880557962,0.00344568512137616,0.004568645640074143,0.005362481859729293,0.007202499105449169,0.00850172445654644,0.01123659385907103,0.01771737715889861
SPY,index_10,shockAtrRatio,1241,0.12524662702360465,0.17689159458000855,0.24222272952906912,0.28837025684774154,0.3472235936988415,0.4510396599393957,0.5284171040866014,0.7670309102760346,1.2671609022735852
SPY,index_10,downsideExcursionPct,1241,0.0006315523556902866,0.0012696123763696282,0.002182427842576119,0.0030299525847114657,0.004126213592233002,0.005434947982530952,0.007197693332905173,0.00783953045004877,0.008073988838367354
SPY,index_10,downsideExcursionAtrRatio,1241,0.051871320457759044,0.10035426628658348,0.1632182033335321,0.2143974143262316,0.2622302877205277,0.3480948452490776,0.42181961360059705,0.5774104927450368,0.717262173192519
SPY,index_10,realizedMovement60Pct,1241,0.0019675504157378424,0.0029917982578324593,0.004581835071328346,0.005548818640570148,0.006738884278655823,0.008199770196580183,0.009128199536485518,0.014875425093052456,0.028835080028915407
SPY,index_10,realizedMovement60AtrRatio,1241,0.16173609612999149,0.2298039206057686,0.317867497382817,0.3805180821030604,0.455048621623428,0.515357594768353,0.6520791964713253,1.1133194311186363,1.182684065701019
SPY,index_10,sessionDrawdownPct,1241,0.0024696010949556754,0.0054442420954741175,0.00887117168678703,0.011986055719737047,0.015638690997752364,0.02080951657827076,0.023002929103599128,0.029463751093825975,0.045243419920866945
SPY,index_10,sessionDrawdownAtrRatio,1241,0.19909858950304662,0.4150989805839093,0.6622438515067867,0.8726562730884516,1.0480234823281693,1.353254721195816,1.4715704045820428,2.198821783861946,2.5105087422201913
SPY,index_10,pathLength60,1241,0.003347471644616129,0.005113523462777492,0.007621257966324291,0.009466792287074699,0.011818301088458605,0.013997232055058298,0.015500190391034127,0.02536076952049767,0.051586077762395766
SPY,index_10,openToCurrentPct,1241,0.00040099383570257885,0.0032919123841617104,0.006347416474183021,0.008591411783501535,0.01122145246687567,0.013890737848957984,0.017038537961145357,0.02158358837442582,0.03910310562563546
SPY,index_11,shockPct,1241,0.0015516257843696676,0.0023390885990521464,0.0034625239491239816,0.004380408119254926,0.00584781697031823,0.007941511197756296,0.009966212207269386,0.020348865059945674,0.022840209148895396
SPY,index_11,shockAtrRatio,1241,0.1258064070614031,0.1733581330959575,0.243349631877985,0.2875904620798702,0.3493595510064247,0.4427537305261588,0.5547793955552991,0.9141997226507661,1.0043952149841417
SPY,index_11,downsideExcursionPct,1241,0.0006779837805418417,0.0013316462440063088,0.0022874026066858383,0.003024356458501679,0.003622961195936675,0.004812231377798779,0.005990684710098976,0.009046663797798095,0.01023805351823583
SPY,index_11,downsideExcursionAtrRatio,1241,0.05682371432298584,0.10099449140657343,0.1605313365693119,0.2162988234975065,0.25178748455541244,0.30949847704184846,0.34407452808275574,0.5394606233044315,0.585594472719783
SPY,index_11,realizedMovement60Pct,1241,0.001874631819671447,0.002888804385152757,0.004301064507471258,0.0052324780867726815,0.006288070580642705,0.008381773284941085,0.009706681973906875,0.013293285030132804,0.022240723061918852
SPY,index_11,realizedMovement60AtrRatio,1241,0.1548399729801697,0.21801533301112538,0.29820398043481156,0.3673714048209614,0.4311645738855259,0.4976394637326298,0.5867204879490164,0.9334217511120811,1.1445061756214128
SPY,index_11,sessionDrawdownPct,1241,0.002613287293437092,0.00549543660880718,0.009352731591449004,0.012148879908197387,0.016552815129071675,0.021397152586944322,0.024409146214957694,0.03197880344756765,0.049620582219928475
SPY,index_11,sessionDrawdownAtrRatio,1241,0.20382718256475632,0.43780503815998717,0.6948896009680869,0.8834640609637576,1.0507754643488114,1.3148506272305596,1.5545188388769833,2.291645812624509,2.4897607360861356
SPY,index_11,pathLength60,1241,0.0031293805699686983,0.0048952903272503345,0.007191262391178732,0.009400312421869561,0.011335836633716734,0.01452263294543898,0.01556788621587295,0.02177179154843312,0.03725425429021134
SPY,index_11,openToCurrentPct,1241,0.00024872749238280534,0.00339815502836327,0.006486927296990075,0.008657121635120335,0.011293649624281699,0.01520707266646365,0.016117638767951078,0.02166740171678026,0.0364399135178477
SPY,index_12,shockPct,1241,0.0014891276757762846,0.0022651158989403517,0.0032929733015855784,0.004212426658643099,0.004978566632369846,0.006477996209963791,0.00805345317422556,0.019339688592471337,0.02511123733787753
SPY,index_12,shockAtrRatio,1241,0.11803234260324097,0.16932305975302275,0.23327598599508678,0.2789101426636926,0.3449069619503026,0.4297667669272177,0.49132707819719185,0.8225582632295831,1.5240936260951465
SPY,index_12,downsideExcursionPct,1241,0.0006434921992355243,0.0012439461288396472,0.002129297075423253,0.002829663490689407,0.0038223774243782847,0.0046391655516896495,0.005943703092167167,0.008822923012206184,0.013471502590673545
SPY,index_12,downsideExcursionAtrRatio,1241,0.05192470056836653,0.09378339334062877,0.15639063128480907,0.2012005311376027,0.24444721392109123,0.3412931487838407,0.3963796478972703,0.5805142148028557,0.7396759288795948
SPY,index_12,realizedMovement60Pct,1241,0.0018445776115069631,0.0028331860938857647,0.00408653353613362,0.005147026197335804,0.006080201082810927,0.007984345130405647,0.009111864673382816,0.012923724545598966,0.022130494425810648
SPY,index_12,realizedMovement60AtrRatio,1241,0.15015250166785318,0.21053599774710616,0.28904054639857474,0.35082730236198323,0.4056797372165724,0.4607977639088472,0.5558425124496488,0.6631969053758677,0.8960190109777497
SPY,index_12,sessionDrawdownPct,1241,0.002692582775884498,0.0056725265739984345,0.009461908145456992,0.01236093943139668,0.016233536569271758,0.023823043092925385,0.025536870522155974,0.03843104054814175,0.04512873444578236
SPY,index_12,sessionDrawdownAtrRatio,1241,0.21330559114215153,0.4370746779462938,0.7159445659388699,0.8822927551921049,1.085057250106541,1.3558499481404969,1.5442796692525345,2.409068608429396,2.5686031593955287
SPY,index_12,pathLength60,1241,0.003117156870771187,0.004684256022102318,0.006857435796576716,0.008528135909581236,0.01057047884640372,0.01346906699759739,0.014508392318921148,0.022273289677158914,0.03676243024892689
SPY,index_12,openToCurrentPct,1241,0.0002615336332252305,0.0035590913849052885,0.006504846996886915,0.008637908679959283,0.011513008793400337,0.014756983288337154,0.01744139353325571,0.02367611952324592,0.03469308858693321
SPY,index_13,shockPct,1241,0.0014550745725718994,0.002184786654282676,0.003192630780101084,0.004162971721351852,0.00557957537257541,0.007875808397324479,0.011238037831868752,0.016628510207394604,0.023782479057219964
SPY,index_13,shockAtrRatio,1241,0.11646416606298855,0.16526332932774407,0.22632707944954866,0.2733347631924583,0.33860219009813386,0.4756342399255725,0.5621046189131929,1.2621612351011096,1.4434463844271057
SPY,index_13,downsideExcursionPct,1241,0.0006515676718183951,0.0011974852809101342,0.0020905012847873272,0.002820068895353896,0.0036199480430986757,0.00537958500657412,0.006179043309178842,0.011849444695492616,0.01616403675331197
SPY,index_13,downsideExcursionAtrRatio,1241,0.051184694035946186,0.0954942499115296,0.14949680094811119,0.20199727807745124,0.26190612116336137,0.3457259460491935,0.43510499726505697,0.9393707449083202,1.2884330696159836
SPY,index_13,realizedMovement60Pct,1241,0.0017804787724203502,0.0026657097061618396,0.0038531767216327165,0.004880922965873294,0.006048813928171227,0.00787767090049299,0.009089512571754757,0.012886872847136374,0.016298456370111163
SPY,index_13,realizedMovement60AtrRatio,1241,0.14400684137407072,0.20484055651157396,0.27368982862791025,0.32773919915955707,0.38427289881906845,0.48014115466278395,0.5408707496594183,0.5963127528133543,0.6599894634126064
SPY,index_13,sessionDrawdownPct,1241,0.002750517844408986,0.005721582398153478,0.00989262241271336,0.012514351320321443,0.01654253510929033,0.024006942741591722,0.028070990129894256,0.03538665662681399,0.04839727048569287
SPY,index_13,sessionDrawdownAtrRatio,1241,0.22464841596959503,0.44664972280781157,0.7213640169287651,0.9242514459567327,1.0948322318249446,1.348351704902694,1.5001495219200105,2.630263434311722,2.8817210656165875
SPY,index_13,pathLength60,1241,0.002983677741248081,0.004435780056326277,0.006528841179896827,0.008330396615768398,0.01037009042540904,0.012780956818666575,0.01453180332785433,0.021288085383409906,0.030679919975119097
SPY,index_13,openToCurrentPct,1241,0.0003774553470323738,0.0036610999468735805,0.006848145365120795,0.0095138002820494,0.01229244179167277,0.015512637056570569,0.017448412727515475,0.02123539542702112,0.03944674331696296
SPY,index_14,shockPct,1231,0.0014477689509244348,0.0021785940210334903,0.003263950398582768,0.004019007752166629,0.0047832955630158465,0.006490872921778945,0.009131157498432671,0.01872790408895577,0.023393676197911547
SPY,index_14,shockAtrRatio,1231,0.1135025439872805,0.1614742024277117,0.22807482985594404,0.2868893745714625,0.34235776764098846,0.43208122470496596,0.5340244555752642,1.1241720671953848,1.6271701607825657
SPY,index_14,downsideExcursionPct,1231,0.0006332782345489966,0.0012596476740451001,0.002110193859567816,0.002887855324244651,0.003724874873259007,0.00442669967688767,0.004855876391411306,0.009977724373062456,0.0117263482768171
SPY,index_14,downsideExcursionAtrRatio,1231,0.04970351484698396,0.09522150524690763,0.1585735095608214,0.20286243378308702,0.2433169932197733,0.32985904589107007,0.38472807131991354,0.7996192095913053,0.9817442065729355
SPY,index_14,realizedMovement60Pct,1231,0.0017185190961943886,0.002596151093463184,0.003852961139091699,0.004878810424563019,0.006023940810071705,0.007533290409308656,0.008851987801926366,0.012306442601536202,0.015631448679340795
SPY,index_14,realizedMovement60AtrRatio,1231,0.13939279403568855,0.20032342199841024,0.2704771498398949,0.32771473440643173,0.3827137398189994,0.4689400112107546,0.538592530752372,0.571929278262071,0.6678317386662722
SPY,index_14,sessionDrawdownPct,1231,0.002807922895955108,0.006038571503684551,0.009992207335160059,0.013183598832149094,0.017250234379294814,0.024142586576872932,0.026159609388563435,0.03508204136416526,0.05254506183458523
SPY,index_14,sessionDrawdownAtrRatio,1231,0.23037746709206486,0.45157709996428186,0.7431860719852136,0.9520179622589484,1.1172288137048818,1.4134097247324702,1.591219263012028,2.523892725448155,3.076929309679791
SPY,index_14,pathLength60,1231,0.0028521947677782045,0.004381329743380569,0.006472463215213553,0.008287726850858712,0.01064519853308013,0.012161685566782094,0.01385134263973268,0.018386135879662605,0.028453218409826175
SPY,index_14,openToCurrentPct,1231,0.0002658047242429795,0.0038496382858849154,0.007127509040406599,0.009616111088597945,0.012391110299704466,0.015297753562068063,0.016861811005510607,0.021930313849150392,0.03933219741985372
SPY,index_15,shockPct,1231,0.0015522976469138732,0.002299439328424557,0.003341135271310912,0.004583064340182421,0.005467384625423078,0.00700434800936984,0.00891430759465051,0.01930501826889913,0.02154840695705719
SPY,index_15,shockAtrRatio,1231,0.12160483429644535,0.17364264405983498,0.2325128898967051,0.2804050559912193,0.3534093397962503,0.4550732811193768,0.5044591507024755,0.831719705218798,1.2140096994988396
SPY,index_15,downsideExcursionPct,1231,0.0006303183107469051,0.0013007811935801905,0.0021205693227855185,0.002931321338695058,0.003991599546114284,0.005126080344707099,0.005665551442065676,0.01094021855585169,0.019493838251996
SPY,index_15,downsideExcursionAtrRatio,1231,0.0532332851062686,0.09860023825479389,0.16293811924553994,0.21503639396425067,0.27530858938172087,0.3378501199394275,0.39011091992082714,0.5822001913447595,1.176167779632405
SPY,index_15,realizedMovement60Pct,1231,0.0017262857688347226,0.0025860543104645082,0.003928955642980792,0.004885338434683971,0.006084625974174508,0.007641709611037547,0.008324762600858007,0.013398868447002516,0.017949172153565774
SPY,index_15,realizedMovement60AtrRatio,1231,0.13499347983965987,0.19918173823003466,0.2725733227520706,0.33633656984341903,0.3806360527724094,0.5065385805146411,0.5489911183906685,0.6391512378751144,0.6870493217761657
SPY,index_15,sessionDrawdownPct,1231,0.002918744827894717,0.005871409219734459,0.010000313981600685,0.013701483649250248,0.017938526524756672,0.023472679310634386,0.026461255462344044,0.038371854061858585,0.041401456505533514
SPY,index_15,sessionDrawdownAtrRatio,1231,0.23213876059045196,0.4541821124877728,0.7598413264193775,0.987573089420603,1.1278993259749646,1.4532459287376485,1.6002009714328578,2.247963071976671,3.2802597697934956
SPY,index_15,pathLength60,1231,0.00289369104443693,0.004363197728910195,0.00636186355218793,0.008192027639557176,0.010393102265413817,0.013258036823116902,0.014048004871903831,0.023300983425849464,0.03385096375553276
SPY,index_15,openToCurrentPct,1231,0.0002961156195859793,0.0038163259885098944,0.007164744179463556,0.00943653752771334,0.012416850932918388,0.016274028545137133,0.019271787457278793,0.02454716716055678,0.04042038344239063
SPY,index_16,shockPct,1231,0.0014441572311014925,0.002295076925873968,0.0032234609791565293,0.0040667982454812585,0.00515564830939963,0.007930862665765046,0.010549088697400805,0.013024917969395125,0.0713361597101968
SPY,index_16,shockAtrRatio,1231,0.11668474943287745,0.16531747583566028,0.23195535171231818,0.28864009093260384,0.3556444744199007,0.4448036815381677,0.5856860920870075,0.7948151951271107,2.2048650995953114
SPY,index_16,downsideExcursionPct,1231,0.000643915003219575,0.0012669911490254984,0.00221863654699484,0.0029651581753487866,0.003809793656575017,0.00543769488363366,0.0065393730198484885,0.009609877440564109,0.010501972876218364
SPY,index_16,downsideExcursionAtrRatio,1231,0.05214468356659928,0.0967011962757216,0.16687666136262294,0.22014354561824712,0.2690923354199528,0.34866735423647727,0.4338768629881345,0.5628120068632558,0.584784361527612
SPY,index_16,realizedMovement60Pct,1231,0.001728160816963921,0.0026398679129116366,0.0039238005655920635,0.005131900084639188,0.006478511984178998,0.008090938396643443,0.00920026053304315,0.01758213005212971,0.04306515458458664
SPY,index_16,realizedMovement60AtrRatio,1231,0.13610672276334906,0.20344324485770415,0.2706021576130906,0.3391028579286742,0.41168882127291495,0.5319367066065025,0.6087666329443897,0.740129505208998,1.331062069194335
SPY,index_16,sessionDrawdownPct,1231,0.002959674435811957,0.00602925132776894,0.010658374596187629,0.014351420978234358,0.01790286172614064,0.02347425290061591,0.02641277199473363,0.03946344407847544,0.04291592060649935
SPY,index_16,sessionDrawdownAtrRatio,1231,0.2425692652249977,0.46790293454464604,0.7874554686597754,0.9967083777794398,1.199665686252386,1.4265958243503547,1.5991742843061616,2.0471720198522743,2.942067269808463
SPY,index_16,pathLength60,1231,0.0029069552215972294,0.004400805351564396,0.006570142060154827,0.00839874663106438,0.010405246796625883,0.012600278001496743,0.015168913862938047,0.032907832949645284,0.049190147633668024
SPY,index_16,openToCurrentPct,1231,0.0003766561793769885,0.003930515359525599,0.007051225076289747,0.009466029447061763,0.012167379180096194,0.016026749509495408,0.017848511003385012,0.043192372434629034,0.061851491569390404
SPY,index_17,shockPct,1231,0.0014425063210472878,0.002277170770641407,0.003333574896731636,0.004334631506830907,0.005446617281720189,0.007490604889019369,0.009123889612099879,0.017583943806526166,0.025860752729215883
SPY,index_17,shockAtrRatio,1231,0.11508855064691197,0.16383635873639465,0.2389324435688631,0.3042879234283086,0.3549360294552741,0.45448815795328545,0.5096249090525684,0.7912976154903439,1.0232522950073193
SPY,index_17,downsideExcursionPct,1231,0.0005820439443176802,0.0011762264996243274,0.0021026180158465425,0.002610021173370631,0.0034692062007640303,0.004633490903048677,0.0055288468651406315,0.008677408450131381,0.017736753050138047
SPY,index_17,downsideExcursionAtrRatio,1231,0.046894924519758435,0.09257837967252892,0.1486910510590084,0.2006655061278298,0.2577337544617483,0.33977502917450936,0.3860375050984033,0.5352558403807542,0.974331710638573
SPY,index_17,realizedMovement60Pct,1231,0.0017163800196879964,0.002700279924572015,0.003933470918751858,0.004954264296221898,0.006290828343452503,0.008396349192401144,0.010251324470667893,0.015332664002340637,0.04322333802042347
SPY,index_17,realizedMovement60AtrRatio,1231,0.13577736604068716,0.20416077323140874,0.27959721389580994,0.3487977693308813,0.4187900878489458,0.5283043382322499,0.601419188013775,0.8009055184608372,1.3359512185181506
SPY,index_17,sessionDrawdownPct,1231,0.0028933650197400297,0.006365682528048036,0.01077980627594515,0.014575817777550518,0.019015221026670286,0.02421444670308721,0.025729466052079437,0.032336406892268944,0.03548850212830259
SPY,index_17,sessionDrawdownAtrRatio,1231,0.24034644017356813,0.47628463186411973,0.8243112260048524,1.022862045936174,1.1801166091527624,1.4391365457808893,1.6934933169617783,2.2279554951710874,2.937917668581657
SPY,index_17,pathLength60,1231,0.0029001084272021194,0.004575518033348991,0.006558005487034224,0.008733938696169119,0.010458331089607364,0.013273264023846197,0.01673097851716067,0.02863029103650616,0.05194377334707845
SPY,index_17,openToCurrentPct,1231,0.0002505048051377745,0.004132671383113351,0.007613111566373787,0.00944222422389307,0.012979797913466373,0.01712756764979422,0.018367361866989694,0.043686849492151236,0.06594520103761359
SPY,index_18,shockPct,1231,0.0014011110564868816,0.0021389183929423723,0.0032258064516129574,0.004258492161134795,0.005266594364176057,0.007814971710751245,0.009607667372243453,0.017772383862204783,0.021883431952662714
SPY,index_18,shockAtrRatio,1231,0.10929875558165517,0.15489459199275074,0.22450109646661856,0.28513249191058326,0.35420311151870404,0.4921523828913629,0.554572810931232,0.8610718038149728,0.8860159505589303
SPY,index_18,downsideExcursionPct,1231,0.0005678978692471946,0.0011353995069475972,0.0020200333502635344,0.0028145526010146765,0.003704341019024677,0.004641620152189453,0.006094640827845056,0.010017067026307324,0.017228599605522647
SPY,index_18,downsideExcursionAtrRatio,1231,0.045755247807309905,0.08639969455609256,0.1422023217697727,0.19915085022038617,0.2410192323228463,0.3181291410088869,0.37128698990177783,0.6539118704311646,0.6975511925783187
SPY,index_18,realizedMovement60Pct,1231,0.0016818582857814558,0.0026204138865850704,0.003880013471029558,0.004899718325577635,0.006548563633709846,0.009296002341506493,0.010185335239205288,0.015229577895573655,0.046327021841372926
SPY,index_18,realizedMovement60AtrRatio,1231,0.13410034635017656,0.19796746425517142,0.27956020453108466,0.3458310581085398,0.4143498307282929,0.5430918126534808,0.6127693120825642,0.7859565533194207,1.4318801858860408
SPY,index_18,sessionDrawdownPct,1231,0.0029175228962123804,0.006189968849568309,0.010907373212521974,0.015102091203856506,0.019219063878571096,0.024118790910758293,0.026884101792760018,0.03329705348762007,0.03478227742009218
SPY,index_18,sessionDrawdownAtrRatio,1231,0.2371850187426426,0.4813676190859901,0.835907875353362,1.0336357838610162,1.1838088869694658,1.443075273783032,1.6510293707077863,2.294787400510892,2.979413680849745
SPY,index_18,pathLength60,1231,0.0028833007419284407,0.004433005581842453,0.0064716048620045985,0.008561733435285546,0.01107727126757363,0.014746235135658268,0.01776464005653597,0.028181644926064616,0.06606449988326335
SPY,index_18,openToCurrentPct,1231,0.0003121095841513988,0.004185851822877118,0.00787538984476277,0.010108651646799971,0.012604577431917896,0.016765931649898525,0.020022666287968425,0.04541037713479992,0.08396157587548636
SPY,index_19,shockPct,1231,0.0015609623672333587,0.002390572444230284,0.003773342087984172,0.005263016172679357,0.007069685540053807,0.00993180593974131,0.013680851683732074,0.01643135945730487,0.018031516404030012
SPY,index_19,shockAtrRatio,1231,0.1222780135230512,0.17396788123327211,0.27286760775920843,0.3746575999411611,0.4653113701577877,0.6279121147703276,0.8120943486519412,0.9379960484689565,1.1257054224881429
SPY,index_19,downsideExcursionPct,1231,0.000659717640849783,0.0013796351767566954,0.0024347904502107537,0.0034003979358424785,0.0045328497156336914,0.006089038427266552,0.008381182435184422,0.01419728577750163,0.01769568586928448
SPY,index_19,downsideExcursionAtrRatio,1231,0.05392222884595779,0.1053277338993789,0.18368296152402117,0.24423423625004953,0.31267664759885216,0.43853308427074894,0.5027581089735661,0.9081865350376978,1.109524851733708
SPY,index_19,realizedMovement60Pct,1231,0.0017442083156620077,0.0026634367909790036,0.004080814348885355,0.005034790502280556,0.006730390740998935,0.009951331767319955,0.011098230476627002,0.015931825101324532,0.04626981681822258
SPY,index_19,realizedMovement60AtrRatio,1231,0.1355827844961901,0.20418337849119628,0.2921114123542284,0.3681342973191376,0.4347964321416462,0.575364879582512,0.6650481567814508,1.0027795096692544,1.4301120873567936
SPY,index_19,sessionDrawdownPct,1231,0.00317180103980754,0.006713709818059797,0.011439366112189783,0.015191227084993392,0.02021651985377516,0.024398419178443688,0.027349895988112907,0.035372844225649264,0.04110632786010903
SPY,index_19,sessionDrawdownAtrRatio,1231,0.2546824171828582,0.5190900462823862,0.8462072657952872,1.0506774502806575,1.299523027507913,1.4499191471689035,1.6337021436704184,2.317319915915169,2.9939372851435913
SPY,index_19,pathLength60,1231,0.002936558919379273,0.004520452614139581,0.006562995625111201,0.008469871561597675,0.010884633673525795,0.015350774295634188,0.017915790982131863,0.024930844947008816,0.06437925615516271
SPY,index_19,openToCurrentPct,1231,0.0003740620943075701,0.004203316848270244,0.007911833871417917,0.01018141997175992,0.012580518593122536,0.01679007047251282,0.02024356841085306,0.04317371535806252,0.08317140888456542
SPY,index_20,shockPct,1231,0.001415061435589751,0.0022280817946506376,0.003466497149327455,0.004320721143485638,0.005797348218345857,0.007514672822332586,0.009031015757820584,0.015618772286542784,0.026375760552975764
SPY,index_20,shockAtrRatio,1231,0.1156949373496773,0.1674359242467553,0.23793297318236742,0.3152092987348667,0.36198331601076883,0.4334560500140469,0.49490758650271177,0.7870459792377462,1.140766919057049
SPY,index_20,downsideExcursionPct,1231,0.0006124341633274821,0.0012567998597195506,0.002070173576092077,0.002827483355670701,0.0034170329881113466,0.004275993106242096,0.005548270882191065,0.007285739877837577,0.025578557224126768
SPY,index_20,downsideExcursionAtrRatio,1231,0.049944718131274046,0.09293814565232697,0.1484938041839033,0.19197807609858802,0.24497542203233977,0.35219090852188595,0.3934606125395116,0.46992058691891014,1.106287413395534
SPY,index_20,realizedMovement60Pct,1231,0.0017110051280402134,0.002749171282147401,0.004038926256516816,0.0050893589871248215,0.006109179981035517,0.008969978319172735,0.010862566816341337,0.017133612066891256,0.01866040522296556
SPY,index_20,realizedMovement60AtrRatio,1231,0.13556802545733804,0.20125090335427331,0.2948438779793419,0.36977491899425974,0.4514082615104633,0.5558844651557638,0.6682505568049526,0.8369237038123089,1.0651850846518163
SPY,index_20,sessionDrawdownPct,1231,0.0032273509123471643,0.0064066005163482395,0.01150397563863982,0.015816216303620796,0.0200178934721392,0.024002584972675323,0.028694770842124986,0.03629732189147434,0.042992113985294664
SPY,index_20,sessionDrawdownAtrRatio,1231,0.2557996447902811,0.5178631905352833,0.8639320814693443,1.0862665981571837,1.2582353225285896,1.5295077148466174,1.7458335366433193,2.1911074004457536,3.0810789109065975
SPY,index_20,pathLength60,1231,0.0028653171808089573,0.004601149927302206,0.006799926581216198,0.00854709693127087,0.010203496004270257,0.014635398154884445,0.017964276996386714,0.026935413671000635,0.030241086857427768
SPY,index_20,openToCurrentPct,1231,0.00046481266207631933,0.004442043523770756,0.008063904547637613,0.010532834258621837,0.013831878353748162,0.018468706649593394,0.02032788228309239,0.04036624136097296,0.09060878728923472
SPY,index_21,shockPct,1231,0.001507502454073587,0.002346031547968938,0.0036248722000185945,0.005031013866207431,0.006491306894402188,0.010509626948562114,0.014934118396043243,0.0249130653507012,0.027063498098859367
SPY,index_21,shockAtrRatio,1231,0.11847295146892924,0.17769736097040395,0.25283315962707675,0.3471208871759852,0.47263510284202426,0.698953848747111,0.8092973148882305,1.0195755403559015,1.0801514416199194
SPY,index_21,downsideExcursionPct,1231,0.0006398736589882199,0.0012089680034496702,0.002104472745596012,0.002886279605646417,0.003781728004375835,0.005698171547615963,0.007414481496206108,0.011081392675408365,0.01456673627761873
SPY,index_21,downsideExcursionAtrRatio,1231,0.0504879266331929,0.09411418107477013,0.15794241312418067,0.21144788821075367,0.2772781435338525,0.3874703015018844,0.5190870955299155,0.735389386928379,0.9043037450416519
SPY,index_21,realizedMovement60Pct,1231,0.0017057012568548304,0.002732742873560251,0.004228784888421352,0.005468412313407075,0.007301194962888067,0.00854735534233073,0.011028057761427488,0.020181228168780083,0.023295650067562644
SPY,index_21,realizedMovement60AtrRatio,1231,0.13579799178728807,0.20033238977312923,0.2947794072206831,0.3886465592024886,0.4757898571887118,0.6573031518706905,0.754700792580159,1.0559350827059057,1.203498264519673
SPY,index_21,sessionDrawdownPct,1231,0.0030630757993449997,0.006446178584047828,0.011817130563399251,0.015496297495400298,0.019010783280926428,0.02585157271618888,0.029721548230305653,0.037331299456242986,0.044670273153263024
SPY,index_21,sessionDrawdownAtrRatio,1231,0.24962493870771066,0.5203236709961845,0.8745878024725173,1.1326819078551986,1.2960568003652388,1.6175394556473834,1.8299730727281651,2.247582048013372,3.33005498451522
SPY,index_21,pathLength60,1231,0.002859703298165872,0.004641914433518857,0.006949622432269376,0.009170269448310897,0.01142672232231351,0.014387156248127484,0.019083293131699083,0.03252039825663405,0.036836633652886586
SPY,index_21,openToCurrentPct,1231,0.00039538561726670807,0.004567456110442181,0.008393577334139923,0.011087372994141864,0.014325662181786714,0.018096178993987088,0.020625551717528764,0.04444537234629811,0.08092169260700399
SPY,index_22,shockPct,1231,0.0014561905085501824,0.002334604216917701,0.0036808064030805616,0.004792189354598712,0.006200889510350366,0.010343394375860312,0.011973729552771522,0.019161958416030665,0.026317939858050008
SPY,index_22,shockAtrRatio,1231,0.11424564113681421,0.17207274402810058,0.2487720298111063,0.3228379208398814,0.4105535001734535,0.6020209594236864,0.8010909674103126,0.9356204651167246,1.5694466635189617
SPY,index_22,downsideExcursionPct,1231,0.0005666257436963101,0.001253977256289556,0.002262007892963706,0.0032636531882250528,0.004208866886070789,0.006285479276584425,0.0073120843137290765,0.011584290610702035,0.015637175957192682
SPY,index_22,downsideExcursionAtrRatio,1231,0.04714266703762463,0.09277644969649199,0.16573085912145144,0.21705142181692244,0.3063034882698987,0.44642102123802385,0.5570099082502611,0.8258414983035096,0.856302749142008
SPY,index_22,realizedMovement60Pct,1231,0.0017406273438532501,0.002838937265048215,0.004341828815645421,0.005877797626062522,0.00740105168729891,0.009477078062884111,0.01108851070347305,0.020674304920615068,0.023287561083989345
SPY,index_22,realizedMovement60AtrRatio,1231,0.13785656775446395,0.20147809733527106,0.3234538896211392,0.40970616374133706,0.5158719037366049,0.7620694630892376,0.8389082091759348,1.1601418743912775,1.3030883776538793
SPY,index_22,sessionDrawdownPct,1231,0.0030900193577088767,0.006629379296327334,0.012311642087144168,0.016403878933527134,0.020396785400759853,0.025710224269687516,0.02976502391291114,0.03728909821850477,0.04436359480361161
SPY,index_22,sessionDrawdownAtrRatio,1231,0.25137036619215053,0.5463131850760414,0.8947463725395147,1.1416270630154162,1.3356790358761468,1.6409958197371062,1.90275936056898,2.282390711805766,3.4794406286803943
SPY,index_22,pathLength60,1231,0.0028936065801880018,0.004799460639029696,0.0073506337026523205,0.009725319175143299,0.012166650345537378,0.016008598590537968,0.019958962932522945,0.0353032208611805,0.036689986947192055
SPY,index_22,openToCurrentPct,1231,0.00041845381316019115,0.004708687795659694,0.008465496687742213,0.011430161065106414,0.014673808420309409,0.01826331415482452,0.021211600064631384,0.04570238498264963,0.0759768158236056
SPY,index_23,shockPct,1231,0.001576157042556203,0.0025545955887832355,0.004050233079450735,0.005033186963331851,0.006565467016237529,0.008476507889265171,0.013647427076011806,0.01796817881919614,0.021093169293861243
SPY,index_23,shockAtrRatio,1231,0.12609772821042842,0.1848595645537076,0.2646189689079258,0.34321191604494034,0.4365907524226835,0.5874748063154194,0.7416572963389966,1.0535495439488407,1.5249866792967692
SPY,index_23,downsideExcursionPct,1231,0.000671327962709597,0.0013423229188577045,0.002452201997647404,0.003379561255419838,0.004236033477516407,0.005949847518156267,0.007182122790754067,0.013964192021280925,0.020345593575120658
SPY,index_23,downsideExcursionAtrRatio,1231,0.054432754557924255,0.10401508082971025,0.1810730863756121,0.22684564495814047,0.3101911534699341,0.4316432925540396,0.5640186396071442,0.9986821900682362,1.4709387077964937
SPY,index_23,realizedMovement60Pct,1231,0.0017509556628879427,0.0028585528191750033,0.004549841839253314,0.005712082792427466,0.007119136741361172,0.009723860051984253,0.011429290035195737,0.017227873117255495,0.020868109426864852
SPY,index_23,realizedMovement60AtrRatio,1231,0.1405616292992198,0.20694529975166798,0.3164858477418567,0.3975042394994045,0.48921639955801066,0.7588354841370505,0.8328393329466632,0.940761813436134,0.9470027427459631
SPY,index_23,sessionDrawdownPct,1231,0.003191537570158841,0.006798049213969733,0.01271493681375602,0.01614993945828579,0.020847840471030096,0.028175300076759984,0.03048702416069622,0.03976887704623102,0.05404015391062517
SPY,index_23,sessionDrawdownAtrRatio,1231,0.261082875037907,0.5574512180702826,0.9020543876132937,1.1957030593904507,1.4024072154260603,1.723908191881222,2.007889646978506,2.560208287118849,3.606003466098085
SPY,index_23,pathLength60,1231,0.0028660296772126115,0.004779568034293191,0.007667088706188596,0.009511038896709456,0.012065303424630497,0.014939529773294907,0.019606390112457947,0.030933392175839215,0.03262243920146879
SPY,index_23,openToCurrentPct,1231,0.0004391845037214903,0.0048556278740572445,0.00893095822498724,0.011859921183881905,0.015099868574900255,0.018690200262269144,0.022894838023403564,0.04648546859419239,0.08921044098573283
SPY,index_24,shockPct,1231,0.001481003073359807,0.002413758503912864,0.0036409391481273625,0.004980559046470358,0.00675700993556653,0.009316511095957585,0.011096606125729743,0.013745176887017966,0.020463032113517406
SPY,index_24,shockAtrRatio,1231,0.11926816747387116,0.1697020795268535,0.24874495207168731,0.33826003197273424,0.42522922514367506,0.5951783701089011,0.6602970074412536,1.0450542620437206,1.217489955149116
SPY,index_24,downsideExcursionPct,1231,0.000626091055736936,0.001249395342151372,0.002303573652098148,0.00300494744848683,0.004175714754421935,0.006165801917078564,0.007516309326636189,0.012363376021003354,0.012949957057663698
SPY,index_24,downsideExcursionAtrRatio,1231,0.05065073846751618,0.09195999461500781,0.15949661969708961,0.22573554144236718,0.2909319377800339,0.446671886944231,0.5615012491131224,0.9364950809538366,1.180543815704011
SPY,index_24,realizedMovement60Pct,1231,0.0016731391220084755,0.002753887071782884,0.004590794537906592,0.006062322119341803,0.007529647548630762,0.009856327141116086,0.011483683107654805,0.01943358431729657,0.02276132769187503
SPY,index_24,realizedMovement60AtrRatio,1231,0.13457762287281957,0.2069447292162918,0.3092771337360967,0.3784110763948287,0.5149081490133987,0.7869005060026227,0.8389225179187109,0.9403461328844427,1.0336052195760579
SPY,index_24,sessionDrawdownPct,1231,0.0032687227857720533,0.0070022417289397594,0.01319386118958538,0.01735644321795984,0.021500216817558225,0.02837279014104655,0.0311127809977267,0.04131250949584468,0.0523258028877291
SPY,index_24,sessionDrawdownAtrRatio,1231,0.26242837695851695,0.5853525158855113,0.9222820015821416,1.1998975636158131,1.4281348097068765,1.8040945054854727,2.126939769116275,2.9176638730357403,3.7263419016755903
SPY,index_24,pathLength60,1231,0.002876602898408298,0.004748902108987985,0.007638945782637463,0.010487869197439326,0.012601953240522323,0.015920282677710236,0.019210585259552965,0.03245877626229001,0.03874877527725584
SPY,index_24,openToCurrentPct,1231,0.00047665475029790016,0.004729772192824111,0.00893421486321433,0.012415831740275274,0.015089441535462766,0.020321897756431492,0.02378916448061744,0.04433861223881963,0.0953510051880675
SPY,index_25,shockPct,1231,0.0016291186614809034,0.0025423975653932635,0.003919584291418701,0.004791796922269701,0.006527805853358131,0.008560582980676398,0.011167683554057672,0.013796189075952951,0.014317707635472514
SPY,index_25,shockAtrRatio,1231,0.13119609546649572,0.18976781292066533,0.2662267123960481,0.3477042782003543,0.41635904214470854,0.49360327662586195,0.6146364818465383,0.6774348937775232,1.7177604244671538
SPY,index_25,downsideExcursionPct,1231,0.000716531985191624,0.0013422980631210967,0.002489301120185566,0.0033700619404169714,0.004142867283442702,0.005817064123887272,0.0072204354042212995,0.010414126835398437,0.014090169041828287
SPY,index_25,downsideExcursionAtrRatio,1231,0.059922601884164095,0.10866341244047147,0.1729594567554288,0.22990923189026935,0.3202171931192179,0.41057604484367033,0.5650219284248946,0.6709833285862414,1.5384337867480566
SPY,index_25,realizedMovement60Pct,1231,0.001721024632904723,0.002881111767456857,0.004594443504399614,0.005963913675581613,0.0072316902259048285,0.010243417129712567,0.012468001931411763,0.015625797256053606,0.017278561041415525
SPY,index_25,realizedMovement60AtrRatio,1231,0.14033683310127723,0.21307401721910846,0.3175096426147008,0.4007236251576413,0.5381734592060959,0.6270992735327519,0.7639767553538337,0.9180439722099749,1.751697727497573
SPY,index_25,sessionDrawdownPct,1231,0.003252306728661172,0.007138850089995315,0.01293352525241907,0.018042826302610178,0.021182593262634615,0.02800414177543419,0.03126216400447649,0.03956671308557336,0.065478684902282
SPY,index_25,sessionDrawdownAtrRatio,1231,0.2674642932376698,0.5862078299847469,0.9379025871583976,1.2615633161063764,1.4858233090346524,1.7785826452449514,2.269070303751247,3.461973099248946,4.513188502408043
SPY,index_25,pathLength60,1231,0.002923845382888146,0.004919063088978104,0.007835480962557928,0.01021562709758933,0.01250944699844031,0.016828075493470027,0.021397753919882297,0.02583597971909807,0.026826839325539087
SPY,index_25,openToCurrentPct,1231,0.00038463229152929657,0.004839177617989909,0.008964443912366615,0.012407241192253227,0.01634253202735131,0.019919023930325738,0.02509659029869961,0.04581424634441357,0.09788424124513617
SPY,index_26,shockPct,0,,,,,,,,,
SPY,index_26,shockAtrRatio,0,,,,,,,,,
SPY,index_26,downsideExcursionPct,0,,,,,,,,,
SPY,index_26,downsideExcursionAtrRatio,0,,,,,,,,,
SPY,index_26,realizedMovement60Pct,0,,,,,,,,,
SPY,index_26,realizedMovement60AtrRatio,0,,,,,,,,,
SPY,index_26,sessionDrawdownPct,0,,,,,,,,,
SPY,index_26,sessionDrawdownAtrRatio,0,,,,,,,,,
SPY,index_26,pathLength60,0,,,,,,,,,
SPY,index_26,openToCurrentPct,0,,,,,,,,,
SPY,prior_ATR_lt_1pct,shockPct,9640,0.0011881124112008562,0.0017128154721048317,0.0024401561648198663,0.002999788234360026,0.003602315739708747,0.004501681819326113,0.005543977556777127,0.008148842026506066,0.01622870839424761
SPY,prior_ATR_lt_1pct,shockAtrRatio,9640,0.1368997778862603,0.1959420360129288,0.27919376397186346,0.3447073430618121,0.41706042606795823,0.5255776133037756,0.6565292289762437,0.947502803073055,1.7177604244671538
SPY,prior_ATR_lt_1pct,downsideExcursionPct,9640,0.00051398333222931,0.0009700381173357756,0.0016231366316018683,0.002154085241854525,0.0027392754362004813,0.0035337472391231946,0.004417400162191919,0.006696717559947999,0.011460408662836223
SPY,prior_ATR_lt_1pct,downsideExcursionAtrRatio,9640,0.058983299816204204,0.11211690187115238,0.1878602096306318,0.2467850348711667,0.31732162629262245,0.41530968467909596,0.5101597408005946,0.8445757618784752,1.5384337867480566
SPY,prior_ATR_lt_1pct,realizedMovement60Pct,8476,0.0013706880090145887,0.0020061300997628426,0.00283935437145566,0.0035194214386933004,0.00412312758310973,0.005467961086909205,0.006477695074230611,0.008122548714903735,0.012516149449904894
SPY,prior_ATR_lt_1pct,realizedMovement60AtrRatio,8476,0.15666835293876047,0.22937994083010776,0.32285006602694555,0.40501699212369335,0.484559673641612,0.6265670101401996,0.7653005686891428,1.109187833523559,1.751697727497573
SPY,prior_ATR_lt_1pct,sessionDrawdownPct,9640,0.0017586039629834027,0.0036763014748478697,0.006054795685893294,0.007873791668710562,0.009870147815047027,0.01247347895654588,0.015123186936383636,0.021578492505186536,0.032247425400516075
SPY,prior_ATR_lt_1pct,sessionDrawdownAtrRatio,9640,0.20228858320430182,0.42194309929498186,0.7028423265119432,0.9222110997623325,1.1495809119048535,1.4483715750538646,1.7133907228735192,3.0183239727590374,4.513188502408043
SPY,prior_ATR_lt_1pct,pathLength60,8476,0.002304989425838233,0.0033898307639739778,0.004766520814354802,0.005864193696650588,0.006995156959490961,0.008772640250375136,0.010731740003878817,0.013620408789854438,0.021464753964824612
SPY,prior_ATR_lt_1pct,openToCurrentPct,9640,0.00019578608810089104,0.002290588613214184,0.004446137553327634,0.005990055292732297,0.007628484516297135,0.010249719913956392,0.011994299283811592,0.01831734001409507,0.023789470065489926
SPY,prior_ATR_ge_2pct,shockPct,3925,0.0032324268855823267,0.004685945987299999,0.006766894788107645,0.008475261115707653,0.01111504199842909,0.015397024031304034,0.019815183239120505,0.02884754646933423,0.0713361597101968
SPY,prior_ATR_ge_2pct,shockAtrRatio,3925,0.13619018624525805,0.1961788777120058,0.28009251406458985,0.34353660965803284,0.4258542921407567,0.5681045786775979,0.7843970367874973,1.167978878340885,2.2048650995953114
SPY,prior_ATR_ge_2pct,downsideExcursionPct,3925,0.0013986738499791847,0.002600357549163021,0.004117028968851898,0.005211899515502425,0.00682835894181976,0.009058519556982458,0.011220618225380554,0.017229238827096847,0.03174510490871569
SPY,prior_ATR_ge_2pct,downsideExcursionAtrRatio,3925,0.0589586864813738,0.1082579617990798,0.17312931843579063,0.21975917110296067,0.2789609144414114,0.36041310743996263,0.445102133903335,0.7415471844770163,1.2852951658648004
SPY,prior_ATR_ge_2pct,realizedMovement60Pct,3454,0.0036634095123221294,0.005336889506989946,0.007527239049029715,0.009150279907070425,0.011309126422982096,0.015322301859287877,0.019476702795339983,0.04630110796588582,0.05448241817901385
SPY,prior_ATR_ge_2pct,realizedMovement60AtrRatio,3454,0.15352175666801693,0.22585406958876192,0.31105452723459537,0.37784818558658834,0.46051861529133814,0.595710030605239,0.7819554534193696,1.4866673772931578,2.2058830459522354
SPY,prior_ATR_ge_2pct,sessionDrawdownPct,3925,0.004724132329850032,0.010054991610838856,0.017050806358233524,0.022796986990796814,0.028521459183809057,0.0343922834242186,0.04115375693822991,0.05234246656769018,0.065478684902282
SPY,prior_ATR_ge_2pct,sessionDrawdownAtrRatio,3925,0.19732795009937235,0.4168889115853744,0.7133073164260708,0.9531750457351789,1.2005949606872874,1.3716093282491406,1.5807848529700657,2.0141541381985766,2.276805560944238
SPY,prior_ATR_ge_2pct,pathLength60,3454,0.00616806579235607,0.0091571974407956,0.012564291637914815,0.015202228692882824,0.01950093989010256,0.026817109481216923,0.03317875105541665,0.0654524747825138,0.10216228601229227
SPY,prior_ATR_ge_2pct,openToCurrentPct,3925,0.0004655385116734134,0.006597185642260417,0.01231321670599321,0.015517553339335416,0.01865565791826898,0.029808529782790975,0.04380750561990853,0.0843604896238652,0.09788424124513617
RSP,actionable,shockPct,30905,0.0015854002254791033,0.0024830699774267308,0.003788268903475601,0.004874313208468742,0.006019428132366671,0.0077130040674938454,0.009345488038352692,0.016458559518462937,0.06942903752039162
RSP,actionable,shockAtrRatio,30905,0.1259115898819309,0.18578244820447387,0.27077291562813727,0.34481736626084397,0.41944730800621893,0.5296884013229058,0.6161014587095227,0.8561030697814523,2.3958783418329226
RSP,actionable,downsideExcursionPct,30905,0.0006644518272423403,0.0013487692480611954,0.002367898703820847,0.003196262195412336,0.0041710114702814965,0.0055578241333015714,0.006738058812171753,0.009810929177924324,0.029432067775337294
RSP,actionable,downsideExcursionAtrRatio,30905,0.053629306692907226,0.10538817210553712,0.174749581269169,0.23268597883025532,0.2989559957305566,0.39457563297367054,0.4746940574534852,0.6607603417493132,1.3422877909107656
RSP,actionable,realizedMovement60Pct,27182,0.0018717456094349892,0.0029504250280030357,0.0044334226268185045,0.005705143288684555,0.0071723778758161745,0.008943297486184113,0.010437725452350848,0.016649160249259963,0.05238231462022518
RSP,actionable,realizedMovement60AtrRatio,27182,0.1498785904025292,0.22130083985703633,0.32093950234414786,0.39362621775407797,0.475115112919315,0.5906913007149894,0.6882048995457533,1.0015123463587094,2.3889636946709216
RSP,actionable,sessionDrawdownPct,30905,0.002998950367371463,0.005787765703458383,0.00941633340390999,0.012654758761615623,0.016297486081153684,0.02071328862823318,0.024331484245793372,0.033482819726039954,0.059116365899191045
RSP,actionable,sessionDrawdownAtrRatio,30905,0.24462235426959214,0.4685538014690041,0.7266171874459675,0.9354614435126585,1.1373793220055128,1.3764450737330751,1.637297328893561,2.0886558392668273,3.778527753860634
RSP,actionable,pathLength60,27182,0.0031525496977679035,0.0049945609171846705,0.007480864645534858,0.009550663557012926,0.011817043670666952,0.01486874326457394,0.017774664249658966,0.029208075866066927,0.10200038646655096
RSP,actionable,openToCurrentPct,30905,0.00012711325791281425,0.0034868553080473763,0.006932163659522096,0.009468075022921237,0.012408498046798958,0.015747946578327704,0.018410587512412317,0.025391271843453116,0.08959270034382416
RSP,closing_only,shockPct,1241,0.002104950347935967,0.0029856998411093836,0.0043456038279594,0.005402331532556091,0.006490614062997202,0.008162137721211596,0.011594432573222336,0.015407355744096763,0.021237088346093152
RSP,closing_only,shockAtrRatio,1241,0.1708697363059697,0.22926160141499854,0.299588573397181,0.3564293009607057,0.44579472700178807,0.5970499561329606,0.7258573495951409,1.0636107273320625,1.5331958411389626
RSP,closing_only,downsideExcursionPct,1241,0.0008928073210200133,0.0017519643236356577,0.0028711679170140064,0.003721507210420141,0.0047119580726211925,0.0059207846288984,0.0074610248150119305,0.013870559203678287,0.014733780194764033
RSP,closing_only,downsideExcursionAtrRatio,1241,0.0745198455415127,0.1331817902680835,0.20869462614139578,0.25268834031035137,0.30811514893853326,0.4339910576040683,0.5884562127268882,1.0456871024559113,1.4476674085316596
RSP,closing_only,realizedMovement60Pct,1241,0.00191381250978343,0.0030206897577027495,0.004673832844272425,0.006198887932879522,0.007573487613953197,0.010477467661209149,0.012251148667474288,0.014312918005529961,0.019676551968143104
RSP,closing_only,realizedMovement60AtrRatio,1241,0.15433822824424387,0.22252698153124081,0.32017589186873435,0.40635225275593884,0.5516537730534071,0.6369508035927699,0.7330831682543771,1.056736201612406,1.2048513281438733
RSP,closing_only,sessionDrawdownPct,1241,0.0038856656198436056,0.007473841554559124,0.012572205232755653,0.016945760224164337,0.021709836801916457,0.027370069008302703,0.03313632988747395,0.04533954860155923,0.04904284221525617
RSP,closing_only,sessionDrawdownAtrRatio,1241,0.3121853627508307,0.6182405675439199,0.9621357396452778,1.2430994834423443,1.5576316992378694,1.84681507687459,2.186217484949554,2.888735121888776,3.990343957060779
RSP,closing_only,pathLength60,1241,0.0032093422485149903,0.005062054448907727,0.008047482409542117,0.010586096253516475,0.012790020543903102,0.016185462665189627,0.019525601254574976,0.025309981074630356,0.034948362279983214
RSP,closing_only,openToCurrentPct,1241,0.00013819789939195637,0.004633127669672499,0.009428571428571342,0.013196370945409264,0.01582748380129595,0.020398359212571805,0.02311716328212693,0.04145851757412074,0.09111346204707749
RSP,including_close,shockPct,32146,0.001606923019510651,0.002510691655230567,0.003808999117215985,0.004905646520218618,0.006063307238267466,0.007721780769980458,0.009431632166736821,0.01634990444892908,0.06942903752039162
RSP,including_close,shockAtrRatio,32146,0.12775518151292486,0.18804790323951148,0.2724548520472727,0.34540559589090936,0.4200740318524695,0.5337414726617259,0.619221333421564,0.8568566445685746,2.3958783418329226
RSP,including_close,downsideExcursionPct,32146,0.0006716180325590754,0.0013646702047005466,0.002387591359994252,0.0032312063054904033,0.004194463097686266,0.00557862375027307,0.006756926147533023,0.010419432268439666,0.029432067775337294
RSP,including_close,downsideExcursionAtrRatio,32146,0.05429299729698098,0.10661614675363769,0.17617292864990813,0.23392248567216148,0.29940829380455924,0.3964148818384206,0.47646647880873866,0.7015163508504112,1.4476674085316596
RSP,including_close,realizedMovement60Pct,28423,0.0018739858010748867,0.0029553612279817005,0.004445852832708994,0.0057279078644345465,0.007182012686948812,0.00896481276276803,0.010584676544319277,0.016586767634286296,0.05238231462022518
RSP,including_close,realizedMovement60AtrRatio,28423,0.1500769140179878,0.22144477248343605,0.32093865959423135,0.39389040501534145,0.47657870959570886,0.5939988654032098,0.6933289653966793,1.0057494669601008,2.3889636946709216
RSP,including_close,sessionDrawdownPct,32146,0.0030310718352416065,0.0058397867208327256,0.009543851399354524,0.012833213304778962,0.016528914299169927,0.021268781356206485,0.024846320387576372,0.034011464414842395,0.059116365899191045
RSP,including_close,sessionDrawdownAtrRatio,32146,0.2475033326507864,0.4734645739935708,0.7369128547339661,0.9476115948861179,1.1553700294028906,1.4152453470468123,1.67469195884557,2.118174500717318,3.990343957060779
RSP,including_close,pathLength60,28423,0.0031549205472574116,0.0050009519712644335,0.007498124530148175,0.009596702843376952,0.011900546256035278,0.014895146545646547,0.017897934932112926,0.029052940730845866,0.10200038646655096
RSP,including_close,openToCurrentPct,32146,0.00012764062707704138,0.0035269878581385417,0.007025455339817466,0.009649042016685427,0.012581850040690318,0.015911705378462187,0.018648987897782136,0.026542481125924115,0.09111346204707749
RSP,opening_1_4,shockPct,4964,0.002755641558478031,0.003958387799840023,0.005481223974923056,0.006575771642871211,0.0075235687165458465,0.008993715341959266,0.010593299150638615,0.01741257012535409,0.044207317073170715
RSP,opening_1_4,shockAtrRatio,4964,0.21966230769437256,0.3032581695855276,0.4024674622114064,0.48535614392172677,0.5674993950994682,0.6538932043330499,0.7333891617280849,1.04600584898051,2.0161322822843375
RSP,opening_1_4,downsideExcursionPct,4964,0.0011577647074844412,0.002202532124730779,0.0036565311957996076,0.004765917711745094,0.005786665793379462,0.00713514285854076,0.008433713254560158,0.011397176215657728,0.029432067775337294
RSP,opening_1_4,downsideExcursionAtrRatio,4964,0.09436941034502185,0.17500196529993806,0.27889684513470586,0.35438848890965463,0.4376974875786621,0.5366826386650243,0.6066729330602656,0.774455943117028,1.3422877909107656
RSP,opening_1_4,realizedMovement60Pct,1241,0.0035414563408491186,0.005091634686951951,0.0068316848578356066,0.00814115642403109,0.009359341712985164,0.01097068860847463,0.012108485686733613,0.013761560528927434,0.05238231462022518
RSP,opening_1_4,realizedMovement60AtrRatio,1241,0.29157232119294063,0.3928071094705191,0.5196906937187616,0.5902408530455465,0.6574053583303617,0.7650821814540314,0.8158280889612775,1.1358693483625737,2.3889636946709216
RSP,opening_1_4,sessionDrawdownPct,4964,0.0019899496977338694,0.0038909019075653315,0.006115954064728172,0.007953925634128495,0.009430575728367882,0.011440370495805397,0.013139155487621628,0.01907712588610803,0.04242686622549314
RSP,opening_1_4,sessionDrawdownAtrRatio,4964,0.16036513495885735,0.3092187240328121,0.48016389267942833,0.6002418177118453,0.7235116546758502,0.8827223485199646,0.9894727383812614,1.1855238431776747,1.934932502051535
RSP,opening_1_4,pathLength60,1241,0.005995480793590802,0.008414291810991181,0.011376454323097307,0.013362042704103794,0.015182873649738138,0.018400555601501285,0.020122367413905502,0.02280650599912351,0.10200038646655096
RSP,opening_1_4,openToCurrentPct,4964,0.00012979010406188873,0.0023132794061058726,0.004658855030879105,0.005946699994756766,0.0075380906978634666,0.009108951793446483,0.011211691964693104,0.01339852197091049,0.03716480083311646
RSP,nonopening_5_plus,shockPct,25941,0.0014257587073121594,0.0021626528541677853,0.0032314923619272116,0.004189344027499138,0.005183556515097424,0.0070318573846047455,0.00894338630313324,0.01584427259142922,0.06942903752039162
RSP,nonopening_5_plus,shockAtrRatio,25941,0.11451959842815776,0.16232912936702815,0.2291394253909322,0.2817907072388106,0.34922083283228866,0.44530574429140385,0.5394636877995014,0.8195905770793344,2.3958783418329226
RSP,nonopening_5_plus,downsideExcursionPct,25941,0.0006064281382656385,0.0012039895623006272,0.00208547673998276,0.002820874471086092,0.0035913114532273027,0.0046922826908832515,0.006089907891301461,0.009012413239744126,0.017719421250557543
RSP,nonopening_5_plus,downsideExcursionAtrRatio,25941,0.04929570688264549,0.09412888258515159,0.15269585387523218,0.2005348166184305,0.25189619147062225,0.3259850534077201,0.39949023972732506,0.6352817237629628,1.1731808745519192
RSP,nonopening_5_plus,realizedMovement60Pct,25941,0.0018141635574192361,0.002835510141228772,0.004238909178816775,0.005448844548877923,0.006901189159149905,0.008765587525047833,0.01016547713297488,0.016707444228694635,0.0491622038134
RSP,nonopening_5_plus,realizedMovement60AtrRatio,25941,0.14618594294266055,0.21277914546932544,0.30220334151843203,0.3724156247892664,0.4465297098192151,0.5590610979943168,0.6711632131664697,0.9796883506912962,2.2421063466118376
RSP,nonopening_5_plus,sessionDrawdownPct,25941,0.003263899075839762,0.006117997552801009,0.010043569286482076,0.013438166311300756,0.0170464620525871,0.02169798915891854,0.025576909588272325,0.03462093674552151,0.059116365899191045
RSP,nonopening_5_plus,sessionDrawdownAtrRatio,25941,0.2672807708491031,0.5007143153826799,0.7679592328110838,0.9778150406433352,1.1824612050295535,1.4367710958567115,1.7230770906478412,2.0991637649274564,3.778527753860634
RSP,nonopening_5_plus,pathLength60,25941,0.0030628498192142306,0.004785535086953785,0.007147826600557239,0.00917160013569951,0.011421153329884193,0.014517939883690914,0.017187893022369262,0.029345038290895884,0.08455200984002442
RSP,nonopening_5_plus,openToCurrentPct,25941,0.00012562024998419297,0.0037826251418484613,0.007362893183909813,0.010172199662298764,0.012979333982926056,0.016341791070202134,0.019041992767312565,0.03273872150486537,0.08959270034382416
RSP,index_1,shockPct,1241,0.0038101668756632605,0.005054227650837149,0.006488332384746812,0.007599034346538019,0.008536585365853597,0.009856683987066288,0.01134563752520384,0.020445863809867983,0.02239000260348866
RSP,index_1,shockAtrRatio,1241,0.30954724273646655,0.4019507259620023,0.521197127353443,0.6012095765399226,0.6532985268640987,0.7636281462550238,0.8222606643414714,0.9855920127385316,1.0422326149916263
RSP,index_1,downsideExcursionPct,1241,0.0016533637400227596,0.0029705190001121018,0.004769094351379225,0.005817806907725105,0.006772656832921876,0.008562179051432535,0.010418288237391889,0.019501917684834193,0.021452766277756826
RSP,index_1,downsideExcursionAtrRatio,1241,0.13299415329991282,0.24386976882356845,0.37396976566114776,0.47642051068633295,0.5446830472122682,0.6423095230632012,0.748944710060216,0.9458174097672895,1.0422326149916263
RSP,index_1,realizedMovement60Pct,0,,,,,,,,,
RSP,index_1,realizedMovement60AtrRatio,0,,,,,,,,,
RSP,index_1,sessionDrawdownPct,1241,0.0016631276114803533,0.0029826601284060634,0.004651471858595368,0.005673460811094833,0.00693419887872527,0.008237569857453877,0.010079154126919029,0.012173921146918171,0.01905195396319643
RSP,index_1,sessionDrawdownAtrRatio,1241,0.13258509025672768,0.24205354230240542,0.37404567609527656,0.457188587117571,0.5473851463169924,0.6193690161644059,0.6928065225653592,0.8422357570137534,1.0163386369794174
RSP,index_1,pathLength60,0,,,,,,,,,
RSP,index_1,openToCurrentPct,1241,-0.00006532958777027975,0.0016884906960716872,0.003433616742969381,0.004745719232988943,0.005626660150361618,0.006867496459245091,0.007647094133957119,0.008439130893480645,0.008519269776876337
RSP,index_2,shockPct,1241,0.0026984483921744422,0.0037356992762081855,0.0050353020284656935,0.005830903790087339,0.006794575152750136,0.007902206858443181,0.009353786601778047,0.013468699638178816,0.025851783110168215
RSP,index_2,shockAtrRatio,1241,0.22003097769506877,0.2805568648781756,0.353769545394346,0.42027148566275235,0.533042793800292,0.5655074925606633,0.6249456487606113,0.8256802437988449,1.1790042448573514
RSP,index_2,downsideExcursionPct,1241,0.0011439193536855407,0.0021131597020445122,0.0032403422611512653,0.004159652841446815,0.004906333630686861,0.005777420825087692,0.006676451607794971,0.008645273959786348,0.009245776241688418
RSP,index_2,downsideExcursionAtrRatio,1241,0.09271515438901129,0.1664063809058106,0.24681280226076677,0.3021291882223334,0.37248487737666236,0.46206281252962766,0.5351635750076424,0.6356731239272937,0.7213904019000241
RSP,index_2,realizedMovement60Pct,0,,,,,,,,,
RSP,index_2,realizedMovement60AtrRatio,0,,,,,,,,,
RSP,index_2,sessionDrawdownPct,1241,0.001907112407448976,0.0036529095103819097,0.005791710945802431,0.0072831472747895585,0.008553654743390414,0.009744343907783296,0.01079986151593125,0.013150167980268785,0.015429383501387298
RSP,index_2,sessionDrawdownAtrRatio,1241,0.1554595017963157,0.2886603584546102,0.4448187428357899,0.5522270897584793,0.657223082836266,0.7556468100308639,0.8239414615390175,1.0169654437497928,1.0518219269549849
RSP,index_2,pathLength60,0,,,,,,,,,
RSP,index_2,openToCurrentPct,1241,0.0001470155836520437,0.0022833868180696104,0.004465234956410713,0.005816738520495468,0.007059679767103422,0.008796535813718616,0.00986447032781114,0.011500371594673727,0.013070607553366198
RSP,index_3,shockPct,1241,0.0025479005299633103,0.0035230726720087797,0.005222602739726069,0.006531160349142362,0.0073781487554032575,0.009262684257819119,0.01055587609060226,0.01374910122172453,0.044207317073170715
RSP,index_3,shockAtrRatio,1241,0.2054718119161933,0.2714994895698463,0.36550850789567474,0.43152082040561207,0.4896900554596316,0.6000411139260168,0.6556093067161649,1.0712825776838149,2.0161322822843375
RSP,index_3,downsideExcursionPct,1241,0.0011282187417043796,0.002131875297835434,0.003483175604626716,0.0047450377598075785,0.0058615963372314825,0.0071044943365160896,0.008116965201362231,0.009269791516817318,0.013755140412783402
RSP,index_3,downsideExcursionAtrRatio,1241,0.09297969990486382,0.1690097996505421,0.26767722290942403,0.33447827894231946,0.41150486861164637,0.4883432048486833,0.571970576517339,0.6408448776602907,0.6557148359440742
RSP,index_3,realizedMovement60Pct,0,,,,,,,,,
RSP,index_3,realizedMovement60AtrRatio,0,,,,,,,,,
RSP,index_3,sessionDrawdownPct,1241,0.0022384121226091745,0.004306416332482652,0.006694329183955784,0.008434256055363378,0.01001708114993786,0.012251670401872685,0.013179095680243702,0.018836417390899616,0.021401657874905614
RSP,index_3,sessionDrawdownAtrRatio,1241,0.182079457993454,0.35416035121396877,0.5255242872417412,0.659332584521094,0.7941546961672945,0.9490229407610933,0.9906338497937269,1.1107250086930671,1.212644722285202
RSP,index_3,pathLength60,0,,,,,,,,,
RSP,index_3,openToCurrentPct,1241,0.0001829714564527407,0.002691660658495465,0.004871641791044823,0.006279904306220274,0.008363520136373204,0.009657829566661478,0.012304596340068526,0.013720099376497426,0.03716480083311646
RSP,index_4,shockPct,1241,0.0021253654970761126,0.002965835852392689,0.004285819847779594,0.005344253192670809,0.006514901902051854,0.007857185892990877,0.008889684020342086,0.012468161583089388,0.04411672419203013
RSP,index_4,shockAtrRatio,1241,0.1721771961941492,0.22657330981338894,0.301395546360469,0.35490034747807925,0.40138857515461335,0.49624136416433967,0.5287775254473279,1.0453590549367298,2.0120006759280784
RSP,index_4,downsideExcursionPct,1241,0.0008718395815170339,0.0016754133096804564,0.0026694582570008863,0.0036733525428534488,0.004441203765080312,0.005926592226730926,0.00798392548965577,0.010320754126796375,0.029432067775337294
RSP,index_4,downsideExcursionAtrRatio,1241,0.07100306796614936,0.13308763030428497,0.20382611731429873,0.24818150328238886,0.3110751812510652,0.36432894076078726,0.4037226219543948,0.617885361750581,1.3422877909107656
RSP,index_4,realizedMovement60Pct,1241,0.0035414563408491186,0.005091634686951951,0.0068316848578356066,0.00814115642403109,0.009359341712985164,0.01097068860847463,0.012108485686733613,0.013761560528927434,0.05238231462022518
RSP,index_4,realizedMovement60AtrRatio,1241,0.29157232119294063,0.3928071094705191,0.5196906937187616,0.5902408530455465,0.6574053583303617,0.7650821814540314,0.8158280889612775,1.1358693483625737,2.3889636946709216
RSP,index_4,sessionDrawdownPct,1241,0.0023548586522790485,0.0046086569430987745,0.007400276673519008,0.009409575018095301,0.01087719298245622,0.013365083162695501,0.014752780113432512,0.02259890894315337,0.04242686622549314
RSP,index_4,sessionDrawdownAtrRatio,1241,0.1945613334555596,0.36750611940681155,0.5657795405832104,0.7153257206638098,0.8168345814425754,0.9989108915630733,1.1533871384656555,1.3559168148382574,1.934932502051535
RSP,index_4,pathLength60,1241,0.005995480793590802,0.008414291810991181,0.011376454323097307,0.013362042704103794,0.015182873649738138,0.018400555601501285,0.020122367413905502,0.02280650599912351,0.10200038646655096
RSP,index_4,openToCurrentPct,1241,0.0002997601918464099,0.0029138878710150973,0.005342169326480795,0.007048571428571293,0.00830909846281691,0.011147533852418857,0.012021810528012485,0.014430236243666666,0.014801251239795477
RSP,index_5,shockPct,1241,0.001966630717503028,0.0028237192416296054,0.004116415107965575,0.004980380319951679,0.005749128919860548,0.006877973491913996,0.007717132655194072,0.013098067681270906,0.02099076406381192
RSP,index_5,shockAtrRatio,1241,0.16331115359448242,0.21950384533000802,0.2919852277348158,0.32988420466875834,0.3747771254099934,0.43875647001629475,0.49976823674852466,0.8717658453911125,0.9665875870165574
RSP,index_5,downsideExcursionPct,1241,0.0008851236011885084,0.0016393350271250618,0.002622811370241756,0.00342802551350128,0.004225777241171161,0.00534307021758337,0.006227775712685416,0.00791615403872822,0.00923593618807729
RSP,index_5,downsideExcursionAtrRatio,1241,0.07334859923074008,0.13233810555843945,0.19435203188723343,0.2504989576386999,0.2883913724856699,0.36396618332671554,0.40251412176075047,0.575935218120402,0.5835669368292858
RSP,index_5,realizedMovement60Pct,1241,0.002954334020773036,0.004216634839996798,0.005832599931525484,0.007255432032873306,0.00844636100267675,0.009780161342843326,0.010856155101864438,0.014004566639688798,0.0491622038134
RSP,index_5,realizedMovement60AtrRatio,1241,0.23855718622618086,0.3302148371217446,0.41928779510789044,0.4935190301419268,0.5566311799565137,0.6336762315711236,0.7238330499000893,1.1190550816301414,2.2421063466118376
RSP,index_5,sessionDrawdownPct,1241,0.0025230225810521363,0.004837131273591392,0.007682119205298053,0.009806106529975643,0.011852471588928515,0.015153446685588372,0.01603178899159087,0.02541148401598248,0.04180839878780376
RSP,index_5,sessionDrawdownAtrRatio,1241,0.20877196870950696,0.38924899963384846,0.5904248318571589,0.7549854878085498,0.9174345999231166,1.1093417055316124,1.2512655503444372,1.3556738889113065,1.9067264889020972
RSP,index_5,pathLength60,1241,0.004986378498513466,0.00711454218575347,0.00977933027164879,0.012058902070700483,0.014306750121233613,0.016804179130415223,0.018790196309970645,0.024791652811475627,0.08455200984002442
RSP,index_5,openToCurrentPct,1241,0.00027553269654667645,0.002942027587537366,0.005443693841411523,0.0073183102673721745,0.008934803853134277,0.011367288958252465,0.013471379007666488,0.015791233140056014,0.016899366750591227
RSP,index_6,shockPct,1241,0.001778469404768641,0.0025660071578094096,0.0036218761318362568,0.0046105314244116674,0.005266075388026742,0.0073445585789385145,0.008857216871034504,0.012489182807743514,0.021106306073710772
RSP,index_6,shockAtrRatio,1241,0.14594979575776004,0.19260876093497317,0.25199295398369403,0.29166524258594523,0.35451938928597454,0.4443569636251205,0.5591327816215065,0.9106836750582515,0.962580582860289
RSP,index_6,downsideExcursionPct,1241,0.0008193922840558288,0.0014643152734448957,0.0024143405212330273,0.003098173368618203,0.003829162976792445,0.004931867127099401,0.006984853089127968,0.007609232018256657,0.008192524321556587
RSP,index_6,downsideExcursionAtrRatio,1241,0.06546942643518174,0.11906286288761765,0.1811177462566188,0.22444034792055145,0.26333552256135995,0.336422260836664,0.4090950837660853,0.7166871859924322,0.8019523293109224
RSP,index_6,realizedMovement60Pct,1241,0.00259853533542589,0.0038263836335509466,0.005616390507085877,0.00721581103628516,0.008324540282983581,0.009689382873319562,0.010289792309188769,0.013683116665804022,0.04580905381823316
RSP,index_6,realizedMovement60AtrRatio,1241,0.20886821561687932,0.2936805986576603,0.3848000997388482,0.45025789640882796,0.5143450087707807,0.6067443628111544,0.6820840873229856,1.1122230500442498,2.0891815730634264
RSP,index_6,sessionDrawdownPct,1241,0.0026814682430573943,0.005124605124605053,0.00795175932675097,0.010355671220993259,0.013099199886709583,0.016246721635100377,0.018856408370018334,0.022001874166125764,0.029686437009091543
RSP,index_6,sessionDrawdownAtrRatio,1241,0.21952752000693015,0.4094544329195747,0.6266370158810869,0.7794592270356976,0.9778150406433352,1.209615313527673,1.2464907380825607,1.4585562707171327,1.5030440934833988
RSP,index_6,pathLength60,1241,0.004377993768846622,0.006374551496059366,0.009165678394270849,0.012093331707255572,0.01409799437151904,0.016051369349398704,0.017852267682774314,0.02190269681395825,0.07532829871994429
RSP,index_6,openToCurrentPct,1241,0.00023441162681669958,0.003070809248554962,0.006064474944142972,0.008000524624565575,0.010116448326055183,0.01239520513747995,0.013210019660157174,0.01581947150753381,0.021153345482947117
RSP,index_7,shockPct,1241,0.0017077563186982379,0.0024516300026504413,0.003520905375668043,0.004440685134277828,0.005407683123814947,0.006484649317593396,0.007181745948036514,0.013371962004861456,0.02549557014468736
RSP,index_7,shockAtrRatio,1241,0.13981604630283131,0.1845454930103447,0.2505629721674603,0.3004573294719504,0.3578403045316986,0.43530503657437786,0.47766306672694653,0.7529170694792949,1.1627586885417422
RSP,index_7,downsideExcursionPct,1241,0.0007724493080141909,0.0014198176655208319,0.002235820192986558,0.0029356259173831485,0.0036961219151598183,0.004526779351771389,0.004956223533136411,0.005980893717259045,0.017719421250557543
RSP,index_7,downsideExcursionAtrRatio,1241,0.06394364114135546,0.11196960811895439,0.17057352375817422,0.21376702996735292,0.25655918659370597,0.31478017702719086,0.34950444106746925,0.5154081781000138,0.8081172885365029
RSP,index_7,realizedMovement60Pct,1241,0.0022934237977234517,0.003370760498159035,0.004883109636888411,0.00614849533125827,0.0073301171081047375,0.009148253563458282,0.010084173445047643,0.012478715444750295,0.035209138626815586
RSP,index_7,realizedMovement60AtrRatio,1241,0.18744696956607423,0.2572268670869499,0.33966962193450567,0.40450921096810705,0.46595634251600765,0.5386612814281952,0.6328611360324684,0.982418885091463,1.605758632659223
RSP,index_7,sessionDrawdownPct,1241,0.002862595419847277,0.005178391114102865,0.008376594529415434,0.010493867646094276,0.013174345913405876,0.016291488844538297,0.019002755206674594,0.024772457724386944,0.04576659038901605
RSP,index_7,sessionDrawdownAtrRatio,1241,0.23686607000539134,0.42661248183508255,0.6410557312773246,0.7877312307579332,0.9391443893184616,1.1684400499668988,1.2481608467842769,1.6570102405709644,2.0872449730585134
RSP,index_7,pathLength60,1241,0.003853401137838164,0.005748959026396938,0.008326591305270803,0.0101029502182578,0.012384264825792912,0.014846172017109905,0.017739480959294784,0.022200876321184674,0.05823409860823092
RSP,index_7,openToCurrentPct,1241,0.00010589662250404253,0.0031672297297296037,0.0060437671860678055,0.008771309330126709,0.010836396369364731,0.01308034803401232,0.01434956321468308,0.015731118756668536,0.02199904351984694
RSP,index_8,shockPct,1241,0.0015661456835107522,0.002296829063418715,0.003338188880796379,0.004266847273958655,0.004929822526389183,0.006487813840437749,0.00736289068378654,0.013609388388435966,0.015676181562938627
RSP,index_8,shockAtrRatio,1241,0.12790191934933917,0.17208722281289854,0.2354063519928274,0.27878700191922945,0.33287075568953145,0.4262948373553486,0.4761336286448713,0.7650255256836681,0.7936948133520306
RSP,index_8,downsideExcursionPct,1241,0.0006701010609428221,0.001270394818781893,0.0021275404512626607,0.0029178512644021126,0.0037149817295979615,0.00470074948565798,0.006655202733123801,0.007437324374701481,0.007995041834521177
RSP,index_8,downsideExcursionAtrRatio,1241,0.05345694747116668,0.09886509291119529,0.15479380576407023,0.20270899707261264,0.24581352247773838,0.3135910453983982,0.3334730939840191,0.7101224754163987,0.7788037286737558
RSP,index_8,realizedMovement60Pct,1241,0.002168211873914472,0.00315861969835383,0.004474352420744821,0.005672434536452431,0.0069924621597658955,0.008556550680789664,0.009182186937635329,0.01385699888578374,0.021881529163429902
RSP,index_8,realizedMovement60AtrRatio,1241,0.17477197231499206,0.2421897740984301,0.3205598194070459,0.3723137062811775,0.4411897730130623,0.530303225792348,0.643549580223079,0.8394190958183575,0.9979356417200699
RSP,index_8,sessionDrawdownPct,1241,0.003003153310976497,0.005525806084083393,0.008307736678924172,0.010750610118066226,0.013528192518710565,0.017430518809100806,0.01948023740546289,0.0241780752761262,0.05207495825344788
RSP,index_8,sessionDrawdownAtrRatio,1241,0.24457389763336987,0.4435821984105923,0.6550511627362049,0.7774382746982221,0.9497632181124532,1.1617210174128363,1.5045780871662062,1.675091576708378,2.3749463071827894
RSP,index_8,pathLength60,1241,0.003634808137977563,0.00541696140608694,0.0075565338705255725,0.009429501500630488,0.01117251231811367,0.014683770181127254,0.016128427098894324,0.023470708884541752,0.03647979232030907
RSP,index_8,openToCurrentPct,1241,0.00006622955162582933,0.0032496911721908717,0.006301406208543581,0.008770601966471059,0.010927805978567351,0.013920588510000652,0.015567906131339446,0.018647635841383955,0.030447951538338902
RSP,index_9,shockPct,1241,0.0015507518796993068,0.002254899608990807,0.0032913332198195653,0.004205758654157267,0.004987531172069953,0.007139553656481012,0.008503267756959683,0.014902550649254661,0.020030012396424563
RSP,index_9,shockAtrRatio,1241,0.12393887328647807,0.16955521477950794,0.225019269470242,0.2851709383739587,0.33743619230444283,0.40719192614408,0.46186572327274894,0.6073559076941089,0.9134948076615
RSP,index_9,downsideExcursionPct,1241,0.000690492630776972,0.0012699570646288636,0.0021173078655734702,0.0028825995807127735,0.003398711321957019,0.004717604235750904,0.0055602996270652525,0.006992722895344098,0.0072525597269623284
RSP,index_9,downsideExcursionAtrRatio,1241,0.05459367980104717,0.0981416944491071,0.15328528833681354,0.18870329003981987,0.2552824768141344,0.32365531082599636,0.3921899858312023,0.43680170898658927,0.4838654479033492
RSP,index_9,realizedMovement60Pct,1241,0.0020205645333774133,0.002973714719379194,0.004269732227058494,0.005353556801358149,0.006434307307695155,0.008359376872647713,0.009561764031603012,0.014183876889395342,0.029005827081574554
RSP,index_9,realizedMovement60AtrRatio,1241,0.16355883646700548,0.22642860552058175,0.3001539599485995,0.35872746668453886,0.4099985005723019,0.5177662018172715,0.621270467666391,0.8870845590973344,1.3228485288244474
RSP,index_9,sessionDrawdownPct,1241,0.00300783435926138,0.005713499001858694,0.008694548454655103,0.011072339283317714,0.013703893442622864,0.017525546333099638,0.020255826118898538,0.026391659213742237,0.03401570907291731
RSP,index_9,sessionDrawdownAtrRatio,1241,0.24396912797261708,0.46231293915919386,0.6679545983535321,0.8233680271533389,0.9930205727660792,1.1773919257746503,1.3885565456058881,1.6415345602505307,1.723500067696236
RSP,index_9,pathLength60,1241,0.0034448717054078593,0.0050813021873720166,0.007293039697295112,0.009013132063647844,0.01090546051511665,0.013179721993198959,0.016670916366271014,0.025493286487058675,0.05488526995242915
RSP,index_9,openToCurrentPct,1241,0,0.003421272713449275,0.006484054518989035,0.009150833656456081,0.011249182472204078,0.014084924561128469,0.015246275502634576,0.019942120738635223,0.03698389925075718
RSP,index_10,shockPct,1241,0.0013933664827058382,0.0020574808718574755,0.003007016371533692,0.0038004750593823417,0.004988966708241487,0.006246106998543891,0.007020295943223446,0.00810984477272725,0.018114848137189783
RSP,index_10,shockAtrRatio,1241,0.1123926772555039,0.15741403222147465,0.2088852851776073,0.2493837203532738,0.31034606267706005,0.38506272598028696,0.4546521450389588,0.609030307366414,0.6410199091900358
RSP,index_10,downsideExcursionPct,1241,0.000596144929456206,0.0011179755283484934,0.0019316413585878287,0.0027989426216763614,0.0035248878444776575,0.00479799979848383,0.005421846905499549,0.007426976037690598,0.007839721254355506
RSP,index_10,downsideExcursionAtrRatio,1241,0.04801519038402071,0.08944679205841748,0.14684004989926858,0.18626090731371175,0.23799042880402027,0.31965143603099444,0.37759219602527855,0.46715831646851824,0.5767458886075197
RSP,index_10,realizedMovement60Pct,1241,0.001876081888841008,0.0027791151064051165,0.004147935207432974,0.005222669418371003,0.006186236453702125,0.007765090367577135,0.008829950829147655,0.014022384862176274,0.027190833108933495
RSP,index_10,realizedMovement60AtrRatio,1241,0.15471082777443004,0.21304072760331333,0.2907854299169392,0.3427745266432273,0.4018298781943678,0.4876889609337204,0.6216255111853064,0.8046424008568689,1.2400733643796922
RSP,index_10,sessionDrawdownPct,1241,0.0030326211682420545,0.005805974875963234,0.008756122269818478,0.011389201349831303,0.014725281762295048,0.01932419693434539,0.021412930948824085,0.02880752519587981,0.04137547158142123
RSP,index_10,sessionDrawdownAtrRatio,1241,0.2502350390571228,0.46924884585423093,0.680849584741831,0.8597478673107277,1.032265929785556,1.2188047483831255,1.4734898186569618,1.8734526479573022,1.901489221884913
RSP,index_10,pathLength60,1241,0.0031516051068668505,0.0047893749166572075,0.007112809101600059,0.008704555221374255,0.011096950255903515,0.013612914647818466,0.01520388202893509,0.023921199643421445,0.04985332103136175
RSP,index_10,openToCurrentPct,1241,0.00013357822674908704,0.00337186897880537,0.006821013969961154,0.009282578973879296,0.011717612809315714,0.01454993943638855,0.016066460733625918,0.02015150947533045,0.0374621393272756
RSP,index_11,shockPct,1241,0.0013772072205007187,0.0020588969303719272,0.00299234516353519,0.0038714540222010837,0.004991294254207856,0.006590651652116075,0.00794974567817999,0.016303610903007193,0.02103225806451607
RSP,index_11,shockAtrRatio,1241,0.114610837921235,0.1549541479257812,0.20614547933513513,0.25112121336024823,0.313254360096035,0.3991954999239462,0.45313768180160474,0.6057264351146397,0.9592035269414867
RSP,index_11,downsideExcursionPct,1241,0.0006054916088804188,0.0011753136168477826,0.0020363688328393055,0.0028171899810479073,0.0033423287365997936,0.00459715869397514,0.005752922175107749,0.007070467349386153,0.009351011863224028
RSP,index_11,downsideExcursionAtrRatio,1241,0.048785375054461816,0.09176074468294103,0.1431438256644672,0.19109431371906077,0.22718319687013466,0.3008846427902029,0.3229953194164725,0.45457540598972956,0.5441644501285138
RSP,index_11,realizedMovement60Pct,1241,0.0017655980332561226,0.0027130878856716587,0.003994822888168155,0.004780732018138674,0.006174341059963003,0.008449030195875135,0.008970609763819479,0.010777471128275682,0.022050891403461496
RSP,index_11,realizedMovement60AtrRatio,1241,0.14678408709031476,0.2020238773866824,0.27706082530383347,0.3474286157173411,0.40130200069318633,0.48140660413067793,0.5758002402570904,0.7803381664350354,1.0056596272983513
RSP,index_11,sessionDrawdownPct,1241,0.0031813958726315365,0.005828879834912,0.009022099074136702,0.011534230045782022,0.015086810417250077,0.019659053871477743,0.022729881424242582,0.03188335339921948,0.04582410786072114
RSP,index_11,sessionDrawdownAtrRatio,1241,0.2588361207489557,0.48293132396912475,0.683955649815554,0.8723876850130027,1.0016185185796191,1.278179755802031,1.539959151057115,1.9909540157302517,2.08986813228141
RSP,index_11,pathLength60,1241,0.0030085170629641222,0.0044900678443086095,0.0068081685944201276,0.008419152741306779,0.010996495035186293,0.01408576412577828,0.016544969560910464,0.018277402284790144,0.03792184559860534
RSP,index_11,openToCurrentPct,1241,0.00009354099434077945,0.0035206676228973777,0.006817900086773188,0.009381663113006367,0.012077534791252509,0.014620257727424476,0.017706467841629128,0.020192210201767702,0.034911525585844094
RSP,index_12,shockPct,1241,0.0013093185156799675,0.001970998169787422,0.0029479200786111273,0.003708012214628406,0.004595720235530564,0.00544914757090576,0.00696577223402489,0.011155114116696565,0.021453245257863112
RSP,index_12,shockAtrRatio,1241,0.10409935873889546,0.14648309375053775,0.20617354683935854,0.24867443279223764,0.3030983115716896,0.3631974181471066,0.43081230059684505,0.5200081561897523,0.7333428354492239
RSP,index_12,downsideExcursionPct,1241,0.000568787771063011,0.0010936132983376456,0.0018548904901190763,0.002489487875989226,0.0032321899736146484,0.004159369673137912,0.0047398185978697795,0.007023076501336274,0.010941475826972004
RSP,index_12,downsideExcursionAtrRatio,1241,0.047043775417706254,0.08549187636558797,0.13597899542887076,0.17492037598539395,0.2211482215785016,0.2709104003321636,0.3093841900218972,0.43464098886806163,0.44808848902621906
RSP,index_12,realizedMovement60Pct,1241,0.001686865925994725,0.002624828965538641,0.003867646615168989,0.004772023664038159,0.005728425954945289,0.00764564480313497,0.008388150155796279,0.010301109274413122,0.021479100901731885
RSP,index_12,realizedMovement60AtrRatio,1241,0.14175277869395797,0.19510706191371138,0.26592356362859493,0.32763864443804985,0.37064098953749597,0.4538668896139405,0.50233479460432,0.5549753411749697,0.9795823766175978
RSP,index_12,sessionDrawdownPct,1241,0.003254075649204172,0.005829259119969779,0.009177772190093084,0.011580594679186172,0.016134959078002473,0.020390490743677114,0.023484978584470382,0.036118503470954216,0.04168532376770353
RSP,index_12,sessionDrawdownAtrRatio,1241,0.2617614563857131,0.482772798861961,0.7234292998749108,0.8921026788058539,1.0301420952727467,1.2643241040487192,1.5668015997315492,1.8854672048633037,2.093502570026877
RSP,index_12,pathLength60,1241,0.0028746144213995795,0.004384874420548468,0.006544116309469383,0.008053126679657852,0.009994962093345605,0.012622413227874664,0.014138623813723971,0.018990882234621715,0.0356484665020983
RSP,index_12,openToCurrentPct,1241,0.00007409785857181994,0.003368742008458714,0.0070200781923002165,0.009763331891490923,0.012018534607587616,0.01510124450337979,0.017004738370747216,0.02132562539148911,0.03260003188267202
RSP,index_13,shockPct,1241,0.0013023314910108157,0.0019280020718827058,0.002756267226670085,0.0035265154035531384,0.0046069884470903485,0.005816866751708144,0.007494022264937477,0.01438088410532382,0.015806111696522653
RSP,index_13,shockAtrRatio,1241,0.10505218295186262,0.14482514736429306,0.19779734272050128,0.24320736331106743,0.29166272727628784,0.36042890762984925,0.4598579967006015,0.6667215041017247,1.0391516672559205
RSP,index_13,downsideExcursionPct,1241,0.0005666525003542464,0.0010728894253335787,0.001797866205305713,0.002358986336564267,0.003063485855820616,0.004181064203535358,0.004558552314919511,0.006111401382794186,0.010754048582996058
RSP,index_13,downsideExcursionAtrRatio,1241,0.04502211059556513,0.08512323102160792,0.13421147414254278,0.178638687592249,0.2148768442475287,0.2651358739205849,0.3138621407505009,0.45622096252048533,0.468809964863501
RSP,index_13,realizedMovement60Pct,1241,0.0016378182393960378,0.0024834126108204788,0.003640865976432542,0.004597830371686823,0.005507703651321809,0.007437931379893585,0.008767247772669892,0.010684827489254652,0.014815950074529988
RSP,index_13,realizedMovement60AtrRatio,1241,0.13565031018543489,0.18984620171924363,0.24878155806428426,0.2988109434506452,0.368750267878334,0.47100170301740757,0.4919209411783552,0.5360604784977399,0.5805526546551922
RSP,index_13,sessionDrawdownPct,1241,0.0032703730895014952,0.005992556613890043,0.009331820994019397,0.012131353273373833,0.016367559602126127,0.02031982396842998,0.02586665819853244,0.028388479384472434,0.045828437132784935
RSP,index_13,sessionDrawdownAtrRatio,1241,0.26593899475757143,0.4886635872471327,0.7446834364680142,0.9117849809153071,1.058304230881074,1.2832860398928634,1.6286264632672238,2.0317706967896285,2.0900655743734546
RSP,index_13,pathLength60,1241,0.0028049514744248327,0.004118309845144608,0.00620790366728341,0.008019517251698138,0.009339808403678651,0.012467134141591174,0.013636240351099777,0.019757303954826774,0.027370853996123268
RSP,index_13,openToCurrentPct,1241,0.00004953437685739637,0.003709622189247863,0.007091796210143997,0.010022938067218545,0.012617621899059017,0.015167169813351944,0.015746628267571065,0.021357744842745153,0.0374621393272756
RSP,index_14,shockPct,1231,0.0012836336706986884,0.0019041450016972087,0.0028332546318158903,0.003527657847093977,0.004144281476598511,0.005617108812456384,0.006569665058911641,0.009329463003405052,0.018139211417513373
RSP,index_14,shockAtrRatio,1231,0.10152283706316324,0.14130322614760352,0.2013953456798546,0.24848032944785253,0.29616697966607936,0.36117375188292933,0.38776425067949344,0.5247330124832246,0.6200582044274446
RSP,index_14,downsideExcursionPct,1231,0.0005449715025318675,0.0011303801426710645,0.0019533527696794484,0.0026363881164560635,0.003163925164052645,0.004020763330767037,0.004905240562632869,0.0061681002640442675,0.006466527131298594
RSP,index_14,downsideExcursionAtrRatio,1231,0.04507110850748133,0.08683084552914311,0.13913551719189243,0.18518897747563662,0.2345117589753083,0.2765014124426664,0.3033977383066767,0.36522203248744034,0.4184951841679429
RSP,index_14,realizedMovement60Pct,1231,0.0016017516770895303,0.0024263009795595343,0.003513787485500006,0.0046401692655788345,0.005592492146541433,0.006826104628590727,0.008852875516919276,0.010714512001720787,0.01463540686803646
RSP,index_14,realizedMovement60AtrRatio,1231,0.13385960732834204,0.18444245343689342,0.24573420095224652,0.29200300065866586,0.35458590267216306,0.43772271401924073,0.48880878798298466,0.5480292912243796,0.6000339745594818
RSP,index_14,sessionDrawdownPct,1231,0.003264316358888214,0.006087389384478923,0.01010622602537625,0.012705839147648706,0.016550850886492705,0.02032157256605783,0.02475188706049863,0.030171885998005122,0.050219555940379766
RSP,index_14,sessionDrawdownAtrRatio,1231,0.2795080407867363,0.4999815999090381,0.7334548997859789,0.9502269550119136,1.1042698827118853,1.3815104614841194,1.6115884645822511,2.1884111179219095,2.2903282677344765
RSP,index_14,pathLength60,1231,0.0026894552378593506,0.004129521005094006,0.00584365872270276,0.008009443366371105,0.009963569785223891,0.01139893846378274,0.012292291575845533,0.018799441150616606,0.026533367448985712
RSP,index_14,openToCurrentPct,1231,0.000047020484171378385,0.0036907516149542463,0.007244485054170635,0.010008717098269226,0.012390899094978869,0.015620765654164726,0.017099704119683104,0.02049693080076912,0.03817949944205323
RSP,index_15,shockPct,1231,0.001365367846160782,0.0020001965666276377,0.0030130034887408457,0.004068896425373391,0.004885344012049948,0.006078399663780143,0.008156124819429192,0.017280783204837707,0.02065893799159732
RSP,index_15,shockAtrRatio,1231,0.10981615178558657,0.15624220670995542,0.20685532098149345,0.2475768992563082,0.3144027179348253,0.4016344011782919,0.464266574126167,0.6499578702853043,0.6571803598396204
RSP,index_15,downsideExcursionPct,1231,0.000617955309472019,0.001163353709758048,0.0019586046265417634,0.002583271635133141,0.003516676147409972,0.004656053146488683,0.0052608974703347395,0.007275697353880794,0.011340303882237657
RSP,index_15,downsideExcursionAtrRatio,1231,0.05094250828573386,0.09287478788406481,0.1497145747070626,0.19874427934787914,0.23974632113037134,0.3008334062921561,0.3560844489362237,0.4565833373183266,0.47411897167472494
RSP,index_15,realizedMovement60Pct,1231,0.0016148091161270828,0.002399442342070778,0.0036117735374839037,0.00464249308471029,0.005538614799399817,0.006774962014333405,0.007985059111853461,0.013155986362656254,0.0164039314564131
RSP,index_15,realizedMovement60AtrRatio,1231,0.1290801266350792,0.18190238868453668,0.24892927642946855,0.30166926704927743,0.3662680780317373,0.4462117483045298,0.5259490087238238,0.6122722870588542,0.6591821682060083
RSP,index_15,sessionDrawdownPct,1231,0.0033535211972570574,0.0061175066752339495,0.010105052526263182,0.013105672509805042,0.017149254549971394,0.02202082490975265,0.02646110930798292,0.034393735743358356,0.039581916012122
RSP,index_15,sessionDrawdownAtrRatio,1231,0.2734514862813882,0.49520013892247106,0.7583024702573026,0.9967879442388463,1.1502675504568796,1.3424752868369532,1.6246564288511187,2.1145248227753175,2.265096878734371
RSP,index_15,pathLength60,1231,0.002753149768428109,0.004057560149503814,0.005971378738056976,0.007868656819957243,0.009493589336601937,0.011644263376581435,0.012893175300463564,0.023705090667527705,0.030284675414673057
RSP,index_15,openToCurrentPct,1231,0.00005498735290876411,0.003884785160453208,0.007240380637153487,0.010017337127234405,0.012793695702613628,0.01549931100169444,0.019005388242269834,0.021088700756826624,0.038657739518571654
RSP,index_16,shockPct,1231,0.0012572789835891855,0.0020021319934890977,0.0029235103385955616,0.0036697782113088305,0.004622606624968031,0.006591228652569995,0.008113883141007083,0.013789999572220716,0.06942903752039162
RSP,index_16,shockAtrRatio,1231,0.1021682750462971,0.14479933827787633,0.2086608649473083,0.256577869001692,0.3199585014223699,0.412439776208211,0.47774196214582076,0.7405649539534127,2.3958783418329226
RSP,index_16,downsideExcursionPct,1231,0.000562864982762148,0.0011234442826672545,0.0020026216137489492,0.0026950625156090336,0.0034661464010028653,0.0046987467007319796,0.006076339402896262,0.0084030981741702,0.009094638949671857
RSP,index_16,downsideExcursionAtrRatio,1231,0.04535962687496443,0.08811445087643127,0.151633720729741,0.19746944738060068,0.24336438125235638,0.3150722433305218,0.39414927491909035,0.4839572051170986,0.5163029067015106
RSP,index_16,realizedMovement60Pct,1231,0.0016322767997639515,0.0024515199658690333,0.0037054296276575814,0.004745563679026538,0.005752141608530421,0.007335578584829837,0.00888484038427317,0.016321487099292573,0.044851134954285145
RSP,index_16,realizedMovement60AtrRatio,1231,0.12884085708562573,0.18488849247341327,0.2538462458162112,0.31647782447778816,0.3769017182791829,0.4769249592815516,0.5308633908772058,0.7158238922677497,1.547736605336585
RSP,index_16,sessionDrawdownPct,1231,0.0034037232564601907,0.006288206991381598,0.010694787226086357,0.013460966493392273,0.017123781218089495,0.02232567400021469,0.02580547195003097,0.0318148570159201,0.038954573739887935
RSP,index_16,sessionDrawdownAtrRatio,1231,0.27672021706740957,0.5289977375252564,0.7820221953010733,0.9656378750915124,1.216703435233414,1.4450401751500572,1.5389965811638178,2.0469737207879346,2.199624820120404
RSP,index_16,pathLength60,1231,0.00274337872960706,0.0041051540630480665,0.006379812141780294,0.00790013516708199,0.009487899656073467,0.011723240272955161,0.013354906595867638,0.030258802324614482,0.050070141239579646
RSP,index_16,openToCurrentPct,1231,0.00012510947078681056,0.003861486252241697,0.007216908184890292,0.009978807228228859,0.012885990304531747,0.01584571044189714,0.017902191221476564,0.03913522609650959,0.0585823856122718
RSP,index_17,shockPct,1231,0.0012699378210328013,0.00195915229089437,0.002941874258600124,0.0037507767454598904,0.004678610533004392,0.006690773900693445,0.00927713108523943,0.016484329783592204,0.023737039350405952
RSP,index_17,shockAtrRatio,1231,0.10182787557581811,0.1430527564591914,0.21139626847255724,0.26566362162143,0.3282731217850855,0.42726648829638475,0.4568369637318652,0.6894137052615833,0.8191249729217428
RSP,index_17,downsideExcursionPct,1231,0.0005378627034677925,0.0010267913138718727,0.0017421839601269135,0.0024211558811677272,0.003191739544795278,0.004012839141937192,0.004754030433156313,0.0072781540464505355,0.00832823025107173
RSP,index_17,downsideExcursionAtrRatio,1231,0.04318638646361294,0.08347119153806735,0.12980896968232122,0.1724972816825716,0.22691376038393948,0.3182187544356057,0.3423859062305791,0.40978098032513344,0.4525719666220664
RSP,index_17,realizedMovement60Pct,1231,0.0016139948711089184,0.0025135039693342087,0.003722398272419655,0.0047172811621936815,0.0059903031926898664,0.00815747587334636,0.008942368247233537,0.014679773271537093,0.04507114166868915
RSP,index_17,realizedMovement60AtrRatio,1231,0.12833455078528633,0.1873444635285151,0.25908607696435787,0.32266052602757167,0.3851047599308517,0.4923594177692687,0.547174573395632,0.7952036063753032,1.5553286639466957
RSP,index_17,sessionDrawdownPct,1231,0.003364786774925082,0.006404533498214068,0.010577705451586733,0.014241546828404414,0.017578231794858866,0.022226004516159678,0.024708012379811406,0.029361579078605104,0.0302938960060285
RSP,index_17,sessionDrawdownAtrRatio,1231,0.28428689225771275,0.5248448659860496,0.7972534565504497,0.9907762896861709,1.191783657925491,1.3498061358086504,1.649720416980984,1.9178468874629568,2.056469534640418
RSP,index_17,pathLength60,1231,0.002694618639649482,0.004168425904176543,0.006320982722644586,0.008299928276614077,0.010231986991703135,0.013125191343572373,0.014827619894073756,0.027304404041439814,0.054325546952477266
RSP,index_17,openToCurrentPct,1231,0.00021213406873155094,0.004071541907952669,0.007386406028501158,0.010396685357985658,0.013640764654458237,0.016888671576184167,0.019528922685933776,0.03954454115325072,0.06329542449087544
RSP,index_18,shockPct,1231,0.001228767618359349,0.0018890048006760213,0.00268836241413313,0.003530325931512244,0.004299456780194878,0.006352159099212464,0.008257082691611486,0.015497517925613252,0.017971206272137632
RSP,index_18,shockAtrRatio,1231,0.09586160246344907,0.13783661136195996,0.1983252275933551,0.24552216706559077,0.28662515353157264,0.37442449199807304,0.48734952637619916,0.6123773647971068,0.6570317798280076
RSP,index_18,downsideExcursionPct,1231,0.0004927148588723388,0.00102121382228864,0.0018823243669925452,0.0024955804359187385,0.003142533550305268,0.003884703539084034,0.004428397327912465,0.006026814597153146,0.00634656067696653
RSP,index_18,downsideExcursionAtrRatio,1231,0.03992216056632561,0.07919988539224129,0.13282424498848433,0.17919111106895724,0.2192475676380549,0.2579944990308418,0.288816869783337,0.3283426606763126,0.40100875822530646
RSP,index_18,realizedMovement60Pct,1231,0.0016054892056301506,0.002442028848916449,0.0035590030651848938,0.004556506845544173,0.005889731634588937,0.008551956033038387,0.00969291765591058,0.014542386655168299,0.04770283619051764
RSP,index_18,realizedMovement60AtrRatio,1231,0.12929879225278557,0.18323752171110436,0.25682123100741205,0.32227341888726935,0.3970279032539574,0.48199707839453715,0.5670912470991604,0.7845666898269485,1.6461439788690344
RSP,index_18,sessionDrawdownPct,1231,0.0033756329311745454,0.006530735751982556,0.01067027351968744,0.014541813188082923,0.017608771350287183,0.0225742495028272,0.02506468617128126,0.02835777835714894,0.03173615432482884
RSP,index_18,sessionDrawdownAtrRatio,1231,0.28225320909094964,0.5282541863698209,0.808632845027529,1.0344200969484667,1.2000050132259892,1.337998985367535,1.6862692448634575,1.956098316852486,2.0326264096011135
RSP,index_18,pathLength60,1231,0.0026871781736432787,0.004109318354045877,0.006112534062541086,0.007842671246531208,0.01022852983386957,0.014331253871096097,0.017510279893034747,0.02680652165500533,0.06727567235792042
RSP,index_18,openToCurrentPct,1231,0.00012773023374612613,0.00392932315726191,0.007736276732039027,0.010533402688974625,0.013947777914957382,0.017544002056123217,0.019081178848452146,0.040292780102158074,0.08020364982808781
RSP,index_19,shockPct,1231,0.0013813622356816009,0.0021574443774308415,0.0033294543573828958,0.004837719036796705,0.006623499425432701,0.008900974005590432,0.013514015800746302,0.016573932218600054,0.03148307515777406
RSP,index_19,shockAtrRatio,1231,0.1099543128157816,0.1559954655598083,0.24448635381164305,0.3446492346732331,0.4293046677989085,0.5808145677832749,0.8291311126432526,1.1516178498958796,1.557967976786908
RSP,index_19,downsideExcursionPct,1231,0.0005722051355411809,0.001202066677463697,0.002222062934556679,0.003050984186659996,0.004113831633963226,0.005663523724542128,0.008464757119059986,0.013957720625772739,0.016007532956685555
RSP,index_19,downsideExcursionAtrRatio,1231,0.04632978682534937,0.09705531490158827,0.15990216818111047,0.22614416047182095,0.28186976531440866,0.42208138367484827,0.4725152605466855,0.9323174243613528,1.10227529203526
RSP,index_19,realizedMovement60Pct,1231,0.0016212220223277309,0.002577966358015335,0.0036231386091402943,0.004820015999906254,0.006508394095060887,0.009335793547208376,0.010529248887095883,0.015402221304057398,0.047654917581791835
RSP,index_19,realizedMovement60AtrRatio,1231,0.1306343194364769,0.19104164747904212,0.27256596820798873,0.34959219034002276,0.42859453481402965,0.5177266222758661,0.668977904214191,1.0328901134228519,1.644490388945896
RSP,index_19,sessionDrawdownPct,1231,0.0035724363254050545,0.006628415832905458,0.010887178448450361,0.015327253146205793,0.018297093787266565,0.0226986994643729,0.025800789670545134,0.03125441401422042,0.03708774113254499
RSP,index_19,sessionDrawdownAtrRatio,1231,0.2956516467164802,0.5440072642981653,0.8467393007444446,1.0242068368773003,1.2455683915523532,1.440047247147945,1.700828613687304,1.9594986295328922,2.0624303159002397
RSP,index_19,pathLength60,1231,0.0027594180810167623,0.004327216573920711,0.006166970727101706,0.008266084379179528,0.010698537021938903,0.014580141184476004,0.018374784461270954,0.023593587865717785,0.06566424966284257
RSP,index_19,openToCurrentPct,1231,0.00006341556217881461,0.004028469720890326,0.007856528136364949,0.01070329778024215,0.013699264193247629,0.017688068533357852,0.02011780500702101,0.03890812167872444,0.07954244908754293
RSP,index_20,shockPct,1231,0.0012804063156042003,0.002034842917403974,0.0030472320975115422,0.00406445421673572,0.005101154105691685,0.00700386278635622,0.007857957150477008,0.011648164466192905,0.014995904479868915
RSP,index_20,shockAtrRatio,1231,0.10424834362579549,0.14854661059386648,0.220839621285879,0.2749534505720575,0.3428617322748015,0.4129085530173753,0.46177011318265215,0.5935784068058788,0.7133258508896401
RSP,index_20,downsideExcursionPct,1231,0.0005554673861291317,0.0011207424097838107,0.001868579052701831,0.002572975620527934,0.0031869725763607314,0.004079618147288227,0.00528230212505686,0.00673687413168166,0.007031957112023888
RSP,index_20,downsideExcursionAtrRatio,1231,0.04605195073563723,0.08780471997089982,0.13293523159897905,0.17000860651751656,0.22244951041013203,0.32612752761343855,0.3627718764310225,0.43063457777832853,0.46232048656640923
RSP,index_20,realizedMovement60Pct,1231,0.0016165285847405382,0.0026115838641189385,0.003719715612947771,0.00489315214063504,0.006173295677128489,0.008924086766374902,0.010340142754212576,0.016749103203443146,0.017963105299685294
RSP,index_20,realizedMovement60AtrRatio,1231,0.13296649734385627,0.19013730458957145,0.27488773639150316,0.35085366605412827,0.4232205317512427,0.5414432509944216,0.6236235311126059,0.8397134262444874,1.1093155832370547
RSP,index_20,sessionDrawdownPct,1231,0.003594054580896707,0.0066964872663279875,0.011337420077779967,0.015306179012993157,0.01845075833528608,0.022765215704464326,0.02649179564933909,0.03275181400414412,0.03951462352209082
RSP,index_20,sessionDrawdownAtrRatio,1231,0.29809544636896673,0.5479241095084825,0.8467606140941364,1.0743691203681167,1.2467776865897484,1.4918578514407124,1.7896327820985702,2.0336581749341436,2.139920472278009
RSP,index_20,pathLength60,1231,0.002787999995361279,0.0042765417922432936,0.006265916901934343,0.007907416866251016,0.010425640427317723,0.014008778933007367,0.017313458314006977,0.0263422930949306,0.02966542389351412
RSP,index_20,openToCurrentPct,1231,0.00018619002021491582,0.004206556571537123,0.008066156036060423,0.010944205916632366,0.013672148739063028,0.017884773905570972,0.018973958010172768,0.03698444321939574,0.08714625760380845
RSP,index_21,shockPct,1231,0.0013337245592040332,0.0020884815248207846,0.0033641715727502765,0.004579493503981364,0.006001713702001127,0.009658471254816463,0.013313440690714815,0.019198939771835705,0.025307033866765954
RSP,index_21,shockAtrRatio,1231,0.10743301716467742,0.15521830309336404,0.23527843077945204,0.31047579418256044,0.45216976279870347,0.6160571027882573,0.8044372905068315,1.032627657371135,1.0521326310534047
RSP,index_21,downsideExcursionPct,1231,0.0005158479967902987,0.0010981235679526262,0.0019269001376357102,0.0027923867317114657,0.003442643184468512,0.004800964408198822,0.007678803245956825,0.010659956912239775,0.01361176065195788
RSP,index_21,downsideExcursionAtrRatio,1231,0.041743387978486785,0.08353221096014121,0.14331144958355999,0.19533115400507567,0.25356866499491904,0.36386639079302513,0.46337004988074976,0.7431960472475456,1.0232278884420571
RSP,index_21,realizedMovement60Pct,1231,0.0016484283424546167,0.002604733105343765,0.00382984666912271,0.005338335028439409,0.00692632374487105,0.008984748951034014,0.011160304208103074,0.01984078655293912,0.02278675807681522
RSP,index_21,realizedMovement60AtrRatio,1231,0.13368295363723492,0.19374492707620133,0.27842581586956877,0.3679295383565284,0.4603091850688994,0.6725641514106844,0.7219975282953589,1.0814956128543949,1.1871037798601665
RSP,index_21,sessionDrawdownPct,1231,0.003448275862069041,0.006706512169388587,0.011427012609117479,0.01514879271892862,0.018054073055707238,0.02290008386440649,0.02701349585312382,0.03641398898298912,0.04031176104542616
RSP,index_21,sessionDrawdownAtrRatio,1231,0.29348719959227176,0.5483659395999161,0.8628301818891615,1.0973155198880835,1.2706775388153808,1.5407024713267676,1.7753510758943662,2.108403824548572,2.360469378891606
RSP,index_21,pathLength60,1231,0.002770445184798964,0.004454712467425959,0.006439028532218338,0.00892837292447396,0.010919386926721758,0.013905309482174444,0.01826183773390713,0.032645457000139586,0.03544136576314472
RSP,index_21,openToCurrentPct,1231,0.00006432522835453369,0.00444044698187962,0.00839291265153852,0.011543015599951412,0.014070802699490847,0.01834260768426977,0.019655315040953462,0.0399779067219819,0.0765670457550911
RSP,index_22,shockPct,1231,0.001271587414241799,0.0020627750247072087,0.0033619965086959997,0.004429900618115554,0.005640805629362105,0.007372226783363825,0.010220214552231117,0.01602876082693131,0.019842233009708797
RSP,index_22,shockAtrRatio,1231,0.10097677504072995,0.15034663013198868,0.23226407431802853,0.2956833591682276,0.3848892825773971,0.5418803231908166,0.6839433869578455,0.8163463827710812,0.8829932063426008
RSP,index_22,downsideExcursionPct,1231,0.0005029347793700685,0.0011181334003315872,0.0020337604230220526,0.0030002559810142957,0.0041171452444888615,0.006136526920523867,0.00672572411473455,0.0113807421417283,0.01513853184804345
RSP,index_22,downsideExcursionAtrRatio,1231,0.04120895118945123,0.0815023596149782,0.15226242130215112,0.20481050977203913,0.2901405377692856,0.4037957884615295,0.6375712924189649,0.7392787078235318,0.8047533019831222
RSP,index_22,realizedMovement60Pct,1231,0.0016392658257354668,0.002663279156924238,0.004171670399309908,0.0057979291659979865,0.007301054010478001,0.009484979295196837,0.0112173434301685,0.020346506812134478,0.022878322386278373
RSP,index_22,realizedMovement60AtrRatio,1231,0.1334117655058228,0.19361511707050474,0.30397294883449755,0.3984038421359048,0.4930623006231166,0.697717532118484,0.837908721578527,1.1490803924498556,1.2842012604126314
RSP,index_22,sessionDrawdownPct,1231,0.003595554587055985,0.006987305128020257,0.011762205059165285,0.01574695575368422,0.019955361757545136,0.02314669698523093,0.028721574256461713,0.036854496110710136,0.03995021779713745
RSP,index_22,sessionDrawdownAtrRatio,1231,0.29425041803826535,0.5637892996789171,0.887449277679055,1.1191068657190921,1.3194529788579286,1.588119685612797,1.855275985103154,2.229237797230706,2.4856457853479843
RSP,index_22,pathLength60,1231,0.0027371440938854796,0.004532122064489608,0.006919657983819882,0.009493787213850136,0.011705224014970539,0.015523859549396016,0.019564807337888786,0.035075730649168385,0.0371177974874618
RSP,index_22,openToCurrentPct,1231,0.00022547914317927464,0.004496864467070094,0.00863429012562289,0.011910637897804666,0.014846470458982353,0.01805632828765916,0.020311047179630875,0.04202362475090549,0.07035175879396971
RSP,index_23,shockPct,1231,0.0014308710427473267,0.0022043820938046584,0.0035030814142068896,0.0044031910215071735,0.005414755185556812,0.007919618126247979,0.009506004362993186,0.015163559096098591,0.020359245099823956
RSP,index_23,shockAtrRatio,1231,0.11362467473464465,0.16191672634241816,0.23355277867502916,0.30620257728604194,0.3713294201501408,0.509381662500024,0.5994105669064932,0.7216294434815017,0.7668671655362154
RSP,index_23,downsideExcursionPct,1231,0.0005724426126280515,0.0012321069536324015,0.002110215558064559,0.0029723587197121202,0.0036355136958011345,0.004543356914186797,0.0056182300064353185,0.011172134665350008,0.011950459911639065
RSP,index_23,downsideExcursionAtrRatio,1231,0.04867387883900741,0.09680302991818825,0.15438447691668394,0.2062747315263953,0.273877725979537,0.34271214869071,0.4454881495253334,0.6425746848616023,0.7500499031341018
RSP,index_23,realizedMovement60Pct,1231,0.001648689561211376,0.002682247854351707,0.004346333342045171,0.005616867337601963,0.00729183318460522,0.00933941265147164,0.01084478214122958,0.018555773864684988,0.020369092949649264
RSP,index_23,realizedMovement60AtrRatio,1231,0.13208645985895168,0.19937289889769,0.296336817949811,0.39081977368200427,0.4973367969906439,0.6726352397584259,0.7587726220498321,0.9341421774111305,0.9813486111791996
RSP,index_23,sessionDrawdownPct,1231,0.003578904720102648,0.007135477653502948,0.011899939234352818,0.015903235258211086,0.019299941801377826,0.02521355467299845,0.029520766526117088,0.03774962150305467,0.04785314250155568
RSP,index_23,sessionDrawdownAtrRatio,1231,0.29507585406068587,0.578582976404945,0.891124925170313,1.1745347982673453,1.377444037430719,1.7302317010021109,1.9104854318812372,2.326133454125111,2.59293984802488
RSP,index_23,pathLength60,1231,0.00278009182332406,0.004501603730889481,0.007256623672206808,0.009210077032710318,0.01195294446303527,0.014650319575856966,0.019550125401226505,0.030764677962435778,0.0361382840965504
RSP,index_23,openToCurrentPct,1231,0.0001991341991340878,0.004682013294214138,0.008837508664224059,0.012474937616066328,0.015147236999808744,0.01883225029105322,0.02080279522690992,0.04242351210191468,0.0848981750859561
RSP,index_24,shockPct,1231,0.00134706052150491,0.0021372089306883474,0.003300953932061398,0.004368047186080688,0.0057806621237043426,0.007908662753863975,0.00994859795724123,0.01306678589794578,0.022655490767735605
RSP,index_24,shockAtrRatio,1231,0.10834597455174415,0.15574126066935712,0.22983811987320138,0.2948443199402483,0.3748737301829798,0.49241715346836784,0.5540478953121757,0.7417276446189529,0.7744395609338143
RSP,index_24,downsideExcursionPct,1231,0.0005850416549658335,0.0011765429955569407,0.0019554366284157045,0.00268134575170389,0.003728255604995054,0.005376044602550428,0.006721588530295484,0.0094314621017101,0.013332372441625788
RSP,index_24,downsideExcursionAtrRatio,1231,0.045951195373300495,0.08842923530547447,0.1438036570402276,0.19387303464148942,0.25487574872403046,0.3748820780782475,0.44335751234126974,0.5847054716374216,0.6597643087454311
RSP,index_24,realizedMovement60Pct,1231,0.0016072443712769012,0.002651328982861963,0.004326065410141021,0.0058191106122172384,0.007430374440145419,0.009349647651436293,0.010777280534085457,0.018956752063349055,0.02211073509896995
RSP,index_24,realizedMovement60AtrRatio,1231,0.12983403312234215,0.1933596787576004,0.29526522051165355,0.37782957589499166,0.5285872976344937,0.712915413489688,0.7862109858427401,0.9763001542419151,1.002302802451012
RSP,index_24,sessionDrawdownPct,1231,0.0035981352273083884,0.0073007348226433524,0.0122269868496282,0.016645880434691607,0.019906479209631282,0.02488375776677348,0.029667093191105092,0.04360611064785302,0.04632856253889231
RSP,index_24,sessionDrawdownAtrRatio,1231,0.2973617096176729,0.5969230855375924,0.9371600655826281,1.1984515337458612,1.423645666817066,1.7970505008048152,2.0511544201141443,2.565902293079197,2.657951711124378
RSP,index_24,pathLength60,1231,0.0027615578101736205,0.00447244017596321,0.007220234753137489,0.009679476033600365,0.012348515239020585,0.015718295501086416,0.018469666432758856,0.03242731055832327,0.03802410816572843
RSP,index_24,openToCurrentPct,1231,0.00006981893392699057,0.004858933806774934,0.008724787685775004,0.012514151892973557,0.01537914563378584,0.01948121355568698,0.021350539712647835,0.040913252013644305,0.08860089923300696
RSP,index_25,shockPct,1231,0.0014865070894955145,0.002359724825735614,0.003418893330528117,0.004361940865868881,0.00562090401071971,0.007495088617649784,0.00920571704828595,0.013123030155295794,0.014333312378198286
RSP,index_25,shockAtrRatio,1231,0.12209441576506508,0.16839973473015724,0.2392697065214634,0.3065562750111769,0.37283105379334475,0.43834058213782995,0.554502392769919,0.8069796795810815,1.2604711181941746
RSP,index_25,downsideExcursionPct,1231,0.0006800664953906146,0.0013580961389124003,0.0022482962130262176,0.0030545003877386527,0.00395463389775248,0.005484853975698127,0.00713538894574822,0.00928814144257872,0.01353952562722253
RSP,index_25,downsideExcursionAtrRatio,1231,0.055331410387704776,0.10389114869472368,0.16287453511513372,0.20619659874162322,0.2785622145056023,0.3719816238068628,0.5351980878073608,0.8026225042174401,1.1731808745519192
RSP,index_25,realizedMovement60Pct,1231,0.0016324207194525298,0.0027074436876990205,0.004294262512963428,0.005848119672203497,0.0071446690136368705,0.010083278905595084,0.011552508138269475,0.015554539568220335,0.01581992449498053
RSP,index_25,realizedMovement60AtrRatio,1231,0.13673227305953797,0.1948221932123543,0.2989360210004077,0.375799506384714,0.5090945552754369,0.6186785109197561,0.7439324836688022,0.8767408295183884,1.3485453338125521
RSP,index_25,sessionDrawdownPct,1231,0.0037160690956596684,0.00738583812282032,0.012430289592152272,0.01660622073274069,0.02151085729813973,0.0261491102469273,0.02880846670591899,0.043336376776050026,0.059116365899191045
RSP,index_25,sessionDrawdownAtrRatio,1231,0.30281356074478233,0.6121438889216857,0.9423518409810216,1.1816919024826293,1.4284777642238782,1.8320570284658213,2.0541974188145744,2.5206521394572787,3.778527753860634
RSP,index_25,pathLength60,1231,0.0027812501205348727,0.004575201422637565,0.007227307429943708,0.009995786593022749,0.012050977039328087,0.01593605769366246,0.020646581161417453,0.023687258103876237,0.02670094456710448
RSP,index_25,openToCurrentPct,1231,0.0001353986135181895,0.004654383559672848,0.008886734529003126,0.01297831955208606,0.016046197230099313,0.02013270007052908,0.022961520109258147,0.04139501877637825,0.08959270034382416
RSP,index_26,shockPct,0,,,,,,,,,
RSP,index_26,shockAtrRatio,0,,,,,,,,,
RSP,index_26,downsideExcursionPct,0,,,,,,,,,
RSP,index_26,downsideExcursionAtrRatio,0,,,,,,,,,
RSP,index_26,realizedMovement60Pct,0,,,,,,,,,
RSP,index_26,realizedMovement60AtrRatio,0,,,,,,,,,
RSP,index_26,sessionDrawdownPct,0,,,,,,,,,
RSP,index_26,sessionDrawdownAtrRatio,0,,,,,,,,,
RSP,index_26,pathLength60,0,,,,,,,,,
RSP,index_26,openToCurrentPct,0,,,,,,,,,
RSP,prior_ATR_lt_1pct,shockPct,7902,0.001134384499709097,0.0016993091007096136,0.002558284749632207,0.00326538966589849,0.004106583557262356,0.005062784960220798,0.005827959627610317,0.008032795868170252,0.010673497705197994
RSP,prior_ATR_lt_1pct,shockAtrRatio,7902,0.12362033514232511,0.1842701934038431,0.2775561361251406,0.3577638387029335,0.44753070753310986,0.5588131454251504,0.6363175293713286,0.8577378927756955,1.2604711181941746
RSP,prior_ATR_lt_1pct,downsideExcursionPct,7902,0.0004985164260167314,0.0009748481701637561,0.0016838662855063542,0.002242422346114482,0.002902829369584129,0.0039060201844354926,0.004652203179087156,0.007078068348150572,0.009508716323296394
RSP,prior_ATR_lt_1pct,downsideExcursionAtrRatio,7902,0.054650903243543436,0.1071511511223883,0.18342798226537899,0.24463067437649544,0.3148488188729107,0.4350233345060787,0.5149147995051172,0.781095440136839,1.1731808745519192
RSP,prior_ATR_lt_1pct,realizedMovement60Pct,6948,0.001375570395110391,0.0020457032262495892,0.0029772454062034293,0.0037143251689171876,0.004497807374613218,0.00565456259460487,0.006896384538976849,0.009264163594964209,0.01093005802129714
RSP,prior_ATR_lt_1pct,realizedMovement60AtrRatio,6948,0.15090029872606003,0.21996327547997047,0.32623150211737495,0.40113338922088065,0.483674521156604,0.6319789444755056,0.746231981910633,1.092066798595175,1.3485453338125521
RSP,prior_ATR_lt_1pct,sessionDrawdownPct,7902,0.002747219844969567,0.0047836053982216594,0.007053566962052465,0.009016679738237667,0.010720163264051842,0.013415522016728484,0.016000571204367754,0.020009975280756924,0.030625242288309252
RSP,prior_ATR_lt_1pct,sessionDrawdownAtrRatio,7902,0.3013742626306589,0.5221737341354897,0.7776238108924081,0.9887221867123134,1.1979971749339577,1.442152682597164,1.7737909759194135,2.358666225663785,3.778527753860634
RSP,prior_ATR_lt_1pct,pathLength60,6948,0.0023206804794236313,0.003417078810961066,0.0050610756678599045,0.006230819036890927,0.00743534820057458,0.009463523344697055,0.010913864839170591,0.013760241501632122,0.017775824298394527
RSP,prior_ATR_lt_1pct,openToCurrentPct,7902,-0.00033476598552334424,0.00241849747992412,0.004714931591519811,0.006523820545248581,0.008173339994067923,0.010812599133186426,0.012848084755475107,0.015691494486671682,0.020899053627760233
RSP,prior_ATR_ge_2pct,shockPct,3450,0.0029104550041755325,0.004286274245724115,0.006185160747869701,0.007776308378462861,0.01008327309903433,0.015155840823367931,0.01998400644667922,0.028954625028398646,0.06942903752039162
RSP,prior_ATR_ge_2pct,shockAtrRatio,3450,0.1267406320716086,0.18402158787258227,0.26214264461706976,0.33250760836780185,0.42032607289183643,0.5837410479539177,0.7241806827670761,1.387813261150511,2.3958783418329226
RSP,prior_ATR_ge_2pct,downsideExcursionPct,3450,0.0012477528177353677,0.0024296303807703943,0.003845927103744269,0.0049871456046831405,0.00648392132311933,0.0083524451472848,0.01064128604844313,0.016560601908828538,0.029432067775337294
RSP,prior_ATR_ge_2pct,downsideExcursionAtrRatio,3450,0.053702805220317965,0.10408010062653397,0.16388510383624322,0.2186942056189625,0.27643743263764775,0.3437971819296265,0.42042492716909713,0.7816381533269392,1.3422877909107656
RSP,prior_ATR_ge_2pct,realizedMovement60Pct,3036,0.0035537526639054092,0.005135427644038508,0.007427262628888261,0.008957401841900805,0.011306121800739758,0.015155501617948229,0.02029375200496795,0.04759031235006755,0.05238231462022518
RSP,prior_ATR_ge_2pct,realizedMovement60AtrRatio,3036,0.15204979266519042,0.22525499209936736,0.3130297499902014,0.3791395651027658,0.4581345759301832,0.6174592947652768,0.8423196018391462,1.6460861032217249,2.3889636946709216
RSP,prior_ATR_ge_2pct,sessionDrawdownPct,3450,0.004752454933141529,0.009946428858841568,0.016708056491119283,0.021696040463851443,0.026352384413405015,0.03245816049141447,0.039859983859808705,0.04716860609831972,0.059116365899191045
RSP,prior_ATR_ge_2pct,sessionDrawdownAtrRatio,3450,0.20531438302507293,0.42147716263746,0.7052135892826523,0.9291378192025495,1.1201038328395099,1.3723416164543993,1.7634720141172249,2.189049980331819,2.3749463071827894
RSP,prior_ATR_ge_2pct,pathLength60,3036,0.006017646273717925,0.008711446963391378,0.01228465873282697,0.01517366809874654,0.01897458997036397,0.02698622517889472,0.03523548120280546,0.06721927256359293,0.10200038646655096
RSP,prior_ATR_ge_2pct,openToCurrentPct,3450,0.0009387814114465431,0.0066601545074665425,0.01255148183299117,0.015731235051322623,0.01854665414828762,0.02201201185865154,0.04421927307508378,0.0827903332451729,0.08959270034382416
