date,index,targetAt,rawB,recovery2B,recovery3B,spy_priorAtr14Pct,spy_referencePrice,spy_trueRange15,spy_shockAtrRatio,spy_downsideExcursionPct,spy_realizedMovement60AtrRatio,spy_rollingStatus,spy_sessionDrawdownPct,spy_sessionDrawdownAtrRatio,spy_openToCurrentPct,rsp_priorAtr14Pct,rsp_referencePrice,rsp_trueRange15,rsp_shockAtrRatio,rsp_downsideExcursionPct,rsp_realizedMovement60AtrRatio,rsp_rollingStatus,rsp_sessionDrawdownPct,rsp_sessionDrawdownAtrRatio,rsp_openToCurrentPct
2021-12-01,1,2021-12-01T14:45:00.000Z,NORMAL,NORMAL,NORMAL,0.010932354925122855,461.64,1.589999999999975,0.31505035194076136,0.003032666146780992,,NOT_APPLICABLE_SESSION_WARMUP,0.0016023212004417408,0.1465668843919037,-0.0011914045576639776,0.011959779835889027,155.92,0.6350000000000193,0.3405247746949711,0.0036236531554643264,,NOT_APPLICABLE_SESSION_WARMUP,0.001923200205141428,0.16080565290761203,-0.0014751154438172875
2021-12-01,2,2021-12-01T15:00:00.000Z,NORMAL,NORMAL,NORMAL,0.010932354925122855,461.09,0.9987000000000421,0.19812333213727573,0.0009080656704764823,,NOT_APPLICABLE_SESSION_WARMUP,0.0008228135894160091,0.0752640757688136,-0.000411576119920265,0.011959779835889027,155.69,0.3400000000000034,0.182597578328722,0.0008349926135268512,,NOT_APPLICABLE_SESSION_WARMUP,0.0007692800820565712,0.0643222611630448,-0.0003206772703949756
2021-12-01,3,2021-12-01T15:15:00.000Z,NORMAL,NORMAL,NORMAL,0.010932354925122855,461.45,1.5400000000000205,0.30526874949649885,0,,NOT_APPLICABLE_SESSION_WARMUP,0.0008207520680792144,0.07507550511309355,0.0021012044016983644,0.011959779835889027,155.87,0.7198999999999955,0.38617704340158565,0.0000641560274587214,,NOT_APPLICABLE_SESSION_WARMUP,0.00044705610362518817,0.03737996098253061,0.0037833504361211023
2021-12-01,4,2021-12-01T15:30:00.000Z,NORMAL,NORMAL,NORMAL,0.010932354925122855,462.61,0.9200000000000159,0.1819110530942127,0.0007998097749724488,0.27320323677093944,VALID,0.0019431729855774117,0.17774514264186084,0.001343037865003005,0.011959779835889027,156.5099,0.3199999999999932,0.17095624866878953,0.0006382982801726345,0.38109735165354475,VALID,0.002041727812160998,0.17071617037917042,0.003142637249871738
2021-12-01,5,2021-12-01T15:45:00.000Z,NORMAL,NORMAL,NORMAL,0.010932354925122855,462.26,1.6499999999999773,0.3265005418761448,0.002228183273482397,0.2522785184267731,VALID,0.0016193108213144484,0.1481209522015451,0.0016679663807297462,0.011959779835889027,156.41,0.7399999999999807,0.3955888287155985,0.0039000063934530095,0.37461847311836544,VALID,0.003254003700631602,0.27207889654180384,0.0019240636223705199
2021-12-01,6,2021-12-01T16:00:00.000Z,NORMAL,NORMAL,NORMAL,0.010932354925122855,462.41,1.1800000000000068,0.23342161360861072,0.00010812914945613496,0.31888191396794296,VALID,0.0001725848901929519,0.01578661609278226,0.00394246599081538,0.011959779835889027,156.22,0.37999999999999545,0.20338727527166212,0.000032006145179845425,0.410025196207506,VALID,0.000957059911950343,0.08002320486522571,0.004232939969215144
2021-12-01,7,2021-12-01T16:15:00.000Z,NORMAL,NORMAL,NORMAL,0.010932354925122855,463.46,1.1599999999999682,0.22894544586985507,0.0006473050532946847,0.27681384487193417,VALID,0.00003230530668501541,0.00295501810051711,0.005772896629408164,0.011959779835889027,156.58,0.30000000000001137,0.16019973047042024,0.0006386511687317839,0.2483902245899102,VALID,0,0,0.005515649050795268
2021-12-01,8,2021-12-01T16:30:00.000Z,NORMAL,NORMAL,NORMAL,0.010932354925122855,464.305,0.5850000000000364,0.11524942908843126,0.00047382647182353684,0.26825441251450693,VALID,0.0009070953579960774,0.08297346401657223,0.005650506888484452,0.011959779835889027,156.78,0.22059999999999036,0.11764992727879048,0.0005740528128588047,0.24469009864070584,VALID,0.001214704424047765,0.10156578471475436,0.005130836326321164
2021-12-01,9,2021-12-01T16:45:00.000Z,NORMAL,NORMAL,NORMAL,0.010932354925122855,464.2485,0.7900000000000205,0.1556549223820686,0.001052238187091585,0.2790675353546267,VALID,0.00180773452127323,0.1653563695703847,0.004743956329607446,0.011959779835889027,156.72,0.3100000000000023,0.1653918427149878,0.0014037774374680888,0.25166170757455897,VALID,0.0026167766868521827,0.21879806507806548,0.003719856336583005
2021-12-01,10,2021-12-01T17:00:00.000Z,NORMAL,NORMAL,NORMAL,0.010932354925122855,463.83,1.670000000000016,0.32933956944048765,0.003427980078908167,0.2950753599168455,VALID,0.004304129812555147,0.39370564183423434,0.0022311758079889277,0.011959779835889027,156.5,0.6599999999999966,0.3526195677541604,0.004217252396166112,0.2987677418462328,VALID,0.005612112884661629,0.46924884585423093,0.0007054899948693016
2021-12-01,11,2021-12-01T17:15:00.000Z,NORMAL,NORMAL,NORMAL,0.010932354925122855,462.67,0.9670000000000414,0.19117953938186447,0.0005835692826421394,0.2716611598974284,VALID,0.00299137021972592,0.27362542107480137,0.0035525517719434685,0.011959779835889027,156.03,0.5241000000000042,0.2808554567933072,0.0007312696276357601,0.3551465260825872,VALID,0.0029991600312534042,0.25077050517715177,0.003335043612108901
2021-12-01,12,2021-12-01T17:30:00.000Z,NORMAL,NORMAL,NORMAL,0.010932354925122855,463.28,1.3500000000000227,0.26654865394362764,0.0017699879122776577,0.30238706069152094,VALID,0.004444014031463184,0.40650107519384654,0.0020903734511741323,0.011959779835889027,156.44,0.5300000000000011,0.28327280133896865,0.0027486576323191435,0.42181120449048665,VALID,0.005739573999462097,0.47990632588726473,0.0005772190867110449
2021-12-01,13,2021-12-01T17:45:00.000Z,NORMAL,NORMAL,NORMAL,0.010932354925122855,462.605,0.6699999999999591,0.13248013358701125,0.0005512262081040963,0.29092966380690777,VALID,0.004431101642025579,0.4053199582683494,0.002103370591803211,0.011959779835889027,156.01,0.2998999999999796,0.16073144310700208,0.000704442022947131,0.40601577627747004,VALID,0.006054402953019036,0.5062303015688402,0.0002603899435609236
2021-12-01,14,2021-12-01T18:00:00.000Z,ELEVATED,ELEVATED,ELEVATED,0.010932354925122855,462.611,2.490000000000009,0.49234515551065017,0.005060407123911901,0.46173641861741055,VALID,0.009060193255428662,0.8287503760610705,-0.002556104323715447,0.011959779835889027,155.9606,0.7805999999999926,0.4184951841679429,0.005005110265028428,0.5051871609605619,VALID,0.010710557476677792,0.8955480471753706,-0.004425346331451974
2021-12-01,15,2021-12-01T18:15:00.000Z,ELEVATED,ELEVATED,ELEVATED,0.010932354925122855,460.46,2.170000000000016,0.43107625557346957,0.0031490248881552983,0.4738648786964515,VALID,0.0108033658295135,0.9882011610039357,-0.004310718308638828,0.011959779835889027,155.23,0.7299999999999898,0.39320951430891116,0.0033498679378984853,0.4903883664012794,VALID,0.012877396428284654,1.0767252077368543,-0.006605951770138563
2021-12-01,16,2021-12-01T18:30:00.000Z,ELEVATED,ELEVATED,ELEVATED,0.010932354925122855,459.65,1.5900000000000318,0.31641432496451277,0.0018927444794952781,0.46991002458711567,VALID,0.009522456797297017,0.871034361994061,-0.0030214019582357476,0.011959779835889027,154.89,0.5200000000000102,0.2807092856106513,0.0019368584156497061,0.4428125651648274,VALID,0.011793976952481132,0.9861366274561049,-0.005515649050795157
2021-12-01,17,2021-12-01T18:45:00.000Z,ELEVATED,ELEVATED,ELEVATED,0.010932354925122855,460.2452,1.8500000000000227,0.3676789253788681,0.0037267091541639944,0.5247541245670609,VALID,0.012051563475154459,1.1023757971358605,-0.005567108569448087,0.011959779835889027,155.06,0.700000000000017,0.37746359813277963,0.003933961047336603,0.4942276127969176,VALID,0.014406929805889358,1.2046149681331841,-0.008145202668034757
2021-12-01,18,2021-12-01T19:00:00.000Z,ELEVATED,ELEVATED,ELEVATED,0.010932354925122855,459.07,1.936300000000017,0.38581580075432564,0.0036813557845208743,0.3075276742033959,VALID,0.011943960229840556,1.0925331560900025,-0.005458799064205877,0.011959779835889027,154.65,0.6399999999999864,0.34602451191112027,0.0038797284190106324,0.30144608726924144,VALID,0.014470660363289681,1.2099437081497084,-0.008209338122113885
2021-12-01,19,2021-12-01T19:15:00.000Z,ELEVATED,ELEVATED,ELEVATED,0.010932354925122855,459.12,2.32000000000005,0.4622192731436148,0.0045521867921241325,0.3915258423940144,VALID,0.015085974993005768,1.3799382746289894,-0.008621436617277434,0.011959779835889027,154.64,0.8100000000000023,0.43796559268013,0.0046559751681324296,0.3320180223578113,VALID,0.017181758275094213,1.4366283084522193,-0.010937660338635191
2021-12-01,20,2021-12-01T19:30:00.000Z,ELEVATED,ELEVATED,ELEVATED,0.010932354925122855,457.66,2.0399999999999636,0.40773077088435217,0.0017698728313595294,0.4261958993586978,VALID,0.012869348139539927,1.1771798690843642,-0.006390260809288617,0.011959779835889027,154.2146,0.7275999999999954,0.3944972805155691,0.0023642378866851506,0.372753596555559,VALID,0.014916774265091045,1.247244888265304,-0.008658286300667006
2021-12-01,21,2021-12-01T19:45:00.000Z,ELEVATED,ELEVATED,ELEVATED,0.010932354925122855,458.69,1.6000000000000227,0.3190707459785324,0.001983910702217238,0.38071241502454983,VALID,0.014311231626745935,1.3090712590988358,-0.007841608179533832,0.011959779835889027,154.57,0.5200000000000102,0.28129042665610254,0.0023937374652261405,0.3337637822957917,VALID,0.016637499314896362,1.3911208687111771,-0.010389943560800252
2021-12-01,22,2021-12-01T20:00:00.000Z,ELEVATED,ELEVATED,ELEVATED,0.010932354925122855,458.02,1.5150000000000432,0.30256205940302294,0.0015064844329941876,0.39449644388042066,VALID,0.015430305378010234,1.4114347259757332,-0.008968027034052528,0.011959779835889027,154.3,0.47999999999998977,0.2601070516869155,0.0018146467919637143,0.3562342226981556,VALID,0.018103302135101102,1.5136818890910126,-0.011865059004617762
2021-12-01,23,2021-12-01T20:15:00.000Z,ELEVATED,ELEVATED,ELEVATED,0.010932354925122855,457.5,2.180000000000007,0.43586467463238154,0.004043715846994585,0.37086294299133743,VALID,0.01820646910710835,1.6653748649588185,-0.011762412269300748,0.011959779835889027,154.07,0.700000000000017,0.3798890473581412,0.0036347114947751172,0.34135871486793173,VALID,0.02052506331630872,1.7161740097185487,-0.014302206259620198
2021-12-01,24,2021-12-01T20:30:00.000Z,HIGH,HIGH,HIGH,0.010932354925122855,456.21,3.079999999999984,0.6175500951542352,0.006751276824269491,0.5623421701477509,VALID,0.023253061312329192,2.1269947300094523,-0.016842128065158946,0.011959779835889027,153.69,1.0200000000000102,0.5549212760101255,0.006636736287331709,0.5415166395846792,VALID,0.02594216069532578,2.1691169111222504,-0.01975371985633645
2021-12-01,25,2021-12-01T20:45:00.000Z,HIGH,HIGH,HIGH,0.010932354925122855,453.865,2.1899999999999977,0.44137090246498245,0.001553325328016005,0.6116023493424462,VALID,0.020315492715260286,1.8582906294575856,-0.013885278572047466,0.011959779835889027,152.84,0.7900000000000205,0.4321822014236217,0.00176655325830941,0.586315401713634,VALID,0.022819363382715865,1.9080086503130511,-0.01661108260646471
2021-12-02,1,2021-12-02T14:45:00.000Z,HIGH,HIGH,HIGH,0.012545499750429139,450.73,3.990000000000009,0.7056160722838515,0.0009318217114459119,,NOT_APPLICABLE_SESSION_WARMUP,0.0007704160246533628,0.06140975170215993,0.007143966454418393,0.013760328890203313,152.25,1.3499999999999943,0.6443883096576608,0.0009852216748768847,,NOT_APPLICABLE_SESSION_WARMUP,0.00013033561420646342,0.009471838590955196,0.007750410509031136
2021-12-02,2,2021-12-02T15:00:00.000Z,ELEVATED,HIGH,HIGH,0.012545499750429139,453.95,2.419999999999959,0.4249319432905406,0.0010353563167749102,,NOT_APPLICABLE_SESSION_WARMUP,0.000043869269576621655,0.003496813235767753,0.011425909080824415,0.013760328890203313,153.43,1,0.4736536634893425,0.001042820830346064,,NOT_APPLICABLE_SESSION_WARMUP,0.00019446425098853395,0.014132238592566132,0.013070607553366198
2021-12-02,3,2021-12-02T15:15:00.000Z,ELEVATED,ELEVATED,HIGH,0.012545499750429139,455.88,2.3000000000000114,0.4021511641914918,0.00401421426691231,,NOT_APPLICABLE_SESSION_WARMUP,0.003944340966363561,0.31440285718619054,0.008475140327912412,0.013760328890203313,154.24,0.5,0.2355831223715308,0.002269190871369442,,NOT_APPLICABLE_SESSION_WARMUP,0.0014107131290885594,0.10252030604391431,0.012625287356321957
2021-12-02,4,2021-12-02T15:30:00.000Z,ELEVATED,ELEVATED,ELEVATED,0.012545499750429139,454.55,1.7340000000000373,0.3040741244485751,0.002111978880211278,0.706314001420458,VALID,0.003002081735510035,0.23929550796948873,0.009429148270583276,0.013760328890203313,154.1722,0.4884999999999877,0.23026592963133802,0.002608771231129824,0.682413554792458,VALID,0.0016192758598354818,0.11767711896685316,0.012413793103448256
2021-12-02,5,2021-12-02T15:45:00.000Z,ELEVATED,ELEVATED,ELEVATED,0.012545499750429139,454.98,3.359999999999957,0.5886525163822041,0.006198074640643529,0.64439549783806,VALID,0.009137723238742228,0.7283666191480063,0.0032170035276106734,0.013760328890203313,154.14,1.0800000000000125,0.5091896724815385,0.0055793434540027595,0.5593281763104855,VALID,0.007189584817669443,0.5224864082128211,0.006765188834154445
2021-12-02,6,2021-12-02T16:00:00.000Z,ELEVATED,ELEVATED,ELEVATED,0.012545499750429139,452.18,3.0300000000000296,0.5341255005959564,0.0005086469989827462,0.7305417096082154,VALID,0.0031335597677221577,0.24977560320902875,0.009296030883233941,0.013760328890203313,153.28,1.1000000000000227,0.5215288997135208,0.0005219206680585367,0.6320774656890189,VALID,0.0005829393095406114,0.04236376282805537,0.013464696223316919
2021-12-02,7,2021-12-02T16:15:00.000Z,ELEVATED,ELEVATED,ELEVATED,0.012545499750429139,454.92,1.890199999999993,0.3311957553906277,0.001605117383276235,0.7045739217092738,VALID,0.0015119973704393508,0.12052109525470522,0.010937811993876556,0.013760328890203313,154.3,0.5320000000000107,0.2505629721674603,0.0014906027219703057,0.6368369981339118,VALID,0.000799472193115292,0.058099788129662905,0.01463645320197049
2021-12-02,8,2021-12-02T16:30:00.000Z,ELEVATED,ELEVATED,ELEVATED,0.012545499750429139,455.66,1.2300000000000182,0.21516728477935632,0.00008778475178865922,0.7094172909995504,VALID,0.0012038962460326394,0.0959623984681406,0.012357730792270205,0.013760328890203313,154.4784,0.4000000000000057,0.18817564549910115,0.00031331241131437584,0.646721845210303,VALID,0.0007104566298521839,0.051630788444162454,0.016223316912972185
2021-12-02,9,2021-12-02T16:45:00.000Z,ELEVATED,ELEVATED,ELEVATED,0.012545499750429139,456.3,2.2299999999999613,0.38955288777548847,0.004251588866973477,0.5543624480767402,VALID,0.0038524679873044713,0.3070796750980519,0.009673196814057095,0.013760328890203313,154.72,0.7652999999999963,0.3594648605234708,0.00407187176835571,0.5219204219808601,VALID,0.0027464348976108206,0.1995907888194554,0.014318555008210332
2021-12-02,10,2021-12-02T17:00:00.000Z,ELEVATED,ELEVATED,ELEVATED,0.012545499750429139,455.09,2.390000000000043,0.4186129335416416,0.0009668417236151041,0.39060240634825,VALID,0.0007655785051637664,0.061024153711977766,0.013223215672353739,0.013760328890203313,154.43,0.8199999999999932,0.38588097457177206,0.0009713138638865873,0.3286026184463726,VALID,0.0007092198581559331,0.05154090892848232,0.01799671592775054
2021-12-02,11,2021-12-02T17:15:00.000Z,NORMAL,ELEVATED,ELEVATED,0.012545499750429139,456.6901,1.580000000000041,0.2757703203569615,0.0009198798047078113,0.4188711392474749,VALID,0.00004018783444368763,0.0032033665651552017,0.015755773966676268,0.013760328890203313,154.99,0.4900000000000091,0.2297542678798237,0.001161365249370971,0.3474286157173411,VALID,0.00006439150032208194,0.004679502999955587,0.019967159277504143
2021-12-02,12,2021-12-02T17:30:00.000Z,NORMAL,NORMAL,ELEVATED,0.012545499750429139,457.8316,0.9300000000000068,0.16191579539232565,0.0009863888818508486,0.4084265479801428,VALID,0.0002618315114224096,0.020870552519316996,0.016550928493776818,0.013760328890203313,155.29,0.21999999999999886,0.10295569547052148,0.0007727477622513011,0.32884478211197526,VALID,0.00038612523328382685,0.028060756131979468,0.020229885057471364
2021-12-02,13,2021-12-02T17:45:00.000Z,HIGH,HIGH,HIGH,0.012545499750429139,458.19,7.586200000000019,1.319747097394181,0.01616403675331197,0.37365087858098583,VALID,0.0020507450313065815,0.16346459464370341,0.014864774920684276,0.013760328890203313,155.33,0.3689999999999998,0.17264031099210486,0.0019313719178523875,0.31967606187307773,VALID,0.001988429783975428,0.144504524553268,0.01865353037766826
2021-12-02,14,2021-12-02T18:00:00.000Z,NORMAL,HIGH,HIGH,0.012545499750429139,457.43,1.0400000000000205,0.18122609364881181,0.0002404739522987422,0.24956691442235204,VALID,0.001614416301241375,0.12868489365568328,0.015308499545182208,0.013760328890203313,155.09,0.3400000000000034,0.15931853594891993,0,0.19964875888049224,VALID,0.0010294023032876316,0.07480942581398008,0.019835796387520643
2021-12-02,15,2021-12-02T18:15:00.000Z,NORMAL,ELEVATED,HIGH,0.012545499750429139,457.63,1.4799999999999613,0.2577859611692996,0.0023599851408342637,0.1585572511613231,VALID,0.0009817396426467452,0.0782543272230477,0.015951900250704476,0.013760328890203313,155.27,0.46999999999999886,0.21997913535718255,0.002318541894764047,0.14654260509244094,VALID,0.0005147011516439073,0.03740471290699669,0.020361247947454864
2021-12-02,16,2021-12-02T18:30:00.000Z,NORMAL,ELEVATED,ELEVATED,0.012545499750429139,457.92,1.670000000000016,0.29069589093006776,0.0033630328441649642,0.26625288757081106,VALID,0.003774243515064289,0.3008444135463942,0.013112062653916956,0.013760328890203313,155.35,0.5098999999999876,0.2385310611027795,0.002702928870292785,0.22601559568051122,VALID,0.002959341224909984,0.21506326255158711,0.017931034482758568
2021-12-02,17,2021-12-02T18:45:00.000Z,NORMAL,NORMAL,ELEVATED,0.012545499750429139,456.64,1.6000000000000227,0.2792917228780643,0.0010949544498948843,0.25373045691502766,VALID,0.002465257324868546,0.19650531058232398,0.014443236527410974,0.013760328890203313,154.98,0.6099999999999852,0.28603907452182553,0.0007742934572201325,0.27139648096590563,VALID,0.0005788898179713347,0.04206947541664329,0.020558292282430113
2021-12-02,18,2021-12-02T19:00:00.000Z,NORMAL,NORMAL,ELEVATED,0.012545499750429139,457.24,1.9600000000000364,0.34168340720502094,0.0018371096142070506,0.30960940396522674,VALID,0.00020245653075029146,0.016137781258444176,0.016744392430057875,0.013760328890203313,155.38,0.7099999999999795,0.3320736512312337,0.0019307504183291475,0.3106269608325213,VALID,0.00025675588933816063,0.018659138992016273,0.02298850574712641
2021-12-02,19,2021-12-02T19:15:00.000Z,NORMAL,NORMAL,NORMAL,0.012545499750429139,458.2772,0.9399999999999977,0.16349769581998477,0.0016740959401864255,0.317466963579247,VALID,0.0014614461773367127,0.11649166684545362,0.015641293013555657,0.013760328890203313,155.75,0.28999999999999204,0.13531350023023225,0.0012841091492776155,0.3142713430782206,VALID,0.0014117043121149825,0.10259233797239015,0.022134646962233218
2021-12-02,20,2021-12-02T19:30:00.000Z,NORMAL,NORMAL,NORMAL,0.012545499750429139,457.78,1.0100000000000477,0.17586385662653722,0.0001529118790685333,0.2683804120496163,VALID,0.00023979769794212947,0.019114240382008443,0.017482750205222608,0.013760328890203313,155.62,0.37999999999999545,0.17745546204783577,0.00025703637064639534,0.30189224081240257,VALID,0.00012823800974615435,0.009319400049911133,0.02423645320197032
2021-12-02,21,2021-12-02T19:45:00.000Z,NORMAL,NORMAL,NORMAL,0.012545499750429139,458.61,0.8400000000000318,0.14599830024617258,0.0015917664246309898,0.2540687263346519,VALID,0.0009809905824905072,0.0781946197445782,0.016728418343575857,0.013760328890203313,155.94,0.27000000000001023,0.12582803661072592,0.001731435167372132,0.24538641899989042,VALID,0.001025904077968688,0.07455520039924932,0.02331691297208538
2021-12-02,22,2021-12-02T20:00:00.000Z,NORMAL,NORMAL,NORMAL,0.012545499750429139,458.27,1.2900000000000205,0.22437802266158724,0.0025749012590830884,0.2000952945716402,VALID,0.002114579700034939,0.16855284700496737,0.0155747343198811,0.013760328890203313,155.8,0.4200000000000159,0.19590838425835996,0.0023106546854943107,0.19524796662557345,VALID,0.0022441651705565166,0.16308950087335874,0.022068965517241468
2021-12-02,23,2021-12-02T20:15:00.000Z,NORMAL,NORMAL,NORMAL,0.012545499750429139,457.75,1.589999999999975,0.2768731267240666,0.001682140906608371,0.1804757390148679,VALID,0.0021581792814789175,0.17202816343805624,0.015530361857431174,0.013760328890203313,155.61,0.5099999999999909,0.23817921477074708,0.0014780541096331738,0.18558664468750768,VALID,0.0022441651705565166,0.16308950087335874,0.022068965517241468
2021-12-02,24,2021-12-02T20:30:00.000Z,NORMAL,NORMAL,NORMAL,0.012545499750429139,457.73,0.8799999999999955,0.15324465249004923,0.0013763572411683643,0.11468518554114016,VALID,0.0026377746773631767,0.21025664420207313,0.015042264770483316,0.013760328890203313,155.61,0.3491999999999962,0.16308270940773617,0.0016708437761070582,0.11250109293598161,VALID,0.002564760194921811,0.1863880009981299,0.021740558292282497
2021-12-02,25,2021-12-02T20:45:00.000Z,NORMAL,NORMAL,NORMAL,0.012545499750429139,457.51,1.6200000000000045,0.2822451301375397,0.0001311446744333507,0.21383332514243605,VALID,0.001023809005162547,0.08160767012310736,0.017460563973997756,0.013760328890203313,155.56,0.37999999999999545,0.17752390719904992,0,0.14481253482045398,VALID,0.001025904077968688,0.07455520039924932,0.02331691297208538
2021-12-07,1,2021-12-07T14:45:00.000Z,NORMAL,NORMAL,NORMAL,0.013831707240608898,464.41,1.5749999999999886,0.24519025610237818,0.00013996253310651736,,NOT_APPLICABLE_SESSION_WARMUP,0.000021462912087892567,0.0015517182163080347,0.0032299046101504914,0.0151963239749829,158.38,0.8599999999999852,0.35732184583469484,0.0006313928526328723,,NOT_APPLICABLE_SESSION_WARMUP,0,0,0.004798585680010126
2021-12-07,2,2021-12-07T15:00:00.000Z,NORMAL,NORMAL,NORMAL,0.013831707240608898,465.91,1.3899999999999864,0.21569346147681248,0.00008585349101762241,,NOT_APPLICABLE_SESSION_WARMUP,0.00004280272225309637,0.003094536452263149,0.006093753364484034,0.0151963239749829,159.14,0.5649999999999977,0.23363104431935275,0.0003141887646096704,,NOT_APPLICABLE_SESSION_WARMUP,0.00003131752842062856,0.00206086211850875,0.008018689228437959
2021-12-07,3,2021-12-07T15:15:00.000Z,NORMAL,NORMAL,NORMAL,0.013831707240608898,467.24,1.0118000000000507,0.15655930028438916,0.0005924150329595861,,NOT_APPLICABLE_SESSION_WARMUP,0.0000333351140552514,0.0024100505798287796,0.007642815615512166,0.0151963239749829,159.65,0.3199999999999932,0.13189930634495223,0.0009395552771688424,,NOT_APPLICABLE_SESSION_WARMUP,0,0,0.009092057077913829
2021-12-07,4,2021-12-07T15:30:00.000Z,NORMAL,NORMAL,NORMAL,0.013831707240608898,467.9594,0.67999999999995,0.10505698889970665,0.0010458172226051857,0.338134010924628,VALID,0.0013670831998290856,0.0988369097211245,0.006675136194310927,0.0151963239749829,159.82,0.1407000000000096,0.05793278772792972,0.0005675134526342024,0.38790403920016325,VALID,0.0008757115156065227,0.05762653632866551,0.008523803510544159
2021-12-07,5,2021-12-07T15:45:00.000Z,NORMAL,NORMAL,NORMAL,0.013831707240608898,467.51,0.875,0.13531357242091827,0,0.2754739192112684,VALID,0.00011742476808609759,0.008489535387312631,0.008440817381193177,0.0151963239749829,159.73,0.1799999999999784,0.07415620043265429,0.00012521129405861022,0.23157172940037796,VALID,0.0001876289949338465,0.01234699886911681,0.009344614218967262
2021-12-07,6,2021-12-07T16:00:00.000Z,NORMAL,NORMAL,NORMAL,0.013831707240608898,468.33,0.6105000000000018,0.09424490948579847,0.00036405953067282493,0.1836647422740086,VALID,0.00064850566375829,0.046885438831030496,0.008733662065846914,0.0151963239749829,159.86,0.32499999999998863,0.1337842562210818,0.0005317152508445387,0.12621275739051013,VALID,0.00024984384759520325,0.016441071406908092,0.010607399924232874
2021-12-07,7,2021-12-07T16:15:00.000Z,NORMAL,NORMAL,NORMAL,0.013831707240608898,468.466,0.7300000000000182,0.11265980508304296,0.0006745420158560726,0.15281230787911887,VALID,0.0015025166353864442,0.10862842953870246,0.008108137206347843,0.0151963239749829,160.06,0.3599999999999852,0.14800662120590785,0.0013744845682868853,0.13856613432625867,VALID,0.002247191011235863,0.14787727709249446,0.009218335648440545
2021-12-07,8,2021-12-07T16:30:00.000Z,NORMAL,NORMAL,NORMAL,0.013831707240608898,468.1755,0.4300000000000068,0.06640243179693313,0.0002894213815118029,0.13737384212296677,VALID,0.0012476539839617377,0.09020245745938833,0.008365452940289897,0.0151963239749829,159.84,0.12999999999999545,0.053520398397152495,0.00012512512512518915,0.13578479698607235,VALID,0.0018726591760298563,0.12323106424374344,0.009597171360020251
2021-12-07,9,2021-12-07T16:45:00.000Z,NORMAL,NORMAL,NORMAL,0.013831707240608898,468.295,0.5800000000000409,0.08954321523375433,0.0005872366777352611,0.05328725332570338,VALID,0.0011516806005801494,0.08326380688559529,0.008462350078594305,0.0151963239749829,159.9,0.2400000000000091,0.0987698135927433,0.0011257035647279977,0.14305176009199944,VALID,0.002933832709113601,0.19306200064854187,0.008523803510544159
2021-12-07,10,2021-12-07T17:00:00.000Z,NORMAL,NORMAL,NORMAL,0.013831707240608898,468.34,0.36000000000001364,0.055573207175012344,0.000619208267497894,0.05959973108841543,VALID,0.0016208838082238332,0.11718609857972087,0.007988630735772162,0.0151963239749829,159.73,0.1699999999999875,0.0700364115197323,0.0007512677643521952,0.12154023809410192,VALID,0.0034332084893881586,0.22592361778020215,0.008018689228437959
2021-12-07,11,2021-12-07T17:15:00.000Z,NORMAL,NORMAL,NORMAL,0.013831707240608898,468.12,0.36000000000001364,0.05559932463544664,0.00014953430744252152,0.05093208013240996,VALID,0.0011730080191093913,0.08480572923532709,0.008440817381193177,0.0151963239749829,159.65,0.15000000000000568,0.06182779984920002,0.00012527403695590498,0.08762670362264774,VALID,0.002933832709113601,0.19306200064854187,0.008523803510544159
2021-12-07,12,2021-12-07T17:30:00.000Z,NORMAL,NORMAL,NORMAL,0.013831707240608898,468.33,0.4749999999999659,0.07332732515274518,0.0008540986056839777,0.059280722530549654,VALID,0.001663538645282317,0.12026994327918444,0.00794556534097035,0.0151963239749829,159.73,0.1699999999999875,0.0700364115197323,0.0009390847054402884,0.08957106823632595,VALID,0.003401997503121021,0.22386976670947484,0.008050258871069582
2021-12-07,13,2021-12-07T17:45:00.000Z,NORMAL,NORMAL,NORMAL,0.013831707240608898,468.1,0.28000000000002956,0.043245766796845234,0.000021362956633300038,0.06166529431752016,VALID,0.0014101689131547689,0.10195190576435961,0.008201373786094202,0.0151963239749829,159.655,0.10499999999998977,0.04327810448871888,0.00006263505684125712,0.05674276283516698,VALID,0.003257178526841353,0.2143398977412903,0.008196742012880565
2021-12-07,14,2021-12-07T18:00:00.000Z,NORMAL,NORMAL,NORMAL,0.013831707240608898,468.2188,0.4531000000000063,0.06996316154188409,0.00006449975951409759,0.08016214607396531,VALID,0.00056133765569012,0.04058339624497495,0.009058375142654063,0.0151963239749829,159.6782,0.17000000000001592,0.07005913150354094,0.00011397924074800018,0.07776297131241476,VALID,0.0023096129837701382,0.15198497923394907,0.009155196363177298
2021-12-07,15,2021-12-07T18:15:00.000Z,NORMAL,NORMAL,NORMAL,0.013831707240608898,468.6168,0.8368000000000393,0.12910053121521992,0.0017856807523760122,0.1359099436277385,VALID,0.002143405562190743,0.15496319614818468,0.007461079649447644,0.0151963239749829,159.83,0.31970000000001164,0.13162724545755483,0.0020002502659075996,0.13862139898674405,VALID,0.004119850187265897,0.27110834133624956,0.007324157090541794
2021-12-07,16,2021-12-07T18:30:00.000Z,NORMAL,NORMAL,NORMAL,0.013831707240608898,467.875,0.47500000000002274,0.07339863465410475,0,0.13992887774198776,VALID,0.0014715918785190192,0.10639264213158961,0.008139359617579167,0.0151963239749829,159.54,0.17000000000001592,0.07011981955652946,0,0.14695492458574627,VALID,0.003245942571785155,0.2136005113558266,0.008208107084227922
2021-12-07,17,2021-12-07T18:45:00.000Z,NORMAL,NORMAL,NORMAL,0.013831707240608898,468.19,0.410000000000025,0.06331198574309702,0.00023494735043468173,0.14319511678553826,VALID,0.0009810612523459723,0.07092842808772348,0.008634611657802438,0.0151963239749829,159.68,0.160000000000025,0.0659372628318367,0.00025050100200413615,0.15349035356029642,VALID,0.0025593008739075943,0.16841578779979086,0.008902639222124087
2021-12-07,18,2021-12-07T19:00:00.000Z,NORMAL,NORMAL,NORMAL,0.013831707240608898,468.42,0.4200000000000159,0.06482433533240005,0.00010674181290297462,0.12948443337304658,VALID,0.0008957515782290051,0.06476073868879634,0.008720742447406282,0.0151963239749829,159.79,0.1699999999999875,0.0700101133490634,0.00043807497340254823,0.14112780891308518,VALID,0.002808988764044873,0.18484659636562098,0.008650082081070876
2021-12-07,19,2021-12-07T19:15:00.000Z,NORMAL,NORMAL,NORMAL,0.013831707240608898,468.46,0.39500000000003865,0.06096053831287032,0.0008004952397216411,0.06729491706997877,VALID,0.0013009725302849634,0.09405726333372655,0.0083116211967873,0.0151963239749829,159.75,0.14500000000001023,0.05972946043439292,0.0005633802816901622,0.07702208312471762,VALID,0.0025593008739075943,0.16841578779979086,0.008902639222124087
2021-12-07,20,2021-12-07T19:30:00.000Z,NORMAL,NORMAL,NORMAL,0.013831707240608898,468.27,0.40999999999996817,0.06330116942160821,0.00032032801588822106,0.0468775115889912,VALID,0.0012156628561678748,0.08788957393479065,0.008397751986391366,0.0151963239749829,159.79,0.16499999999999204,0.06795099236821033,0.0004067839038738202,0.052444930870011584,VALID,0.0027465667915105977,0.18073889422416636,0.008713221366334123
2021-12-07,21,2021-12-07T19:45:00.000Z,NORMAL,NORMAL,NORMAL,0.013831707240608898,468.31,0.5099999999999909,0.07873375353609167,0.001046315474792358,0.03360251955844487,VALID,0.0014076096229311726,0.1017668750823855,0.008203957709782328,0.0151963239749829,159.76,0.11499999999998067,0.047368675858834766,0.0003129694541811652,0.036142479589664676,VALID,0.002372034956304591,0.15609268137541535,0.009092057077913829
2021-12-07,22,2021-12-07T20:00:00.000Z,NORMAL,NORMAL,NORMAL,0.013831707240608898,468.22,0.4900000000000091,0.0756606958604985,0.0005766520011961015,0.03360300417177329,VALID,0.001492919297048261,0.1079345644813214,0.008117826920178262,0.0151963239749829,159.82,0.1599999999999966,0.06587950274675142,0.0008134150919784474,0.032432602601816705,VALID,0.0024344569288388663,0.16020038351686997,0.009028917792650581
2021-12-07,23,2021-12-07T20:15:00.000Z,SEVERE,SEVERE,SEVERE,0.013831707240608898,468.18,9.875399999999956,1.5249866792967692,0.020345593575120658,0.04266084375198283,VALID,0.0020367684695444125,0.14725358439951697,0.007568743136452616,0.0151963239749829,159.81,0.27000000000001023,0.11117861737478638,0.0009386146048432869,0.0469698089081639,VALID,0.00300686641697871,0.19786801215404423,0.008449930546786222
2021-12-07,24,2021-12-07T20:30:00.000Z,NORMAL,SEVERE,SEVERE,0.013831707240608898,467.925,0.875,0.13519356358925788,0.001399796976011176,0.10965245427428418,VALID,0.0034337143832110853,0.24824949830704535,0.006158351456686972,0.0151963239749829,159.7183,0.3499999999999943,0.14420317463406873,0.0018050530214758888,0.12713275854572037,VALID,0.004806491885143457,0.3162930648922853,0.00662962495264563
2021-12-07,25,2021-12-07T20:45:00.000Z,NORMAL,HIGH,SEVERE,0.013831707240608898,467.27,0.7599999999999909,0.11758986860286241,0.0010272433496692733,0.109656377008915,VALID,0.003625661149974383,0.2621267994546402,0.005964557180077934,0.0151963239749829,159.43,0.38999999999998636,0.1609741042426304,0.0021325973781597153,0.15426491610028004,VALID,0.006179775280898756,0.4066625120043685,0.005240560676853301
2022-04-27,1,2022-04-27T13:45:00.000Z,ELEVATED,ELEVATED,ELEVATED,0.019711564614754814,417.24,3.430000000000007,0.41704900110773185,0.0002157031924073239,,NOT_APPLICABLE_SESSION_WARMUP,0.00011888344666891286,0.006031152219135579,0.007885150033553723,0.018109201604371298,149.53,0.940100000000001,0.3471733784746281,0.0015388216411421996,,NOT_APPLICABLE_SESSION_WARMUP,0.00013312034078814052,0.007350977900428653,0.00461445863706289
2022-04-27,2,2022-04-27T14:00:00.000Z,NORMAL,ELEVATED,ELEVATED,0.019711564614754814,420.53,1.6449999999999818,0.1984485002512094,0.00036858250303182345,,NOT_APPLICABLE_SESSION_WARMUP,0.0030093360504241076,0.15266855316860597,0.008412424503882576,0.018109201604371298,150.22,0.5300000000000011,0.1948268497778972,0,,NOT_APPLICABLE_SESSION_WARMUP,0.0014593698175787652,0.08058719812509539,0.006687621213134598
2022-04-27,3,2022-04-27T14:15:00.000Z,ELEVATED,ELEVATED,ELEVATED,0.019711564614754814,420.75,4.859999999999957,0.5859911359035974,0.00912655971479495,,NOT_APPLICABLE_SESSION_WARMUP,0.011881901331690363,0.6027883409517037,-0.0005617869811139764,0.018109201604371298,150.53,1.4499999999999886,0.5319191635061946,0.007041785690560036,,NOT_APPLICABLE_SESSION_WARMUP,0.00934799893983564,0.5162016053528925,-0.00013910252123328082
2022-04-27,4,2022-04-27T14:30:00.000Z,ELEVATED,ELEVATED,ELEVATED,0.019711564614754814,417.0056,1.9499999999999886,0.23723110196269442,0.002867107779847592,0.6175470548104425,VALID,0.014406900146912432,0.7308856718623112,-0.003115712779215851,0.018109201604371298,149.5092,0.6200000000000045,0.22899419241461505,0.0036733525428534488,0.5092052102997189,VALID,0.012987012987012853,0.7171499478959898,-0.003811944091486663
2022-04-27,5,2022-04-27T14:45:00.000Z,ELEVATED,ELEVATED,ELEVATED,0.019711564614754814,415.94,3.3500000000000227,0.4085949752889198,0.00223589940856856,0.5362593533389884,VALID,0.00940713710250692,0.4772394929758818,0.0019413287316651928,0.018109201604371298,148.96,0.950000000000017,0.3521718494132192,0.002618152524167661,0.4754185218847401,VALID,0.009806520010601576,0.5415213892275861,-0.0006018859091820872
2022-04-27,6,2022-04-27T15:00:00.000Z,ELEVATED,ELEVATED,ELEVATED,0.019711564614754814,418.05,1.5500000000000114,0.18809721806010762,0.0006697763425428287,0.5356099814380919,VALID,0.009463532534003045,0.4801005257045527,0.0018842872207842642,0.018109201604371298,149.44,0.43499999999997385,0.16073967816364418,0.000535331905781478,0.4615740553711696,VALID,0.009872780280943419,0.5451803175331746,-0.0006687621213133932
2022-04-27,7,2022-04-27T15:15:00.000Z,NORMAL,ELEVATED,ELEVATED,0.019711564614754814,418.0262,2.2100000000000364,0.2682054962447306,0.0007564119186788712,0.29153826667011945,VALID,0.008601488081133585,0.4363675968520055,0.0027562074585369967,0.018109201604371298,149.43,0.789999999999992,0.291937571642328,0.0014722612594525789,0.27026007413023806,VALID,0.010137821362311167,0.5598160307555494,-0.0009362669698389503
2022-04-27,8,2022-04-27T15:30:00.000Z,NORMAL,NORMAL,ELEVATED,0.019711564614754814,418.39,1.6499000000000024,0.20005768026643522,0.00002390114486481729,0.3121200823224736,VALID,0.005260414198379154,0.266869439397091,0.006135557472917164,0.018109201604371298,149.39,0.6200000000000045,0.22917690951573175,0,0.25174400584389567,VALID,0.006957328385899702,0.3841874720871352,0.0022737912124657367
2022-04-27,9,2022-04-27T15:45:00.000Z,NORMAL,NORMAL,NORMAL,0.019711564614754814,419.8,1.2200000000000273,0.14743354170532144,0.00004764173415921547,0.19045106203957152,VALID,0.0038623761907018517,0.19594467847624458,0.007549611734253503,0.018109201604371298,149.87,0.5405999999999835,0.19918747688735206,0,0.22882678134280376,VALID,0.004373177842565575,0.24148926816905908,0.0048819634855881144
2022-04-27,10,2022-04-27T16:00:00.000Z,NORMAL,NORMAL,NORMAL,0.019711564614754814,420.39,1.5049999999999955,0.18161972979789262,0.003461071861842537,0.20832467804975477,VALID,0.005521065352352932,0.28009269990775953,0.005871920237752848,0.018109201604371298,150.26,0.4264999999999759,0.15673873861225324,0.0026620524424329647,0.23623183763587394,VALID,0.005433342168036001,0.300032121058527,0.003811944091486552
2022-04-27,11,2022-04-27T16:15:00.000Z,NORMAL,NORMAL,NORMAL,0.019711564614754814,419.69,1.8199999999999932,0.21999948726863588,0.0022874026066858383,0.21012278518345975,VALID,0.004502156295910093,0.2284017724569701,0.00690250215703192,0.018109201604371298,150.1,0.5200000000000102,0.19130369029817654,0.0012658227848101114,0.23906287177967434,VALID,0.0047210442618604385,0.2606986417734091,0.004530863371898786
2022-04-27,12,2022-04-27T16:30:00.000Z,NORMAL,NORMAL,NORMAL,0.019711564614754814,420.12,2.5500000000000114,0.3079255498821701,0.0010235170903551529,0.26956753087025787,VALID,0.000307881773399004,0.015619347292631628,0.011671939411370014,0.018109201604371298,150.2075,0.6999999999999886,0.25733989442333854,0.0007822512191468922,0.25870098106012546,VALID,0.0010601643254704255,0.05854285288946793,0.008225774092155413
2022-04-27,13,2022-04-27T16:45:00.000Z,NORMAL,NORMAL,NORMAL,0.019711564614754814,422.11,1.580000000000041,0.18989360879918404,0.0018241690554595688,0.2631592443847763,VALID,0.0011113212900785664,0.056379151619790874,0.012486818138241818,0.018109201604371298,150.76,0.47999999999998977,0.17581495140777062,0.0013929424250462958,0.22296106981356062,VALID,0.0007283321194465579,0.04021889729643018,0.009295793486256754
2022-04-27,14,2022-04-27T17:00:00.000Z,NORMAL,NORMAL,NORMAL,0.019711564614754814,422.45,1.0349999999999682,0.12429221779309767,0.001988400994200438,0.2537064827530579,VALID,0.002045304076421094,0.1037616301087591,0.011540120793787745,0.018109201604371298,150.92,0.31340000000000146,0.11467081309724828,0.0016127749801217856,0.21757437215532666,VALID,0.0013242402171753202,0.07312526781167801,0.008693907577074889
2022-04-27,15,2022-04-27T17:15:00.000Z,NORMAL,NORMAL,NORMAL,0.019711564614754814,422.055,2.2591000000000463,0.27154718683256246,0.0046536588833209665,0.29566124845998015,VALID,0.0052019294429206196,0.2639024118373023,0.008340523439746894,0.018109201604371298,150.83,0.7399999999999807,0.2709222570517328,0.00430948750248628,0.27003167257550675,VALID,0.0043037807058200735,0.23765712038796916,0.005684478031164231
2022-04-27,16,2022-04-27T17:30:00.000Z,NORMAL,NORMAL,NORMAL,0.019711564614754814,420.72,1.9600000000000364,0.23634249480101174,0.00254325917474817,0.1980152606573353,VALID,0.0032866736025726926,0.1667383420244834,0.010281852171412087,0.018109201604371298,150.38,0.5799999999999841,0.2129798954185022,0.0019949461364542026,0.20550678438796588,VALID,0.002449844401774512,0.1352817454516137,0.007557011970841909
2022-04-27,17,2022-04-27T17:45:00.000Z,NORMAL,NORMAL,NORMAL,0.019711564614754814,421.53,1.5199999999999818,0.1829338192058274,0.0025858183284700378,0.21032792323572663,VALID,0.0048945427031116834,0.24830817841055308,0.00865209471766848,0.018109201604371298,150.66,0.45000000000001705,0.16493591991634973,0.002057613168724295,0.2055178806666559,VALID,0.0035092365755148057,0.19378195970095816,0.006486992576740347
2022-04-27,18,2022-04-27T18:00:00.000Z,NORMAL,NORMAL,NORMAL,0.019711564614754814,420.85,1.5499999999999545,0.1868457693002854,0.0005940358797671379,0.24276942586971387,VALID,0.0023408682493143125,0.11875608532678773,0.011240533026555477,0.018109201604371298,150.5,0.44999999999998863,0.16511126707372545,0.00019933554817276502,0.25255453467057387,VALID,0.0007945441303052674,0.043875160687010965,0.009228917274125559
2022-04-27,19,2022-04-27T18:15:00.000Z,NORMAL,NORMAL,NORMAL,0.019711564614754814,421.93,1.1200000000000045,0.1346655530709972,0.0025833669092030238,0.19074317434976065,VALID,0.003452662442069524,0.17515922807492826,0.010113603681334293,0.018109201604371298,150.91,0.28000000000000114,0.10245678137060345,0.0018554105095752512,0.19229134606290244,VALID,0.0011256041845990035,0.062156477639925274,0.008894536213468918
2022-04-27,20,2022-04-27T18:30:00.000Z,NORMAL,NORMAL,NORMAL,0.019711564614754814,421.4598,1.2700000000000387,0.15287147862789757,0.0029654073769313075,0.20988438182719973,VALID,0.0060295091270216854,0.30588688644778517,0.007501677691496456,0.018109201604371298,150.86,0.35000000000002274,0.1281134236762454,0.002320031817579363,0.19211662286018893,VALID,0.002979540488644565,0.16453185257628075,0.007022002273791239
2022-04-27,21,2022-04-27T18:45:00.000Z,NORMAL,NORMAL,NORMAL,0.019711564614754814,420.37,2.048999999999978,0.24728008747830363,0.0023550681542450916,0.214997604737935,VALID,0.0041842428828147765,0.21227350363059055,0.009372064039881112,0.018109201604371298,150.58,0.6350000000000193,0.2328665606480001,0.00235755080355969,0.20145429502246195,VALID,0.0014566642388929277,0.08043779459284997,0.008560155152812055
2022-04-27,22,2022-04-27T19:00:00.000Z,NORMAL,NORMAL,NORMAL,0.019711564614754814,421.1504,3.269999999999982,0.39390313489231804,0.006791872927106255,0.3401366643815174,VALID,0.009954601343043688,0.5050132517432082,0.003523152142651531,0.018109201604371298,150.81,1.0615999999999985,0.38871514900107423,0.006309926397453838,0.335492314541329,VALID,0.0070184731510296115,0.3875639194019163,0.002942553333779241
2022-04-27,23,2022-04-27T19:15:00.000Z,NORMAL,NORMAL,NORMAL,0.019711564614754814,418.71,1.3700000000000045,0.1659916094883408,0.002579350863366015,0.337369092934814,VALID,0.010663955357987304,0.5409999442664714,0.002804141501294266,0.018109201604371298,149.97,0.4099999999999966,0.15096635230430383,0.0024004800960191054,0.3359831725400647,VALID,0.0074819572270409555,0.4131577631360026,0.0024744198488597657
2022-04-27,24,2022-04-27T19:30:00.000Z,NORMAL,NORMAL,NORMAL,0.019711564614754814,418.41,1.6599999999999682,0.2012727286889353,0.002796300279630066,0.31128396080293375,VALID,0.010994987231627812,0.5577937341106687,0.0024686032019940463,0.018109201604371298,149.9,0.5093999999999994,0.18765407689314867,0.002535023348899236,0.32049899366565127,VALID,0.00781301728133488,0.4314390800889273,0.0021400387882029026
2022-04-27,25,2022-04-27T19:45:00.000Z,NORMAL,NORMAL,NORMAL,0.019711564614754814,418.27,1.544999999999959,0.1873918373538456,0.002797236234967746,0.29671676133680175,VALID,0.010924051830133369,0.5541950648583382,0.0025405042661297284,0.018109201604371298,149.85,0.5199999999999818,0.19162284894063883,0.0026026026026025116,0.30928915642374377,VALID,0.007945441303052298,0.43875160687008885,0.0020062863639405126
2022-05-16,1,2022-05-16T13:45:00.000Z,NORMAL,NORMAL,NORMAL,0.02643174825198488,399.98,2.1281000000000176,0.2012926263930269,0.002045352267613419,,NOT_APPLICABLE_SESSION_WARMUP,0.004360935981459792,0.164988556181951,-0.0011000550027501221,0.02491275358628686,144.02,0.7199999999999989,0.20067254447314975,0.0015970004166089306,,NOT_APPLICABLE_SESSION_WARMUP,0.004913154798975708,0.19721444207115416,-0.001527565615886628
2022-05-16,2,2022-05-16T14:00:00.000Z,NORMAL,NORMAL,NORMAL,0.02643174825198488,399.54,2.1899999999999977,0.20737574551514032,0.004855583921509731,,NOT_APPLICABLE_SESSION_WARMUP,0.006394128934187244,0.2419109350327245,-0.003139906995349717,0.02491275358628686,143.8,0.8300000000000125,0.2316847635573087,0.005771905424200365,,NOT_APPLICABLE_SESSION_WARMUP,0.006781537609853919,0.27221148342216145,-0.0034023052353839844
2022-05-16,3,2022-05-16T14:15:00.000Z,NORMAL,NORMAL,NORMAL,0.02643174825198488,398.7241,3.180000000000007,0.3017371224414672,0.0026938426847036433,,NOT_APPLICABLE_SESSION_WARMUP,0.003214632809190412,0.12162013569984009,0.00005000250012487939,0.02491275358628686,143.53,1.0700999999999965,0.29926776952224554,0.0020211802410645533,,NOT_APPLICABLE_SESSION_WARMUP,0.002837173898000115,0.1138843961255984,0.0005554784057768547
2022-05-16,4,2022-05-16T14:30:00.000Z,NORMAL,NORMAL,NORMAL,0.02643174825198488,400,1.8799999999999955,0.17781646356468475,0.00022499999999993746,0.21207115634719143,VALID,0.0004977724682048968,0.018832370203416902,0.004025201260063005,0.02491275358628686,144.1,0.5098000000000127,0.14200842734685723,0,0.22962705759241667,VALID,0.00020607178766580479,0.008271738688060411,0.003888348840438871
2022-05-16,5,2022-05-16T14:45:00.000Z,NORMAL,NORMAL,NORMAL,0.02643174825198488,401.59,2.1990000000000123,0.2071650314355463,0.005077317662292356,0.244254386904286,VALID,0.003882874138231499,0.14690190377172332,0.0006247812390618446,0.02491275358628686,144.58,0.6932999999999936,0.19248249851569402,0.004656937335731164,0.24970561626003085,VALID,0.003087619234657779,0.12393729275905288,0.0009950006943479917
2022-05-16,6,2022-05-16T15:00:00.000Z,NORMAL,NORMAL,NORMAL,0.02643174825198488,400.2299,1.8698999999999728,0.17675958042030235,0.004672064730795907,0.2825191413423477,VALID,0.008138579855148308,0.30790925282579995,-0.0036501825091255213,0.02491275358628686,144.1633,0.6833000000000027,0.19025451556727438,0.004739763865005884,0.2931676207752857,VALID,0.007336985460183245,0.2945072063098582,-0.0032717678100264713
2022-05-16,7,2022-05-16T15:15:00.000Z,NORMAL,NORMAL,NORMAL,0.02643174825198488,398.52,1.3599999999999568,0.12911089672637918,0.00135501355013541,0.2584342221807973,VALID,0.007080813360213115,0.26789046614354706,-0.0025876293814691698,0.02491275358628686,143.5488,0.4398999999999944,0.12300780340731678,0.0015938830557971002,0.24708673324178085,VALID,0.0067754744145971536,0.2719681062605095,-0.0027079572281628606
2022-05-16,8,2022-05-16T15:30:00.000Z,NORMAL,NORMAL,NORMAL,0.02643174825198488,398.945,1.0889999999999986,0.10327351625120931,0.0005364147940192223,0.21065324434487367,VALID,0.006706986236591362,0.2537473561207857,-0.002212110605530393,0.02491275358628686,143.63,0.3499999999999943,0.09781402977227281,0.0004177400264568842,0.2078262529875822,VALID,0.006879201824495974,0.27613173311691275,-0.0028121094292459237
2022-05-16,9,2022-05-16T15:45:00.000Z,NORMAL,NORMAL,NORMAL,0.02643174825198488,399.0952,2.2800000000000296,0.2161386593322433,0.0019423936945370025,0.2149416833995387,VALID,0.003160855173100472,0.11958555079167377,0.0013500675033750742,0.02491275358628686,143.615,0.7700000000000102,0.21521334130572928,0.001636319325975794,0.22658172358928128,VALID,0.0032487424780341346,0.13040479314267348,0.0008332176086653931
2022-05-16,10,2022-05-16T16:00:00.000Z,NORMAL,NORMAL,NORMAL,0.02643174825198488,400.52,1.4599999999999795,0.13791222304856704,0.000674123639268905,0.1657196896382079,VALID,0.0008959904427686444,0.03389826636614399,0.0036251812590628596,0.02491275358628686,144.14,0.4199999999999875,0.11696152986977679,0.00041626196753138516,0.1649327365602079,VALID,0.0014687801241686411,0.05895695628672401,0.0026204693792528655
2022-05-16,11,2022-05-16T16:15:00.000Z,NORMAL,NORMAL,NORMAL,0.02643174825198488,401.43,1.5889999999999986,0.14975736243158608,0.0023416286774780104,0.17959437836262795,VALID,0.0037283717876337697,0.14105657151731496,0.0014998249912494543,0.02491275358628686,144.3974,0.5,0.13899171014151393,0.001713327248274546,0.17516619785770376,VALID,0.003318354649153254,0.1331990314783923,0.0010415220108317413
2022-05-16,12,2022-05-16T16:30:00.000Z,NORMAL,NORMAL,NORMAL,0.02643174825198488,400.5799,0.8350000000000364,0.07886266198159993,0.0017222531634763073,0.18031452290812017,VALID,0.004294429701625785,0.1624724048021794,0.0009307965398270834,0.02491275358628686,144.17,0.28999999999999204,0.08074234659272292,0.0016647013941872837,0.18069339681811647,VALID,0.0044244728655376065,0.17759870863785376,-0.00006943480072230113
2022-05-16,13,2022-05-16T16:45:00.000Z,NORMAL,NORMAL,NORMAL,0.02643174825198488,400.3523,1.5900000000000318,0.1502549911441323,0.002103896992723716,0.13574745328037566,VALID,0.00599135990688395,0.22667285757135008,-0.0007750387519376289,0.02491275358628686,144.01,0.44999999999998863,0.12542904943676805,0.0013887924449690204,0.11799656826425382,VALID,0.005737988247494037,0.23032332526471475,-0.0013886960144425808
2022-05-16,14,2022-05-16T17:00:00.000Z,NORMAL,NORMAL,NORMAL,0.02643174825198488,399.67,1.1299999999999955,0.10696729260581118,0.0006004954087122103,0.1064366111999306,VALID,0.005543686688436812,0.2097359068188201,-0.0003250162508124932,0.02491275358628686,143.82,0.4000000000000057,0.11163978064796848,0.0004867195104991878,0.09574319268535522,VALID,0.00525406152782592,0.21089846650745186,-0.0009026524093878052
2022-05-16,15,2022-05-16T17:15:00.000Z,NORMAL,NORMAL,NORMAL,0.02643174825198488,399.85,2.160000000000025,0.2043764078017152,0.0012754783043642558,0.15069371746685495,VALID,0.002036913143934443,0.07706312592401003,0.0032001600080002746,0.02491275358628686,143.89,0.7205999999999904,0.2010212238856201,0.0007686427131835202,0.18473742316012226,VALID,0.0010369858278603918,0.04162469733699759,0.0033328704346617943
2022-05-16,16,2022-05-16T17:30:00.000Z,NORMAL,NORMAL,NORMAL,0.02643174825198488,401.26,1.929900000000032,0.1819629831103787,0.0021930917609529867,0.1720704476348156,VALID,0.0003477418775924019,0.013156219341877561,0.005475273763688282,0.02491275358628686,144.5,0.5500000000000114,0.15278232333970607,0.002076124567474127,0.19225606875466122,VALID,6.908462867241427e-7,0.000027730627380524353,0.00506804610470768
2022-05-16,17,2022-05-16T17:45:00.000Z,NORMAL,NORMAL,NORMAL,0.02643174825198488,402.17,1.1800000000000068,0.11100599831357952,0.0013427157669642698,0.16154125356017543,VALID,0.0009187954618802399,0.03476105527038846,0.006150057502875228,0.02491275358628686,144.7499,0.37999999999999545,0.10537645684142709,0.0016573413867643832,0.18483853590330693,VALID,0.001035268134446665,0.04155574898057535,0.0049993056519928025
2022-05-16,18,2022-05-16T18:00:00.000Z,NORMAL,NORMAL,NORMAL,0.02643174825198488,402.4399,0.7800000000000296,0.0733276354897087,0.001813686962947867,0.16587789503878425,VALID,0.002010873612869597,0.07607796479064118,0.005050252512625475,0.02491275358628686,144.74,0.25970000000000937,0.07202141487753676,0.0017942517617798076,0.1897531897481775,VALID,0.0022085720201531728,0.08865226449190562,0.003818914039716681
2022-05-16,19,2022-05-16T18:15:00.000Z,NORMAL,NORMAL,NORMAL,0.02643174825198488,402,1.5500000000000114,0.14587462608514026,0.0012686567164178879,0.10836848697129849,VALID,0.0013934100833664115,0.05271728794033796,0.006246312315615787,0.02491275358628686,144.57,0.4411999999999807,0.12249985943022243,0.001045168430517987,0.08462666310587776,VALID,0.001944923735247261,0.0780694004181793,0.004084154978475141
2022-05-16,20,2022-05-16T18:30:00.000Z,NORMAL,NORMAL,NORMAL,0.02643174825198488,402.4784,1.4800000000000182,0.13912117862180043,0.000815944408445384,0.12078694361191109,VALID,0.00019027327007405679,0.0071986638288206424,0.008933446672333645,0.02491275358628686,144.6082,0.4199999999999875,0.11658284188192386,0.0001258573165284356,0.11328667060407537,VALID,0.0002261912971517854,0.009079337471402264,0.006646299125121491
2022-05-16,21,2022-05-16T18:45:00.000Z,NORMAL,NORMAL,NORMAL,0.02643174825198488,403.5532,0.8800000000000523,0.08250038732372897,0.0011478040565656002,0.12356916038132655,VALID,0.0019927222318489165,0.07539123832640446,0.00796289814490736,0.02491275358628686,144.9772,0.31860000000000355,0.08821132209649414,0.0011436281015222986,0.12220324026346148,VALID,0.002195273203334966,0.08811844887926586,0.005495070129148516
2022-05-16,22,2022-05-16T19:00:00.000Z,NORMAL,NORMAL,NORMAL,0.02643174825198488,403.165,1.0699999999999932,0.10040956042453021,0.0020959160641425404,0.11746976341916651,VALID,0.002401415946728723,0.09085346621173232,0.007550127506375404,0.02491275358628686,144.8114,0.28649999999998954,0.07941456140408039,0.0013217191464207057,0.11274351862027297,VALID,0.002204919727141137,0.08850566114678016,0.005485349257047467
2022-05-16,23,2022-05-16T19:15:00.000Z,NORMAL,NORMAL,NORMAL,0.02643174825198488,402.9999,2.0400000000000205,0.19151347641797967,0.004143673484782604,0.17406731044697896,VALID,0.005990543852266297,0.22664198354024653,0.003925196259813024,0.02491275358628686,144.81,0.6299999999999955,0.1746305667643464,0.003176576203300932,0.1698732058801609,VALID,0.005374491834906643,0.21573254904528155,0.002291348423829831
2022-05-16,24,2022-05-16T19:30:00.000Z,NORMAL,NORMAL,NORMAL,0.02643174825198488,401.55,1.225500000000011,0.11546431837190653,0.002303573652098148,0.15060047071018176,VALID,0.007327276777978653,0.27721498813187334,0.002575128756437728,0.02491275358628686,144.35,0.35499999999998977,0.0987165189598285,0.0014201593349496646,0.1395680331005218,VALID,0.006201336732584619,0.24892217197532607,0.0014581308151644379
2022-05-16,25,2022-05-16T19:45:00.000Z,NORMAL,NORMAL,NORMAL,0.02643174825198488,401.01,1.478999999999985,0.1395362611598091,0.002890202239345632,0.17731954435454086,VALID,0.009962373443572656,0.3769093647759201,-0.0000862543127156945,0.02491275358628686,144.23,0.4300000000000068,0.1196716060927003,0.0022880122027316378,0.1545504460146272,VALID,0.008199545235306261,0.3291304273895951,-0.0005554784057770767
2022-06-17,1,2022-06-17T13:45:00.000Z,NORMAL,NORMAL,NORMAL,0.028132846647418185,365.51,3.259999999999991,0.3170331369008703,0.00021887226067681892,,NOT_APPLICABLE_SESSION_WARMUP,0.0008408147766416292,0.02988729818846088,0.007852042351782496,0.027538517330426462,131.15,1.0300000000000011,0.2851861140785287,0.0010674799847503985,,NOT_APPLICABLE_SESSION_WARMUP,0.000757346258709439,0.027501344739161767,0.006023637056805198
2022-06-17,2,2022-06-17T14:00:00.000Z,NORMAL,NORMAL,NORMAL,0.028132846647418185,368.38,1.615000000000009,0.15583421020459545,0.0016694717411368943,,NOT_APPLICABLE_SESSION_WARMUP,0.002680166765932127,0.09526823927638663,0.007879401384367046,0.027538517330426462,131.94,0.5999999999999943,0.1651331313942288,0.0021221767470062237,,NOT_APPLICABLE_SESSION_WARMUP,0.002117042189626502,0.07687567795407224,0.006328631338162305
2022-06-17,3,2022-06-17T14:15:00.000Z,NORMAL,NORMAL,NORMAL,0.028132846647418185,368.39,1.92999999999995,0.18622406286088217,0.004696110100708383,,NOT_APPLICABLE_SESSION_WARMUP,0.006307867236991673,0.22421716920603768,0.004213291018029697,0.027538517330426462,131.98,0.7699999999999818,0.21185662378439624,0.005606910137899536,,NOT_APPLICABLE_SESSION_WARMUP,0.0074096476636926496,0.26906487283924896,0.0009912314144109313
2022-06-17,4,2022-06-17T14:30:00.000Z,NORMAL,NORMAL,NORMAL,0.028132846647418185,367.05,3.0500999999999863,0.2953759769088558,0.007982563683421895,0.3896590103197193,VALID,0.012994747956034468,0.4619066146733866,-0.0025443900303685485,0.027538517330426462,131.28,1.079999999999984,0.29873398568767506,0.008150517976843337,0.3888879083957672,VALID,0.01444125207923784,0.5244019460438469,-0.006099885627144586
2022-06-17,5,2022-06-17T14:45:00.000Z,NORMAL,NORMAL,NORMAL,0.028132846647418185,364.58,2.319999999999993,0.22619420038188165,0.0053486203302429884,0.2803424459472945,VALID,0.014889815366289458,0.5292679959799209,-0.0044595223112910976,0.027538517330426462,130.35,0.7599999999999909,0.21172005716247816,0.00506329113924048,0.3268199046899574,VALID,0.01602903372145777,0.582058704509403,-0.007701105604270064
2022-06-17,6,2022-06-17T15:00:00.000Z,NORMAL,NORMAL,NORMAL,0.028132846647418185,363.88,1.7799999999999727,0.1738794017967997,0.0046993514345388026,0.2823013530813124,VALID,0.01581027667984183,0.56198638118595,-0.00538972941916771,0.027538517330426462,130.14,0.6299999999999955,0.1757879869675913,0.0044567388965727995,0.32693225153496946,VALID,0.01640707696960523,0.595786504144054,-0.008082348455966448
2022-06-17,7,2022-06-17T15:15:00.000Z,NORMAL,NORMAL,NORMAL,0.028132846647418185,363.54,3.170000000000016,0.3099512416618171,0.0020355394179457807,0.30154357802731296,VALID,0.0111811684444203,0.3974417727630282,-0.0007116084375256015,0.027538517330426462,130.09,1.0999999999999943,0.30704937468637233,0.0017680067645475422,0.32693623860592846,VALID,0.011190080145168532,0.406342869185806,-0.0028211971025543514
2022-06-17,8,2022-06-17T15:30:00.000Z,NORMAL,NORMAL,NORMAL,0.028132846647418185,365.2499,1.7807999999999993,0.17330510764467952,0.0006020535529237718,0.21760772082850205,VALID,0.00793221073149604,0.2819554960402131,0.0025717490629530992,0.027538517330426462,130.78,0.6299999999999955,0.17492773072306414,0.0009940357852882356,0.22160573711851153,VALID,0.008694994707394354,0.31573939159707487,-0.0003049942813572182
2022-06-17,9,2022-06-17T15:45:00.000Z,NORMAL,NORMAL,NORMAL,0.028132846647418185,366.45,1.8600000000000136,0.18041994218753404,0.002865329512894014,0.2303664740634345,VALID,0.010774811846878602,0.3829975680000172,-0.00030094935843072435,0.027538517330426462,131.11,0.6500000000000057,0.18002672668625216,0.0024406986499887237,0.2273778016708131,VALID,0.010812036897020857,0.39261506955114717,-0.0024399542508577454
2022-06-17,10,2022-06-17T16:00:00.000Z,NORMAL,NORMAL,NORMAL,0.028132846647418185,365.4,1.400000000000034,0.13619018624525805,0.002599890530924983,0.2358034092376758,VALID,0.012453300124533063,0.4426605057286633,-0.0019972093786764233,0.027538517330426462,130.83,0.46999999999999886,0.13045176587164908,0.0022166169838723567,0.23073659052419454,VALID,0.011946166641463665,0.4337984684551158,-0.0035836828059473413
2022-06-17,11,2022-06-17T16:15:00.000Z,NORMAL,NORMAL,NORMAL,0.028132846647418185,364.78,1.6000000000000227,0.15591047145133832,0.0020560337737814574,0.1812487369959615,VALID,0.010449943147977729,0.3714499026331821,0.000027359032584550746,0.027538517330426462,130.68,0.5600000000000023,0.1556103025130945,0.0029078665442301456,0.13461013614184897,VALID,0.010736428247391407,0.38986950962421846,-0.0023637056805184686
2022-06-17,12,2022-06-17T16:30:00.000Z,NORMAL,NORMAL,NORMAL,0.028132846647418185,365.52,1.1399999999999864,0.11086131542846524,0.001750930181658969,0.14088998270465583,VALID,0.009746060967025889,0.3464299610050413,0.0007386938797844245,0.027538517330426462,130.84,0.4099999999999966,0.11378965143207194,0.0017578722103331532,0.1024417421235196,VALID,0.009980341751096274,0.36241391035490866,-0.0016012199771254787
2022-06-17,13,2022-06-17T16:45:00.000Z,NORMAL,NORMAL,NORMAL,0.028132846647418185,365.78,1.1400000000000432,0.11078251412164315,0.002077751653999647,0.10134480381760529,VALID,0.008960961611348753,0.31852310303518894,0.0015321058247379504,0.027538517330426462,130.94,0.3599999999999852,0.09983656036117548,0.0019856422789063,0.06699255795182162,VALID,0.009904733101466825,0.35966835042798,-0.001524971406786202
2022-06-17,14,2022-06-17T17:00:00.000Z,NORMAL,NORMAL,NORMAL,0.028132846647418185,366.07,1.260599999999954,0.12240509200912078,0.0030048897751795175,0.08862885734641589,VALID,0.009935567708051372,0.3531660991356942,0.0005471806516921252,0.027538517330426462,130.95,0.5,0.1386513004719025,0.003512791141656965,0.07368373192356546,VALID,0.011314834417057293,0.41087304306524447,-0.002947007243614297
2022-06-17,15,2022-06-17T17:15:00.000Z,NORMAL,NORMAL,NORMAL,0.028132846647418185,365.71,3.297399999999982,0.320494896920104,0.0007038363730823917,0.2617212310093992,VALID,0.0027884563322323154,0.099117461065328,0.007769965254028621,0.027538517330426462,130.7635,1.1899999999999977,0.33046073985763247,0.0005620834560102451,0.27475185922709977,VALID,0.0040072584303644425,0.14551467612735075,0.004422417079679608
2022-06-17,16,2022-06-17T17:30:00.000Z,NORMAL,NORMAL,NORMAL,0.028132846647418185,368.35,1.3100000000000023,0.12641451494262285,0.0034478077915027516,0.2820282092075694,VALID,0.005820564188640363,0.20689567115578508,0.00470575360455272,0.027538517330426462,131.73,0.49790000000001555,0.13725143071471688,0.0037037880513170595,0.30132631893973777,VALID,0.007485256313322098,0.2718104327661776,0.0009149828440717656
2022-06-17,17,2022-06-17T17:45:00.000Z,NORMAL,NORMAL,NORMAL,0.028132846647418185,367.23,1.099999999999966,0.10647333407132156,0.0013615445361217764,0.2833416208216014,VALID,0.004724132329850032,0.1679223005427208,0.005813794424229135,0.027538517330426462,131.27,0.42840000000001055,0.11850684135213589,0.001130494400853275,0.3097785757602122,VALID,0.0055194314229547094,0.20042587466597045,0.002897445672893628
2022-06-17,18,2022-06-17T18:00:00.000Z,NORMAL,NORMAL,NORMAL,0.028132846647418185,367.635,1.490000000000009,0.14406408946078975,0.003821725352591491,0.28350636769672627,VALID,0.005739617737830905,0.20401837786854898,0.004787557111980645,0.027538517330426462,131.53,0.5500000000000114,0.15184388790751618,0.004181555538660468,0.3106304434374452,VALID,0.007069408740359915,0.2567098531680623,0.0013343499809377324
2022-06-17,19,2022-06-17T18:15:00.000Z,NORMAL,NORMAL,NORMAL,0.028132846647418185,367.2599,0.9499999999999886,0.09194675672326465,0.0004353864933252807,0.14224611248395974,VALID,0.0036277004710595457,0.12894892992965104,0.006921835243905772,0.027538517330426462,131.325,0.3499999999999943,0.0967787660975194,0.000038073481819877805,0.1803640173069216,VALID,0.004612127627400463,0.1674791555427955,0.0038124285169653938
2022-06-17,20,2022-06-17T18:30:00.000Z,NORMAL,NORMAL,NORMAL,0.028132846647418185,368.04,0.9900000000000091,0.09561510222777876,0.0009781545484186872,0.0966293631936136,VALID,0.004412799826736682,0.15685578789950338,0.006128423298952246,0.027538517330426462,131.65,0.367999999999995,0.10150475821072087,0.0006836308393467787,0.12951214031462485,VALID,0.00510358384999231,0.18532529506784728,0.003316812809759817
2022-06-17,21,2022-06-17T18:45:00.000Z,NORMAL,NORMAL,NORMAL,0.028132846647418185,367.75,2.019999999999982,0.1952472875383346,0.0020938137321549473,0.09844971849620193,VALID,0.003194542205858484,0.1135520427738746,0.007359579765259472,0.027538517330426462,131.585,0.789999999999992,0.21801187611761833,0.0017099213436181503,0.13018666527738307,VALID,0.003099954634810197,0.11256795700417582,0.005337399923751374
2022-06-17,22,2022-06-17T19:00:00.000Z,NORMAL,NORMAL,NORMAL,0.028132846647418185,368.2,1.2600000000000477,0.12163906748673593,0.0030146659424226336,0.11610567050380478,VALID,0.005197899182413817,0.18476264586935573,0.005335011353998498,0.027538517330426462,131.85,0.46999999999999886,0.1294425826999458,0.0031095942358740736,0.14034368543627182,VALID,0.005217752910933019,0.1894710905575183,0.0032016774685472704
2022-06-17,23,2022-06-17T19:15:00.000Z,NORMAL,NORMAL,NORMAL,0.028132846647418185,367.46,2.480000000000018,0.23989872027657197,0.004925706199314217,0.17256606638570415,VALID,0.00934890898261956,0.332312940094085,0.0011400508878005589,0.027538517330426462,131.5699,0.8349999999999795,0.23045672012100005,0.004635558741018895,0.1772723816065364,VALID,0.009073037955542028,0.32946719123173374,-0.0006862371330538242
2022-06-17,24,2022-06-17T19:30:00.000Z,NORMAL,NORMAL,NORMAL,0.028132846647418185,365.9267,2.5598999999999705,0.24866532089013282,0.0007015066132096035,0.2593104902053467,VALID,0.003898424386810325,0.13857198440201543,0.00664824491805982,0.027538517330426462,131.06,0.9199999999999875,0.2549042693888563,0.0005341065160994443,0.270447869804521,VALID,0.003477997882957656,0.12629575663882683,0.004956157072054879
2022-06-17,25,2022-06-17T19:45:00.000Z,NORMAL,NORMAL,NORMAL,0.028132846647418185,367.94,1.329999999999984,0.12848752337694927,0.003288579659727074,0.27362491025635577,VALID,0.0066327359358925465,0.23576483457287276,0.0038849826270144217,0.027538517330426462,131.8,0.46999999999999886,0.12949168838382283,0.003262518968133587,0.2827353271082192,VALID,0.006502343868138404,0.23611815371607403,0.0019062142584826969
2022-09-21,1,2022-09-21T13:45:00.000Z,NORMAL,NORMAL,NORMAL,0.019356612929442112,386.11,1.2799999999999727,0.17126536887726473,0.0017870555023179863,,NOT_APPLICABLE_SESSION_WARMUP,0.0028999224204809783,0.14981559175934603,-0.0013762917303359323,0.019195253577155118,137.64,0.5999999999999943,0.22709769840045163,0.0013077593722753446,,NOT_APPLICABLE_SESSION_WARMUP,0.0036940460669273568,0.19244580708867315,-0.000653879686137615
2022-09-21,2,2022-09-21T14:00:00.000Z,NORMAL,NORMAL,NORMAL,0.019356612929442112,385.5786,1.3500000000000227,0.18088038791982103,0.00012604433959774152,,NOT_APPLICABLE_SESSION_WARMUP,0.0016542597187758125,0.0854622513146204,0.0003366916163787259,0.019195253577155118,137.55,0.46999999999999886,0.17800959393776855,0,,NOT_APPLICABLE_SESSION_WARMUP,0.0016659423439083715,0.08678928554979146,0.0013804126707355202
2022-09-21,3,2022-09-21T14:15:00.000Z,NORMAL,NORMAL,NORMAL,0.019356612929442112,386.24,0.9499999999999886,0.12706823315478483,0.0009579536039768138,,NOT_APPLICABLE_SESSION_WARMUP,0.0006978908188585138,0.036054387273353826,0.0012949677553029115,0.019195253577155118,137.83,0.34010000000000673,0.12854909457769317,0.0005078720162520611,,NOT_APPLICABLE_SESSION_WARMUP,0,0,0.0033427782621331392
2022-09-21,4,2022-09-21T14:30:00.000Z,NORMAL,NORMAL,NORMAL,0.019356612929442112,386.61,1.0704999999999814,0.14304880124550906,0.0011639636843330194,0.14340432765221994,VALID,0.00020788651720365288,0.010739818890909882,0.0026935329310300293,0.019195253577155118,138.1001,0.3807000000000187,0.14361342181051623,0.0010868927683615652,0.17058405569665336,VALID,0.0001496414028122828,0.00779575024684101,0.004867770996803467
2022-09-21,5,2022-09-21T14:45:00.000Z,NORMAL,NORMAL,NORMAL,0.019356612929442112,387.15,1.349999999999966,0.18014621397798936,0.0032028929355545715,0.2007568971723358,VALID,0.0033310953881112524,0.1720908198274986,-0.00036259097148472197,0.019195253577155118,138.31,0.4000000000000057,0.15066506257845372,0.0026028486732702885,0.214052062767001,VALID,0.0028550777014816177,0.14873873325015807,0.0022885789014823743
2022-09-21,6,2022-09-21T15:00:00.000Z,NORMAL,NORMAL,NORMAL,0.019356612929442112,385.97,0.660000000000025,0.08834073738113356,0.0010363499753867763,0.18015923408260473,VALID,0.003279450498373139,0.16942274510149322,-0.00031079226127272985,0.019195253577155118,137.955,0.18999999999999773,0.0717500654741188,0.0008336051611033241,0.18594519467078593,VALID,0.0028189374774122613,0.14685596447484126,0.0023249055507121863
2022-09-21,7,2022-09-21T15:15:00.000Z,NORMAL,NORMAL,NORMAL,0.019356612929442112,385.99,0.8300000000000409,0.1110894133613412,0.0015285370087308786,0.17327503696414434,VALID,0.003201983163765969,0.16542063301248516,-0.00023309419595463066,0.019195253577155118,137.96,0.3100000000000023,0.11706165355211647,0.0016671498985214423,0.15541256817500668,VALID,0.0028189374774122613,0.14685596447484126,0.0023249055507121863
2022-09-21,8,2022-09-21T15:30:00.000Z,NORMAL,NORMAL,NORMAL,0.019356612929442112,386.02,0.5400000000000205,0.07226942307816484,0.0013211750686492694,0.15916949432588937,VALID,0.003640964726540227,0.18809926818354605,-0.0006733832327574518,0.019195253577155118,137.96,0.20000000000001705,0.07552364745298425,0.001449695563931698,0.14003120123117496,VALID,0.0036140224069389233,0.18827687753185435,0.0015257192676547682
2022-09-21,9,2022-09-21T15:45:00.000Z,NORMAL,NORMAL,NORMAL,0.019356612929442112,385.85,0.5599000000000274,0.07496569942188769,0.00007775042114819116,0.059003154697852014,VALID,0.0025951557093425487,0.1340707549818916,0.0003755406490377755,0.019195253577155118,137.85,0.15000000000000568,0.05668793472586079,0,0.0492829054046785,VALID,0.0031080592699675234,0.1619181146773973,0.0020342923568730242
2022-09-21,10,2022-09-21T16:00:00.000Z,NORMAL,NORMAL,NORMAL,0.019356612929442112,386.255,0.6100000000000136,0.08158801274031684,0.0012556471760883708,0.06500771707103442,VALID,0.003124515829158652,0.1614185209234695,-0.00015539613063630942,0.019195253577155118,137.92,0.1898999999999944,0.07173050073434296,0.0010143561484917565,0.05150130901760201,VALID,0.0033964582580411676,0.17694260950443502,0.001744405696018747
2022-09-21,11,2022-09-21T16:15:00.000Z,NORMAL,NORMAL,NORMAL,0.019356612929442112,386.05,0.6899999999999977,0.09233708673639525,0.0006216811293874086,0.0756040218581315,VALID,0.00237566492795542,0.12273143739636118,0.0005956851674391306,0.019195253577155118,137.8801,0.20000000000001705,0.07556741257522809,0.00043588596178858004,0.06615626770853575,VALID,0.002602096132995918,0.13555935182292958,0.0025428654460915023
2022-09-21,12,2022-09-21T16:30:00.000Z,NORMAL,NORMAL,NORMAL,0.019356612929442112,386.34,0.37999999999999545,0.05081413715763742,0.0005176787285810132,0.07501959130532587,VALID,0.0019754170324846007,0.10205385826979675,0.0009971251715832352,0.019195253577155118,137.99,0.12870000000000914,0.04858890126880082,0.0009326762808899858,0.056252702519309236,VALID,0.003035778821828605,0.15815257712675293,0.0021069456553328703
2022-09-21,13,2022-09-21T16:45:00.000Z,NORMAL,NORMAL,NORMAL,0.019356612929442112,386.495,0.4900000000000091,0.06549721510148422,0.0003492930050841302,0.05407196815448448,VALID,0.0022723751484790464,0.11739528794434284,0.0006992825878635589,0.019195253577155118,137.93,0.15500000000000114,0.05854355732636115,0.0001450010875082305,0.04978753488547313,VALID,0.0031080592699675234,0.1619181146773973,0.0020342923568730242
2022-09-21,14,2022-09-21T17:00:00.000Z,NORMAL,NORMAL,NORMAL,0.019356612929442112,386.38,0.6399999999999864,0.08557284483824304,0.001268181582897689,0.0804016146638603,VALID,0.003537674947064,0.18276311873153528,-0.0005697858123333566,0.019195253577155118,137.92,0.22999999999998977,0.08687738372247832,0.0016676334106727798,0.08603684385435237,VALID,0.004481387784604297,0.23346332813950108,0.0006538796861377261
2022-09-21,15,2022-09-21T17:15:00.000Z,NORMAL,NORMAL,NORMAL,0.019356612929442112,385.89,0.3299999999999841,0.04417952578065406,0.00018139884423020336,0.07122527959358939,VALID,0.0033310953881112524,0.1720908198274986,-0.00036259097148472197,0.019195253577155118,137.73,0.13829999999998677,0.052311813848878785,0.000363029114934894,0.07535297986026362,VALID,0.004481387784604297,0.23346332813950108,0.0006538796861377261
2022-09-21,16,2022-09-21T17:30:00.000Z,NORMAL,NORMAL,NORMAL,0.019356612929442112,385.97,0.4200000000000159,0.05621683287890318,0.0009845324766174892,0.06819534961723185,VALID,0.003279450498373139,0.16942274510149322,-0.00031079226127272985,0.019195253577155118,137.73,0.1599999999999966,0.06051981356342176,0.0009438756988310133,0.07275792604542738,VALID,0.004264546440187954,0.2221667154875894,0.0008718395815170421
2022-09-21,17,2022-09-21T17:45:00.000Z,NORMAL,NORMAL,NORMAL,0.019356612929442112,385.99,0.6800000000000068,0.09101301335627598,0.00007772222078299841,0.10268828637889575,VALID,0.001768837473532,0.09138155936576764,0.0012043200124316478,0.019195253577155118,137.76,0.18999999999999773,0.07185162806679778,0,0.09956389891465268,VALID,0.002963498373689892,0.15438703957611927,0.0021795989537924942
2022-09-21,18,2022-09-21T18:00:00.000Z,NORMAL,NORMAL,NORMAL,0.019356612929442112,386.575,1,0.13364012395961752,0.0006337709370756116,0.10571196720848793,VALID,0.0005938088968062411,0.03067731420630084,0.002564036155499716,0.019195253577155118,137.94,0.2400000000000091,0.09064151720411669,0.0006524575902566581,0.08256062042381677,VALID,0.0020961329960245178,0.10920058896847251,0.0030514385353095363
2022-09-21,19,2022-09-21T18:15:00.000Z,HIGH,HIGH,HIGH,0.019356612929442112,387.1,6.980000000000018,0.9315429548422399,0.01769568586928448,0.8579378972145982,VALID,0.017065551338651685,0.8816393343638318,-0.013959752402165182,0.019195253577155118,138.06,2.2700000000000102,0.8565725139045056,0.016007532956685555,0.8380086839220556,VALID,0.018070112034694615,0.9413843876592717,-0.01300494042429523
2022-09-21,20,2022-09-21T18:30:00.000Z,HIGH,HIGH,HIGH,0.019356612929442112,380.72,2.430000000000007,0.329739683060635,0.0004465223786510189,0.8703605322345381,VALID,0.014277231301474125,0.7375893372211797,-0.011162622050710946,0.019195253577155118,135.85,0.799999999999983,0.30678667361391526,0.000588884799410998,0.8486133247141846,VALID,0.015540296349837411,0.8095905733869758,-0.01046207497820395
2022-09-21,21,2022-09-21T18:45:00.000Z,HIGH,HIGH,HIGH,0.019356612929442112,381.8,7.560000000000002,1.0229549443500523,0.0025929806181246963,1.203498264519673,VALID,0.0010299456703658297,0.05320898207347241,0.004817280049726813,0.019195253577155118,136.2,2.6100000000000136,0.9983194813076213,0.00227606461086639,1.1871037798601665,VALID,0.0008844765342960453,0.04607787705126693,0.005358180761406706
2022-09-21,22,2022-09-21T19:00:00.000Z,HIGH,HIGH,HIGH,0.019356612929442112,387.97,4.689999999999998,0.6245185349726575,0.008634688249091483,1.2030803720090986,VALID,0.004649251239372229,0.2401892963567272,0.003600010359742001,0.019195253577155118,138.3775,1.4300000000000068,0.5383648582947518,0.007280807934815944,1.1918739335387887,VALID,0.005259365994236442,0.2739930458900413,0.0031240918337693824
2022-09-21,23,2022-09-21T19:15:00.000Z,HIGH,HIGH,HIGH,0.019356612929442112,387.5,5.579999999999984,0.7439318052435215,0.012954838709677372,0.8828117545580335,VALID,0.009247129536872987,0.47772456733934926,-0.0010359742042423958,0.019195253577155118,138.07,1.8500000000000227,0.6980371711752718,0.011950459911639065,0.8830897989407628,VALID,0.009726224783861835,0.5066994684267847,-0.0013804126707351871
2022-09-21,24,2022-09-21T19:30:00.000Z,HIGH,HIGH,HIGH,0.019356612929442112,385.71,4.930000000000007,0.6603233502736974,0.010889009877887504,1.0336052195760579,VALID,0.01993270144614829,1.0297618451537007,-0.011810105928362402,0.019195253577155118,137.45,1.549999999999983,0.5874800190632846,0.00967624590760265,1.002302802451012,VALID,0.01909221902017295,0.9946322898747849,-0.010825341470502625
2022-09-21,25,2022-09-21T19:45:00.000Z,ELEVATED,HIGH,HIGH,0.019356612929442112,381.55,3.0300000000000296,0.41026248378105,0.006788101166295457,0.7017246873390791,VALID,0.026534124476638114,1.370804105726511,-0.018466240190619265,0.019195253577155118,136.15,1.0049999999999955,0.38455154662599467,0.007161219243481412,0.6708871672988805,VALID,0.026116714697406337,1.3605819059607875,-0.017909038070328176
2022-11-04,1,2022-11-04T13:45:00.000Z,ELEVATED,ELEVATED,ELEVATED,0.022542951432674672,377,4.560000000000002,0.5365531107274925,0.01111405835543766,,NOT_APPLICABLE_SESSION_WARMUP,0.012004133873916923,0.5325005427868528,-0.011034482758620734,0.02279216806818165,137.6988,1.1699999999999875,0.37279499023375945,0.006454667724047002,,NOT_APPLICABLE_SESSION_WARMUP,0.008016379185389172,0.35171639492164886,-0.005990611392401535
2022-11-04,2,2022-11-04T14:00:00.000Z,NORMAL,ELEVATED,ELEVATED,0.022542951432674672,372.84,2.974999999999966,0.3539595997884541,0.0016495011264884463,,NOT_APPLICABLE_SESSION_WARMUP,0.0060153165328457,0.26683802033689585,-0.005039787798408413,0.02279216806818165,136.8739,0.9300000000000068,0.29811008467577543,0.0017088721808906269,,NOT_APPLICABLE_SESSION_WARMUP,0.003043919408609853,0.13355111279910353,-0.0010079971648264685
2022-11-04,3,2022-11-04T14:15:00.000Z,NORMAL,NORMAL,ELEVATED,0.022542951432674672,375.1,2.079999999999984,0.24598322745985104,0.0010663822980539431,,NOT_APPLICABLE_SESSION_WARMUP,0.001934440999549562,0.08581134574711032,-0.0009549071618037974,0.02279216806818165,137.56,0.7573999999999899,0.2415725006376647,0.0009261413201511661,,NOT_APPLICABLE_SESSION_WARMUP,0.00007236413633396704,0.003174956244508784,0.0034945838307958166
2022-11-04,4,2022-11-04T14:30:00.000Z,ELEVATED,ELEVATED,ELEVATED,0.022542951432674672,376.64,1.9699999999999704,0.23202191643644263,0.001380628717077267,0.5998179371865349,VALID,0.0011111111111110868,0.04928862639967352,0.0017769230769231203,0.02279216806818165,138.18,0.6899999999999977,0.21908783497326373,0.0021710811984369037,0.4055368832247119,VALID,0.0007938226167279009,0.034828745310811135,0.005528007506238275
2022-11-04,5,2022-11-04T14:45:00.000Z,HIGH,HIGH,HIGH,0.022542951432674672,377.6699,7.7099999999999795,0.905589189361771,0.017237010415709485,0.3493904448143999,VALID,0.0021907250508089427,0.0971800457163571,0.0027586206896552667,0.02279216806818165,138.46,0.5278000000000134,0.1672474172828744,0.0010674563050701857,0.30972090634402216,VALID,0.002203975799481501,0.09669882184478527,0.006065412334747888
2022-11-04,6,2022-11-04T15:00:00.000Z,NORMAL,HIGH,HIGH,0.022542951432674672,378.04,1.8400000000000318,0.21590827774273233,0.004338165273516144,0.2663511228606796,VALID,0.0054636154881621485,0.24236469232874988,-0.0005305039787798504,0.02279216806818165,138.534,0.555499999999995,0.17593087004262137,0.003349358280277756,0.2437787722324067,VALID,0.004681647940074947,0.20540599411473395,0.0035672061049187853
2022-11-04,7,2022-11-04T15:15:00.000Z,NORMAL,ELEVATED,HIGH,0.022542951432674672,376.8,1.7900000000000205,0.21073242338077677,0.003078556263269705,0.21941893161711062,VALID,0.007746720510993223,0.3436426917801371,-0.002824933687002651,0.02279216806818165,138.19,0.4801999999999964,0.15246139886144933,0.0010130979086763613,0.14312505930404892,VALID,0.004969749351771807,0.21804636298333033,0.0032767170084271324
2022-11-04,8,2022-11-04T15:30:00.000Z,NORMAL,ELEVATED,ELEVATED,0.022542951432674672,375.935,2.1785999999999603,0.2570715185521332,0.004854562623857818,0.26925026140163194,VALID,0.012167762029192107,0.5397590490992966,-0.007267904509283829,0.02279216806818165,138.15,0.8300000000000125,0.26359766836491627,0.005790807093738772,0.26615494173784965,VALID,0.010443676174013376,0.4582133714867156,-0.002242575824916604
2022-11-04,9,2022-11-04T15:45:00.000Z,NORMAL,NORMAL,ELEVATED,0.022542951432674672,374.26,2.120200000000011,0.25130008850353114,0.004061347726179613,0.3016701163217853,VALID,0.01534827249452318,0.6808457419766593,-0.010464190981432364,0.02279216806818165,137.39,0.6899999999999977,0.22034760198417344,0.0034937040541523387,0.30156213095526274,VALID,0.013684817055603614,0.6004175212584497,-0.005510578160448754
2022-11-04,10,2022-11-04T16:00:00.000Z,NORMAL,NORMAL,ELEVATED,0.022542951432674672,373.055,2.2988000000000284,0.2733490368198148,0.006043344815107711,0.36235482268497266,VALID,0.02085147939926618,0.9249667001918478,-0.015994694960212108,0.02279216806818165,136.94,0.9399999999999977,0.30117012649578123,0.006718270775522036,0.3936899053401937,VALID,0.019878997407087227,0.8721854519333213,-0.011756093735021622
2022-11-04,11,2022-11-04T16:15:00.000Z,NORMAL,NORMAL,NORMAL,0.022542951432674672,370.97,1.625,0.19431386934125155,0.0024260721891258973,0.3546019813336253,VALID,0.019320347348694852,0.8570460441435878,-0.014455968169761357,0.02279216806818165,136.08,0.5199999999999818,0.16765766151021996,0.002498530276308079,0.39571109945102595,VALID,0.01894266781907228,0.8311042531103763,-0.010812004171423362
2022-11-04,12,2022-11-04T16:30:00.000Z,NORMAL,NORMAL,NORMAL,0.022542951432674672,371.5501,1.6100000000000136,0.19221962166913453,0.00040398320441848627,0.3258434870180819,VALID,0.016233536569271758,0.7201158471974618,-0.011353846153846159,0.02279216806818165,136.21,0.5150000000000148,0.1658870932868192,0.0005139123412379531,0.3366181047616644,VALID,0.016205704407951597,0.7110207488586883,-0.00805235775475166
2022-11-04,13,2022-11-04T16:45:00.000Z,NORMAL,NORMAL,NORMAL,0.022542951432674672,372.7196,2.2299999999999613,0.26540668423164543,0.005338061105452988,0.3480208603850806,VALID,0.020402776678016255,0.9050623534788634,-0.015543766578249407,0.02279216806818165,136.59,0.6505999999999972,0.2089823051108795,0.004763159821363183,0.3412228790011256,VALID,0.019662921348314533,0.8627051752818718,-0.011538226912652827
2022-11-04,14,2022-11-04T17:00:00.000Z,NORMAL,NORMAL,NORMAL,0.022542951432674672,371.14,0.9399999999999977,0.11235161376872503,0.0011047044242064132,0.24480588633661512,VALID,0.020034048618259595,0.8887056638564829,-0.015173209549071642,0.02279216806818165,136.11,0.3200000000000216,0.10315120497928969,0.0013959297626921323,0.20460182274688388,VALID,0.01884183232497849,0.8266801240063726,-0.01071033298765145
2022-11-04,15,2022-11-04T17:15:00.000Z,NORMAL,NORMAL,NORMAL,0.022542951432674672,371.2797,1.9399999999999977,0.23178736056356367,0.003069653417625593,0.2461925127256962,VALID,0.018396811571251424,0.8160782152325599,-0.01352785145888602,0.02279216806818165,136.224,0.6599999999999966,0.21257131949082642,0.0028188865398166706,0.2037177789359637,VALID,0.018006338231057333,0.7900230542874315,-0.009867914607825212
2022-11-04,16,2022-11-04T17:30:00.000Z,NORMAL,NORMAL,NORMAL,0.022542951432674672,371.9,1.0199999999999818,0.12166431577010076,0.0027426727614949767,0.22259885762473966,VALID,0.02042917095573682,0.9062331974031558,-0.015570291777188383,0.02279216806818165,136.34,0.2799999999999727,0.09010504397838276,0.0016869590729058953,0.16896266592698994,VALID,0.01901469317199665,0.8342643453275322,-0.010884626445546441
2022-11-04,17,2022-11-04T17:45:00.000Z,NORMAL,NORMAL,NORMAL,0.022542951432674672,371.13,0.9199999999999591,0.10996411677560086,0.0012394578719046683,0.12481904039610972,VALID,0.021247393565075122,0.942529359056254,-0.01639257294429708,0.02279216806818165,136.2,0.29999999999998295,0.0966403531782033,0.0008810572687222918,0.07918497416699717,VALID,0.019878997407087227,0.8721854519333213,-0.011756093735021622
2022-11-04,18,2022-11-04T18:00:00.000Z,NORMAL,NORMAL,NORMAL,0.022542951432674672,370.82,0.8000000000000114,0.09570090881766413,0.0007281160670944981,0.12390523970578887,VALID,0.021405759231398667,0.9495544226020151,-0.016551724137931045,0.02279216806818165,136.08,0.28000000000000114,0.09027720235166041,0.0005878894767784575,0.07014180490456079,VALID,0.019878997407087227,0.8721854519333213,-0.011756093735021622
2022-11-04,19,2022-11-04T18:15:00.000Z,NORMAL,NORMAL,NORMAL,0.022542951432674672,370.76,1.240000000000009,0.1483604139120651,0.002049843564570048,0.10186589673476035,VALID,0.021907250508089875,0.971800457163591,-0.01705570291777192,0.02279216806818165,136.08,0.4199999999999875,0.13541580352748606,0.0015432098765432681,0.059432829070867096,VALID,0.019943099971189874,0.8749979340065882,-0.011820727558991106
2022-11-04,20,2022-11-04T18:30:00.000Z,NORMAL,NORMAL,NORMAL,0.022542951432674672,370.57,2.230000000000018,0.2669462535665265,0.0006476509161562164,0.20470808976143148,VALID,0.017499406128751276,0.7762695218065778,-0.012625994694960174,0.02279216806818165,136.0711,0.710000000000008,0.22893216446008133,0.0003020479734491757,0.2001234123065669,VALID,0.01555747623163351,0.6825799189043397,-0.0073987572876451635
2022-11-04,21,2022-11-04T18:45:00.000Z,NORMAL,NORMAL,NORMAL,0.022542951432674672,372.24,1.9300999999999817,0.2300096175387114,0.0009671179883946208,0.2668714271263449,VALID,0.013619447303824597,0.6041554649354395,-0.00872679045092839,0.02279216806818165,136.68,0.559899999999999,0.17972970383372452,0.0006577407082235886,0.24001613744175881,VALID,0.012460386055891599,0.5466959535668993,-0.004275999500358729
2022-11-04,22,2022-11-04T19:00:00.000Z,NORMAL,NORMAL,NORMAL,0.022542951432674672,373.71,1.2099999999999795,0.14362825225240086,0.0019266275989402758,0.26842030868103905,VALID,0.012959590360809842,0.5748843668281024,-0.00806366047745366,0.02279216806818165,137.11,0.3900000000000148,0.12479863564826997,0.001166946247538655,0.2441613039561171,VALID,0.011452031114952488,0.5024546625268075,-0.003259287662637611
2022-11-04,23,2022-11-04T19:15:00.000Z,NORMAL,NORMAL,NORMAL,0.022542951432674672,373.96,1.6449999999999818,0.19513266495004128,0.0009626698042570243,0.28931433792650685,VALID,0.010504922532794938,0.4659958818688078,-0.00559681697612735,0.02279216806818165,137.25,0.47919999999999163,0.1531859088402227,0.0006557377049180576,0.2600348502062732,VALID,0.009435321233074058,0.41397208044661477,-0.0012258639871952637
2022-11-04,24,2022-11-04T19:30:00.000Z,NORMAL,NORMAL,NORMAL,0.022542951432674672,374.89,1.1650000000000205,0.13785143583467077,0.002467390434527492,0.21391682415762972,VALID,0.011507905086177352,0.5104879509919595,-0.006604774535808988,0.02279216806818165,137.53,0.37999999999999545,0.12122732298628941,0.0023267650694393455,0.17431858252639443,VALID,0.010254249495822505,0.44990232895560534,-0.002051579243973034
2022-11-04,25,2022-11-04T19:45:00.000Z,NORMAL,NORMAL,NORMAL,0.022542951432674672,374.51,1.830000000000041,0.21675887874894095,0.00128167472163632,0.19787051306629302,VALID,0.008049990762002744,0.35709568847026657,-0.003129708222811556,0.02279216806818165,137.4163,0.5500000000000114,0.17560577739758115,0.0011374196510895423,0.16230451032478366,VALID,0.007490636704119793,0.32864959058356896,0.000734937414124115
2022-11-28,1,2022-11-28T14:45:00.000Z,NORMAL,NORMAL,NORMAL,0.01644241499673474,399.09,1.8100000000000023,0.2758303965083658,0.00022551304217087624,,NOT_APPLICABLE_SESSION_WARMUP,0.0013223222973479444,0.08042141605175038,0.002981783557593598,0.016508836956520914,146.28,0.5600000000000023,0.23189244354746388,0.0006836204539239425,,NOT_APPLICABLE_SESSION_WARMUP,0.002862205261005969,0.17337413099082133,0.00027344818156960216
2022-11-28,2,2022-11-28T15:00:00.000Z,NORMAL,NORMAL,NORMAL,0.01644241499673474,400.28,0.9499999999999886,0.14434246206577517,0.0016738283201757748,,NOT_APPLICABLE_SESSION_WARMUP,0.0023524862154138087,0.14307425131168283,0.0019471798341226254,0.016508836956520914,146.32,0.28000000000000114,0.1159145251576101,0.0010934937124111304,,NOT_APPLICABLE_SESSION_WARMUP,0.0034755349597929623,0.21052573048885448,-0.0003418102269621137
2022-11-28,3,2022-11-28T15:15:00.000Z,NORMAL,NORMAL,NORMAL,0.01644241499673474,399.8671,0.6000000000000227,0.09125779521671026,0.0008680384057603432,,NOT_APPLICABLE_SESSION_WARMUP,0.001796362366208496,0.10925173501369667,0.002505700468566019,0.016508836956520914,146.23,0.3299999999999841,0.13669762888087272,0.0007522396225123794,,NOT_APPLICABLE_SESSION_WARMUP,0.0019762845849803767,0.11971070949366627,0.0011621547716706981
2022-11-28,4,2022-11-28T15:30:00.000Z,NORMAL,NORMAL,NORMAL,0.01644241499673474,400.09,1.4148000000000138,0.21506599576294763,0.0031612887100401907,0.22500128459781082,VALID,0.0036426236870337057,0.221538240444429,0.000651482121827307,0.016508836956520914,146.45,0.3924999999999841,0.16234308951168963,0.0020484807101398632,0.11339625026940683,VALID,0.002862205261005969,0.17337413099082133,0.00027344818156960216
2022-11-28,5,2022-11-28T15:45:00.000Z,NORMAL,NORMAL,NORMAL,0.01644241499673474,399.35,0.46500000000003183,0.07081636958161566,0.0006635783147615955,0.13389058403483237,VALID,0.0038671689828098385,0.2351947073211454,0.00042596907965619657,0.016508836956520914,146.32,0.14000000000001478,0.05795726257881093,0.0006150902132312973,0.11586247436546125,VALID,0.003339239471173566,0.20226981948928763,-0.00020508613617720162
2022-11-28,6,2022-11-28T16:00:00.000Z,NORMAL,NORMAL,NORMAL,0.01644241499673474,399.26,0.9699999999999704,0.1477577694899163,0.002128938536292055,0.1644475247477682,VALID,0.005738379780943618,0.34899859796040844,-0.0014533062717682066,0.016508836956520914,146.25,0.34499999999999886,0.14289161406022413,0.002256410256410342,0.1626738422899821,VALID,0.005315524056153749,0.32198052898294216,-0.0021875854525567062
2022-11-28,7,2022-11-28T16:15:00.000Z,NORMAL,NORMAL,NORMAL,0.01644241499673474,398.51,0.6700000000000159,0.10225156729742675,0.0008029911420039476,0.16504105202803918,VALID,0.005138843841221578,0.31253583139958996,-0.0008511864491718146,0.016508836956520914,145.96,0.17500000000001137,0.07262526257648731,0.0005480953685942211,0.13532474369674788,VALID,0.005111080823224751,0.3095966624835978,-0.0019824993163795046
2022-11-28,8,2022-11-28T16:30:00.000Z,NORMAL,NORMAL,NORMAL,0.01644241499673474,398.7503,0.4501000000000204,0.06865029136261298,0.0008285887183031521,0.1249548044389334,VALID,0.005663531349018192,0.3444464423348334,-0.0013781352577111328,0.016508836956520914,145.99,0.18000000000000682,0.07468491965670777,0.0011644633194055477,0.1408147264509445,VALID,0.006201444732179341,0.37564395048009724,-0.003076292042657802
2022-11-28,9,2022-11-28T16:45:00.000Z,NORMAL,NORMAL,NORMAL,0.01644241499673474,398.54,0.6399000000000115,0.09765052631042821,0.00047648918552723146,0.13085681039481845,VALID,0.004989895461690078,0.3034770417047015,-0.0007015961311983565,0.016508836956520914,145.83,0.15500000000000114,0.06438257522860626,0.00010285949393139119,0.14225181983805296,VALID,0.005622188905547342,0.3405563287319646,-0.002495214656822564
2022-11-28,10,2022-11-28T17:00:00.000Z,NORMAL,NORMAL,NORMAL,0.01644241499673474,398.81,0.339999999999975,0.05184982228269331,0.00017552217848096382,0.0645044317380327,VALID,0.004835208702377656,0.29406925341185397,-0.0005462427021473149,0.016508836956520914,145.915,0.13000000000002387,0.05396683322820997,0.00017133262515852164,0.07691843465317039,VALID,0.005451819544773145,0.330236439982509,-0.0023243095433415073
2022-11-28,11,2022-11-28T17:15:00.000Z,NORMAL,NORMAL,NORMAL,0.01644241499673474,398.872,1.858699999999999,0.28340671934394834,0.003235875167973724,0.13751115260067334,VALID,0.006911005214440712,0.4203157027610088,-0.0026309854919941422,0.016508836956520914,145.94,0.5650000000000261,0.2345079809315021,0.0029121556804166874,0.13535204731422187,VALID,0.007291808641134125,0.4416912384766084,-0.004170084768936433
2022-11-28,12,2022-11-28T17:30:00.000Z,NORMAL,NORMAL,NORMAL,0.01644241499673474,398.04,0.867999999999995,0.13262561239869547,0.00007034468897603257,0.15325108422408656,VALID,0.005688480826326762,0.3459638275433642,-0.001403192262396935,0.016508836956520914,145.67,0.28000000000000114,0.11643175204957444,0,0.14675982141311797,VALID,0.00586070601063114,0.35500417298119774,-0.0027344818156959105
2022-11-28,13,2022-11-28T17:45:00.000Z,NORMAL,NORMAL,NORMAL,0.01644241499673474,398.53,0.44990000000001373,0.06865771864758079,0,0.14839356510984072,VALID,0.005439235548015223,0.33080514931020705,-0.0011528727855870669,0.016508836956520914,145.88,0.12000000000000455,0.04982749026909226,0.00020564847820126912,0.14299323313421883,VALID,0.006065149243560139,0.36738803948054216,-0.002939567951873112
2022-11-28,14,2022-11-28T18:00:00.000Z,NORMAL,NORMAL,NORMAL,0.01644241499673474,398.6299,1.1885000000000332,0.18132751509898357,0.0026337713252318415,0.21043295263086995,VALID,0.007884034829470385,0.47949372589343214,-0.0036082086747349917,0.016508836956520914,145.85,0.39500000000001023,0.1640492252759548,0.0023654439492629335,0.19213347947448592,VALID,0.008177729317159719,0.49535465997376354,-0.005058791359037529
2022-11-28,15,2022-11-28T18:15:00.000Z,NORMAL,NORMAL,NORMAL,0.01644241499673474,397.65,0.48999999999995225,0.07494272628186632,0.00045265937382107376,0.1728984743313898,VALID,0.007210398942142128,0.4385243252632916,-0.0029316695482221045,0.016508836956520914,145.54,0.1699999999999875,0.0707538493241974,0.000549677064724365,0.15824624882243463,VALID,0.007749080005451845,0.4693898198801336,-0.0046287940935192395
2022-11-28,16,2022-11-28T18:30:00.000Z,NORMAL,NORMAL,NORMAL,0.01644241499673474,397.92,0.30769999999995434,0.04702904101383753,0.0005026135906714632,0.15706879730558948,VALID,0.007529502756917236,0.45793168208030893,-0.0032521486381517084,0.016508836956520914,145.6029,0.08960000000001855,0.03727533079863646,0.00022595703794369576,0.13208038344843648,VALID,0.007836990595611323,0.4747148824748522,-0.004716981132075415
2022-11-28,17,2022-11-28T18:45:00.000Z,NORMAL,NORMAL,NORMAL,0.01644241499673474,397.7921,0.5200000000000387,0.07950264623725388,0.0011616620842898107,0.17123732531956543,VALID,0.008669943364686567,0.5272913599619223,-0.004397504322333323,0.016508836956520914,145.59,0.1599999999999966,0.06656898853359661,0.0010989765780616567,0.14738210288944545,VALID,0.008927354504565914,0.5407621704713517,-0.005810773858353824
2022-11-28,18,2022-11-28T19:00:00.000Z,NORMAL,NORMAL,NORMAL,0.01644241499673474,397.335,0.9868000000000166,0.1510451250568572,0.0022444536725936283,0.14381490973228145,VALID,0.010578578378782988,0.6433713284139686,-0.006314365180786208,0.016508836956520914,145.43,0.30000000000001137,0.12495417521239045,0.0019940865020973697,0.12303754146889717,VALID,0.010562900367997896,0.6398331024661068,-0.007451462947771437
2022-11-28,19,2022-11-28T19:15:00.000Z,NORMAL,NORMAL,NORMAL,0.01644241499673474,396.57,0.6299999999999955,0.096617342264879,0.001109514083263983,0.15143015070002414,VALID,0.011601506948429374,0.7055841219634276,-0.007341702372898218,0.016508836956520914,145.19,0.17249999999998522,0.07196741702701996,0.0009125972863144375,0.12628788611577801,VALID,0.01119462995774853,0.6780992499490828,-0.008085179108558993
2022-11-28,20,2022-11-28T19:30:00.000Z,NORMAL,NORMAL,NORMAL,0.01644241499673474,396.16,0.5099999999999909,0.07829498545245128,0.0007067851373183298,0.15203677737578492,VALID,0.011988223846710428,0.7291035926955464,-0.007730085945526044,0.016508836956520914,145.0973,0.12999999999999545,0.054270964866283085,0.0006016652274025709,0.130768040792506,VALID,0.011755485893417083,0.7120723237122843,-0.008647798742138502
2022-11-28,21,2022-11-28T19:45:00.000Z,NORMAL,NORMAL,NORMAL,0.01644241499673474,396.005,0.5498999999999796,0.08445345959495805,0.0004924180250249193,0.14543717860785807,VALID,0.011110251740226057,0.675706807207604,-0.006848329950637666,0.016508836956520914,145.015,0.1599999999999966,0.06683294169986781,0.0005861462607315074,0.11683445627062623,VALID,0.01124437781109449,0.6811126574639175,-0.008135083401695331
2022-11-28,22,2022-11-28T20:00:00.000Z,NORMAL,NORMAL,NORMAL,0.01644241499673474,396.3569,0.5699999999999932,0.08746268938275853,0.0012536680955976352,0.10300581003118725,VALID,0.01202564806267307,0.7313796705083295,-0.007767671452554525,0.016508836956520914,145.09,0.17000000000001592,0.07097329402884699,0.0011716865393894542,0.09010907993029939,VALID,0.012334741720049081,0.7471599454604169,-0.00922887612797374
2022-11-28,23,2022-11-28T20:15:00.000Z,NORMAL,NORMAL,NORMAL,0.01644241499673474,395.99,0.7099999999999795,0.10904569495544977,0.0015404429404783293,0.11204322962644224,VALID,0.013273121928095589,0.8072489309345049,-0.009020521686837424,0.016508836956520914,144.93,0.25499999999999545,0.10657747082016415,0.0016214724349686996,0.11972790871070893,VALID,0.013766525827995185,0.8338882905108268,-0.010665162701668063
2022-11-28,24,2022-11-28T20:30:00.000Z,NORMAL,NORMAL,NORMAL,0.01644241499673474,395.49,0.5299999999999727,0.08150321820450229,0.0009608333965460453,0.11615333279275208,VALID,0.01390234774581475,0.8455173858934703,-0.0096524593450098,0.016508836956520914,144.7199,0.1483000000000061,0.06207209719093609,0.0009321454755012102,0.12207671261678382,VALID,0.01444732179364866,0.8751265659536382,-0.011348099535138045
2022-11-28,25,2022-11-28T20:45:00.000Z,NORMAL,NORMAL,NORMAL,0.01644241499673474,395.2378,0.7599999999999909,0.11694711531273269,0.00029804841540963023,0.13534383340575276,VALID,0.01247523764377138,0.7587229519659252,-0.008219198676990058,0.016508836956520914,144.62,0.2599999999999909,0.10890015862940859,0.00027658691743875013,0.14970712159033317,VALID,0.012948071418836074,0.78431154495845,-0.009844134536505345
2023-01-12,1,2023-01-12T14:45:00.000Z,ELEVATED,ELEVATED,ELEVATED,0.016688408982989095,396.67,3.6199999999999477,0.5468450432042611,0.008382282501827687,,NOT_APPLICABLE_SESSION_WARMUP,0.009106596299421744,0.5456839120316576,-0.008369677565734701,0.01622732255427641,148.61,1.2199999999999989,0.5059002891992369,0.007065473386716986,,NOT_APPLICABLE_SESSION_WARMUP,0.008132813550208414,0.5011802484979362,-0.006998183163986371
2023-01-12,2,2023-01-12T15:00:00.000Z,NORMAL,ELEVATED,ELEVATED,0.016688408982989095,393.35,1.5,0.2285057695596446,0.002364306597178103,,NOT_APPLICABLE_SESSION_WARMUP,0.008199715340143326,0.4913419456882617,-0.0074621221670406745,0.01622732255427641,147.57,0.46999999999999886,0.19626954326544832,0.0023717557769193896,,NOT_APPLICABLE_SESSION_WARMUP,0.0076623202043286385,0.4721863498245049,-0.00652715160487205
2023-01-12,3,2023-01-12T15:15:00.000Z,ELEVATED,ELEVATED,ELEVATED,0.016688408982989095,393.71,3.160000000000025,0.48094531928215634,0.00017779583957733657,,NOT_APPLICABLE_SESSION_WARMUP,0.0018767397629512622,0.11245768034953296,-0.0011344442483676165,0.01622732255427641,147.64,0.9700000000000273,0.40487487685244444,0,,NOT_APPLICABLE_SESSION_WARMUP,0.0024196800645248932,0.14911147889195261,-0.0012785142318822995
2023-01-12,4,2023-01-12T15:30:00.000Z,ELEVATED,ELEVATED,ELEVATED,0.016688408982989095,396.22,1.3050000000000068,0.19736002139460251,0.0015900257432740707,0.634453703937746,VALID,0.0026324738956833957,0.15774265230236992,-0.0018907404139461015,0.01622732255427641,148.42,0.3640000000000043,0.15113396895360884,0.00147554237973315,0.5424305681136247,VALID,0.0030246000806559256,0.186389348614929,-0.0018841262364578393
2023-01-12,5,2023-01-12T15:45:00.000Z,NORMAL,ELEVATED,ELEVATED,0.016688408982989095,395.92,1.990000000000009,0.30118317078872897,0.002323701757930935,0.40011785289721213,VALID,0.004282223733595276,0.25659868103425865,-0.0034789623616607868,0.01622732255427641,148.33,0.6252000000000066,0.2597425523538165,0.0022598260635071435,0.35726722992467436,VALID,0.005277591074069117,0.3252287034054368,-0.004139694502388935
2023-01-12,6,2023-01-12T16:00:00.000Z,NORMAL,NORMAL,ELEVATED,0.016688408982989095,395.29,1.7699999999999818,0.2683134874608936,0.0016696602494371852,0.39749955256422925,VALID,0.003778432706113504,0.2264106009125827,-0.0029747649179419078,0.01622732255427641,147.9948,0.5699999999999932,0.23734578892936808,0.00091084281339604,0.3611660053447607,VALID,0.004301653448044191,0.2650870735856896,-0.003162640468340139
2023-01-12,7,2023-01-12T16:15:00.000Z,NORMAL,NORMAL,NORMAL,0.016688408982989095,395.49,1.6899999999999977,0.2560567703037135,0.002857215100255368,0.1351905472295159,VALID,0.0024685760346608685,0.14792159259622345,-0.0016638515642726226,0.01622732255427641,148.14,0.48500000000001364,0.20175417449201732,0.0026326447954636584,0.1612672679681525,VALID,0.003663126764349963,0.22573821110030345,-0.002523383352398878
2023-01-12,8,2023-01-12T16:30:00.000Z,NORMAL,NORMAL,NORMAL,0.016688408982989095,396.01,1.0199999999999818,0.15434020916207553,0.0021464104441806164,0.13470304426660348,VALID,0.0031993249200232086,0.19170940281271626,-0.0023951899563869894,0.01622732255427641,148.235,0.31110000000001037,0.12933092524953485,0.0015117887138666392,0.157551427894422,VALID,0.0038983734372900424,0.24023516043703086,-0.0027588991319562606
2023-01-12,9,2023-01-12T16:45:00.000Z,NORMAL,NORMAL,NORMAL,0.016688408982989095,395.7199,1.5199999999999818,0.23016578405340646,0.002476246456142303,0.1161660884256583,VALID,0.0020907327640494323,0.12528053250496005,-0.00128570348148338,0.01622732255427641,148.2,0.5099999999999909,0.21206798195132653,0.002226720647773172,0.09653668395322579,VALID,0.00289017341040467,0.17810537756538394,-0.0017495457909967316
2023-01-12,10,2023-01-12T17:00:00.000Z,NORMAL,NORMAL,NORMAL,0.016688408982989095,396.16,1.080000000000041,0.16335716884220647,0.0017669628432957528,0.11614872949192358,VALID,0.0015869417365676603,0.09509245238328405,-0.0007815060377643901,0.01622732255427641,148.35,0.27000000000001023,0.11215776455786003,0.0012807549713515182,0.07707089836344952,VALID,0.002621320069901968,0.161537435466282,-0.001480384900074183
2023-01-12,11,2023-01-12T17:15:00.000Z,NORMAL,NORMAL,NORMAL,0.016688408982989095,396.36,1.1200000000000045,0.16932195275514003,0.0005550509637703787,0.14191333723808267,VALID,0.0003775864673009547,0.022625671967042387,0.0011092343761816004,0.01622732255427641,148.39,0.4275000000000091,0.1775352579188888,0.0003201024327783896,0.15781521367225648,VALID,0.00030246000806551614,0.01863893486148819,0.0008411277841329223
2023-01-12,12,2023-01-12T17:30:00.000Z,NORMAL,NORMAL,NORMAL,0.016688408982989095,397.11,0.8899999999999864,0.13429636216009586,0.00017627357659085184,0.17420174513699913,VALID,0.0002261704319856051,0.013552546094486669,0.0029495550457558917,0.01622732255427641,148.735,0.27499999999997726,0.1139390639415377,0.0002017010118667505,0.18214586149094328,VALID,0.00015236944556307005,0.009389684900477677,0.002336989435435033
2023-01-12,13,2023-01-12T17:45:00.000Z,NORMAL,NORMAL,NORMAL,0.016688408982989095,397.84,0.6500000000000341,0.09790164202793267,0.0009802935853609148,0.1649632377828386,VALID,0.0012562170308968394,0.0752748229131568,0.0023442660145711613,0.01622732255427641,148.9573,0.18999999999999773,0.07860405311554394,0.0007203406613842308,0.174894671881004,VALID,0.001139962426194204,0.07024956966137265,0.0017502186932238928
2023-01-12,14,2023-01-12T18:00:00.000Z,NORMAL,NORMAL,NORMAL,0.016688408982989095,397.5999,0.5559999999999832,0.08379412891819744,0.00007520122615724456,0.16384173782073944,VALID,0.0009318657912318737,0.055839103187232966,0.00273527113217531,0.01622732255427641,148.8701,0.21989999999999554,0.09102713637065316,0,0.18348235723796877,VALID,0.0005365886377356799,0.03306698538473754,0.0026916089092252626
2023-01-12,15,2023-01-12T18:15:00.000Z,NORMAL,NORMAL,NORMAL,0.016688408982989095,397.755,0.6400000000000432,0.09641606257122609,0.00043996932785260115,0.12634466734316147,VALID,0.0004268997036814221,0.025580611316307712,0.003478962361660898,0.01622732255427641,149.01,0.17089999999998895,0.07067727214931142,0.00026843835984156797,0.1266046791977461,VALID,0.0000060345619478054325,0.0003718766252178266,0.003566381804723573
2023-01-12,16,2023-01-12T18:30:00.000Z,NORMAL,NORMAL,NORMAL,0.016688408982989095,398.05,2.489900000000034,0.37482568424688706,0.005401331491018802,0.28822800517392844,VALID,0.005547078377237989,0.3323910855068486,-0.0012352837371114589,0.01622732255427641,149.14,0.8449999999999989,0.34915293843898626,0.0050623575164274875,0.29015116087276216,VALID,0.005092809756751263,0.31384165438981476,-0.0009420631182289751
2023-01-12,17,2023-01-12T18:45:00.000Z,NORMAL,NORMAL,NORMAL,0.016688408982989095,396.18,1.8800000000000523,0.28434812387941977,0.001640668383058292,0.3286451021937416,VALID,0.002858757212469581,0.17130196266064562,0.0014646935740034728,0.01622732255427641,148.47,0.6219000000000108,0.2581279185730296,0.0015471138950630312,0.3224752536298641,VALID,0.0027474368424579283,0.1693093135524007,0.0014130946773431852
2023-01-12,18,2023-01-12T19:00:00.000Z,NORMAL,NORMAL,NORMAL,0.016688408982989095,397.251,1.25,0.18855153806259814,0.00017872831031254683,0.3614217623907676,VALID,0.00042667469819043726,0.02556712857560941,0.004008369677565682,0.01622732255427641,148.82,0.38999999999998636,0.1614940172602586,0.0000671952694529694,0.3470710258703804,VALID,0.00046907458285862886,0.028906468167480468,0.0037009622501849027
2023-01-12,19,2023-01-12T19:15:00.000Z,NORMAL,NORMAL,NORMAL,0.016688408982989095,398.26,0.9150000000000205,0.1376700500133978,0.0017325365339225574,0.3613927082876522,VALID,0.0013019310639045354,0.07801409141108813,0.0032677036327426467,0.01622732255427641,149.16,0.30000000000001137,0.12394300208693525,0.001474926253687308,0.3432797241181863,VALID,0.0008040739748057126,0.04955062501015079,0.003431801359262465
2023-01-12,20,2023-01-12T19:30:00.000Z,NORMAL,NORMAL,NORMAL,0.016688408982989095,397.9662,0.8000000000000114,0.12045611840910106,0.0016740115115303849,0.23909795351659005,VALID,0.0025722423679687668,0.15413346895984611,0.001991579902689722,0.01622732255427641,149.12,0.2550000000000239,0.10537981131032086,0.001542381974249049,0.21617602637068042,VALID,0.002010184937014281,0.12387656252537696,0.0022205773501109416
2023-01-12,21,2023-01-12T19:45:00.000Z,NORMAL,NORMAL,NORMAL,0.016688408982989095,397.46,0.8400000000000318,0.12664000627867505,0.0008051124641473184,0.17750968666261568,VALID,0.002170721608090666,0.13007361039050133,0.0023949378576650915,0.01622732255427641,148.94,0.2650000000000148,0.1096447030278683,0.0008056935678797136,0.1605681775487507,VALID,0.0018091664433128533,0.11148890627283928,0.002422448018302825
2023-01-12,22,2023-01-12T20:00:00.000Z,NORMAL,NORMAL,NORMAL,0.016688408982989095,397.62,1.1999999999999886,0.18084149581265602,0.002263467632412799,0.09770679847993584,VALID,0.0027479077004153914,0.1646596570839318,0.0018151107973882752,0.01622732255427641,148.97,0.3900000000000148,0.161331406650154,0.0020138282875747557,0.0857117813071311,VALID,0.0024122219244171374,0.14865187503045235,0.0018168360137271744
2023-01-12,23,2023-01-12T20:15:00.000Z,NORMAL,NORMAL,NORMAL,0.016688408982989095,397.39,1.1800000000000068,0.1779303932466315,0.0025919122272829533,0.15748747779808864,VALID,0.004931176832252235,0.29548513805472437,-0.0003781480827893535,0.01622732255427641,148.88,0.4350000000000023,0.18005534912255272,0.002384470714669464,0.1568999895574696,VALID,0.004556419190565577,0.28078687505751326,-0.00033645111365321334
2023-01-12,24,2023-01-12T20:30:00.000Z,NORMAL,NORMAL,NORMAL,0.016688408982989095,396.52,0.7898999999999887,0.11936914463502381,0.0006809240391404767,0.13992018334463377,VALID,0.0045296560723741336,0.27142527948537953,0.000025209872186016113,0.01622732255427641,148.56,0.2599999999999909,0.10785110235447713,0.0004038772213247326,0.1433758414261759,VALID,0.003936612168319523,0.2425916016121897,0.0002859834466051314
2023-01-12,25,2023-01-12T20:45:00.000Z,NORMAL,NORMAL,NORMAL,0.016688408982989095,396.68,0.6999000000000137,0.1057257450925279,0.0008571140465867496,0.13921719063272256,VALID,0.004855891689775028,0.29097391457296845,-0.0003025184662314162,0.01622732255427641,148.6525,0.20729999999997517,0.08593700536605495,0.0006895275895123999,0.14448610326887956,VALID,0.00428839453229707,0.26427000005413365,-0.0000672902227307759
2023-03-17,1,2023-03-17T13:45:00.000Z,NORMAL,NORMAL,NORMAL,0.01728208893313074,393.22,1.5400000000000205,0.2266151216840994,0.0015004323279589843,,NOT_APPLICABLE_SESSION_WARMUP,0.0023086485526550094,0.13358619791784543,0.00010172422562426675,0.018974678491876354,139.96,0.700000000000017,0.26358438599367445,0.00500142897970861,,NOT_APPLICABLE_SESSION_WARMUP,0.0037153472420692357,0.1958055438810144,-0.0037153472420692335
2023-03-17,2,2023-03-17T14:00:00.000Z,NORMAL,NORMAL,NORMAL,0.01728208893313074,393.26,1.0500000000000114,0.1544945943961802,0.002593703910898596,,NOT_APPLICABLE_SESSION_WARMUP,0.003475657711139875,0.20111328697521297,-0.001068104369055578,0.018974678491876354,139.44,0.5,0.18897667539378832,0.003585771658060815,,NOT_APPLICABLE_SESSION_WARMUP,0.006573306659045555,0.34642519302025543,-0.006573306659045541
2023-03-17,3,2023-03-17T14:15:00.000Z,NORMAL,NORMAL,NORMAL,0.01728208893313074,392.8,2.019999999999982,0.2975662381639173,0.0010692464358452542,,NOT_APPLICABLE_SESSION_WARMUP,0.004614604462474628,0.2670165904324315,-0.0016275876099893782,0.018974678491876354,139.04,0.8700000000000045,0.3297653858848056,0.0015822784810126502,,NOT_APPLICABLE_SESSION_WARMUP,0.007573592454987155,0.3991420702189839,-0.007573592454987121
2023-03-17,4,2023-03-17T14:30:00.000Z,NORMAL,NORMAL,NORMAL,0.01728208893313074,392.58,2.5459999999999923,0.3752614851045115,0.005211676600947558,0.214120848585258,VALID,0.008062880324543484,0.46654547119512196,-0.005086211281216668,0.018974678491876354,138.9,0.9300000000000068,0.35286312575559875,0.005327573794096537,0.30104829500769853,VALID,0.010645898828236704,0.5610581930436683,-0.010645898828236744
2023-03-17,5,2023-03-17T14:45:00.000Z,NORMAL,NORMAL,NORMAL,0.01728208893313074,391.22,1.7699999999999818,0.2617917654912612,0.003961965134706843,0.30721282755037355,VALID,0.011840770791074947,0.6851469655601368,-0.008875438685723047,0.018974678491876354,138.47,0.6200000000000045,0.23597259655498265,0.00375532606340731,0.3024229202655186,VALID,0.01436124607030594,0.7568637369246827,-0.014361246070305977
2023-03-17,6,2023-03-17T15:00:00.000Z,NORMAL,NORMAL,NORMAL,0.01728208893313074,389.73,1.125,0.16702921855856576,0.0007441048931311945,0.3087224517485598,VALID,0.010573022312373122,0.6117907593973806,-0.007603885865418825,0.018974678491876354,137.95,0.30999999999997385,0.11843104546924775,0.0006524102935844509,0.26417045623768864,VALID,0.013718205201486252,0.7229743158683526,-0.013718205201486255
2023-03-17,7,2023-03-17T15:15:00.000Z,NORMAL,NORMAL,NORMAL,0.01728208893313074,390.23,1.170000000000016,0.17348781293796978,0.0022038285113907532,0.30730661450287566,VALID,0.010344827586206857,0.5985866422880881,-0.007375006357764224,0.018974678491876354,138.04,0.46999999999999886,0.17943967806356995,0.0021008403361343964,0.262171260371737,VALID,0.012932266361817678,0.6815539123550568,-0.012932266361817657
2023-03-17,8,2023-03-17T15:30:00.000Z,NORMAL,NORMAL,NORMAL,0.01728208893313074,390.32,1.9750000000000227,0.29278583330814695,0.003356220536995292,0.2593948330507506,VALID,0.012297160243407622,0.7115551997787299,-0.00933319770103258,0.018974678491876354,138.15,0.6469999999999914,0.2468192143053267,0.0028013029315960944,0.21522327202750935,VALID,0.01414689911403271,0.7455672632392393,-0.014146899114032663
2023-03-17,9,2023-03-17T15:45:00.000Z,NORMAL,NORMAL,NORMAL,0.01728208893313074,389.55,1.6899999999999977,0.2510309445816906,0.0025413939160570122,0.17274672671563085,VALID,0.014097363083164307,0.8157210125298491,-0.011138802705864537,0.018974678491876354,137.98,0.5600000000000023,0.21389343767893276,0.002246702420640689,0.12193917225460212,VALID,0.015790225778793996,0.8321735614942978,-0.015790225778793965
2023-03-17,10,2023-03-17T16:00:00.000Z,NORMAL,NORMAL,NORMAL,0.01728208893313074,388.84,1.0900000000000318,0.16220316636428944,0.000051435037547530634,0.19092828592841482,VALID,0.012221348884381259,0.7071684986501975,-0.009257158842378321,0.018974678491876354,137.75,0.36000000000001364,0.13773251168185704,0,0.13875474527256343,VALID,0.01439697056301811,0.7587464825389214,-0.014396970563018141
2023-03-17,11,2023-03-17T16:15:00.000Z,NORMAL,NORMAL,NORMAL,0.01728208893313074,389.5799,1.160000000000025,0.17229203942136812,0.0001794240411274254,0.2184372491722623,VALID,0.010395537525354884,0.6015208905345958,-0.007425868470576358,0.018974678491876354,137.945,0.4199999999999875,0.16046078073292697,0.00010873899017714567,0.1762590944863977,VALID,0.01221777650757365,0.6438990000702492,-0.012217776507573608
2023-03-17,12,2023-03-17T16:30:00.000Z,NORMAL,NORMAL,NORMAL,0.01728208893313074,390.3,1.0900000000000318,0.1615964109892142,0.001383551114527339,0.19637174215663908,VALID,0.00933062880324531,0.5399016773578781,-0.00635776410152078,0.018974678491876354,138.25,0.3499999999999943,0.1334223170476426,0.0012296564195297469,0.17487605685591517,VALID,0.011074592740783162,0.5836511404145549,-0.011074592740783151
2023-03-17,13,2023-03-17T16:45:00.000Z,NORMAL,NORMAL,NORMAL,0.01728208893313074,390.72,1.246499999999969,0.1845994509175411,0.0004773239148239753,0.1657082308776533,VALID,0.00925456389452327,0.5355003049881168,-0.00628147093230258,0.018974678491876354,138.41,0.47999999999998977,0.1827676563270928,0.0010114876092766878,0.15354018314178522,VALID,0.011574735638753962,0.6100095790139192,-0.011574735638753997
2023-03-17,14,2023-03-17T17:00:00.000Z,NORMAL,NORMAL,NORMAL,0.01728208893313074,390.75,0.9500000000000455,0.14067871183653385,0.002175303902751178,0.13602445682516132,VALID,0.010218052738336645,0.5912510216718109,-0.00724785107573378,0.018974678491876354,138.34,0.28000000000000114,0.10666841307987257,0.0020239988434292405,0.15070122797913674,VALID,0.012860817376393335,0.6777884211265792,-0.01286081737639333
2023-03-17,15,2023-03-17T17:15:00.000Z,NORMAL,NORMAL,NORMAL,0.01728208893313074,390.37,0.9939999999999714,0.14733764164421784,0.0004457309731792355,0.144137400978146,VALID,0.00821501014198771,0.4753482159346531,-0.005238797619653179,0.018974678491876354,138.16,0.33499999999997954,0.12778740665408597,0.00036189924724944233,0.12973099065313784,VALID,0.011217490711632049,0.5911821228715207,-0.011217490711632028
2023-03-17,16,2023-03-17T17:30:00.000Z,NORMAL,NORMAL,NORMAL,0.01728208893313074,391.16,1.0200000000000387,0.15088619217099894,0.0014572042131098526,0.13437284433218138,VALID,0.008798174442190596,0.5090920707695236,-0.005823711916993046,0.018974678491876354,138.39,0.37000000000000455,0.14090376209634747,0.0013006720138736788,0.11550764498961553,VALID,0.01150328665332962,0.6062440877854416,-0.01150328665332967
2023-03-17,17,2023-03-17T17:45:00.000Z,NORMAL,NORMAL,NORMAL,0.01728208893313074,390.93,1.2600000000000477,0.18649848574090547,0.0018417619522677392,0.13663628249567092,VALID,0.009229208924949255,0.534033180864863,-0.006256039875896513,0.018974678491876354,138.35,0.45000000000001705,0.171418987027248,0.0018070112034694616,0.12281666925814758,VALID,0.012432123463846877,0.6551954737556925,-0.012432123463846922
2023-03-17,18,2023-03-17T18:00:00.000Z,NORMAL,NORMAL,NORMAL,0.01728208893313074,390.76,0.7600000000000477,0.11254008936457452,0.0009212816050773202,0.12984734083578595,VALID,0.008598377281947185,0.4975311326782731,-0.005623315192513134,0.018974678491876354,138.22,0.28000000000000114,0.10676102058652563,0.0005787874403126357,0.11330793478831569,VALID,0.01150328665332962,0.6062440877854416,-0.01150328665332967
2023-03-17,19,2023-03-17T18:15:00.000Z,NORMAL,NORMAL,NORMAL,0.01728208893313074,391.0088,1.599999999999966,0.2367757469240829,0.0029380412921652765,0.17201368028222666,VALID,0.011384381338742273,0.6587387313415435,-0.008417679670413514,0.018974678491876354,138.35,0.5300000000000011,0.20189347360986265,0.002529815684857205,0.15138398674577758,VALID,0.014004001143183823,0.7380362807822735,-0.014004001143183786
2023-03-17,20,2023-03-17T18:30:00.000Z,NORMAL,NORMAL,NORMAL,0.01728208893313074,389.91,1.321200000000033,0.19606855840185597,0.002615988304993559,0.20969174653808037,VALID,0.013514198782961421,0.7819771576949786,-0.010553888408524559,0.018974678491876354,138,0.44429999999999836,0.16967693122018843,0.0025362318840579296,0.19157458788177426,VALID,0.016218919691340455,0.8547665088651845,-0.016218919691340483
2023-03-17,21,2023-03-17T18:45:00.000Z,NORMAL,NORMAL,NORMAL,0.01728208893313074,389.07,0.6671999999999798,0.0992275016861015,0.000275528825147088,0.21029077501462107,VALID,0.013007099391480719,0.7526346752298777,-0.010045267280402892,0.018974678491876354,137.69,0.25,0.09568925708805957,0.00014525383106986877,0.18757960465893353,VALID,0.01564732780794511,0.824642579037332,-0.01564732780794509
2023-03-17,22,2023-03-17T19:00:00.000Z,NORMAL,NORMAL,NORMAL,0.01728208893313074,389.27,1.5,0.2229687957761274,0.001849615947799652,0.21460539471367207,VALID,0.012043610547667343,0.6968839585461837,-0.009078887136971803,0.018974678491876354,137.77,0.539999999999992,0.20656877568601442,0.0013791101110546397,0.20287417682940603,VALID,0.013932552157759482,0.734270789553796,-0.013932552157759459
2023-03-17,23,2023-03-17T19:15:00.000Z,NORMAL,NORMAL,NORMAL,0.01728208893313074,389.65,0.9986000000000104,0.1482929980638856,0.0011548825869369657,0.15071822255615247,VALID,0.011092799188640975,0.6418668039241167,-0.008125222521743636,0.018974678491876354,138.01,0.3499999999999943,0.13365433904671106,0.0015940873849720953,0.15672689260849654,VALID,0.013289511288939794,0.700381368497466,-0.013289511288939848
2023-03-17,24,2023-03-17T19:30:00.000Z,NORMAL,NORMAL,NORMAL,0.01728208893313074,390.025,1.2200000000000273,0.18099690536207605,0.0009614768284084354,0.13738106757052854,VALID,0.009244421906693607,0.534913455338812,-0.006271298509740064,0.018974678491876354,138.1,0.6975000000000193,0.266180420894933,0.0028783490224475595,0.14017743908742655,VALID,0.01150328665332962,0.6062440877854416,-0.01150328665332967
2023-03-17,25,2023-03-17T19:45:00.000Z,NORMAL,NORMAL,NORMAL,0.01728208893313074,390.754,1.1860000000000355,0.17562446769456996,0.0029430280944021917,0.1440026553921872,VALID,0.010141987829614604,0.5868496493020494,-0.00717155790651558,0.018974678491876354,138.35,0.4300000000000068,0.16380036538158893,0.002963498373689892,0.1513463938802895,VALID,0.012717919405544448,0.6702574386696134,-0.012717919405544453
2023-07-14,1,2023-07-14T13:45:00.000Z,ELEVATED,ELEVATED,ELEVATED,0.008970370193965254,450.475,0.6699999999999591,0.1658035185792221,0.00027748487707419944,,NOT_APPLICABLE_SESSION_WARMUP,0.0010309964081414904,0.1149335407400561,0.00017759032132746988,0.010375804333790506,153.1,0.7199999999999989,0.4532476201869317,0.0047028086218157995,,NOT_APPLICABLE_SESSION_WARMUP,0.004376224689745183,0.4217720910072764,-0.0043762246897451895
2023-07-14,2,2023-07-14T14:00:00.000Z,NORMAL,ELEVATED,ELEVATED,0.008970370193965254,450.555,0.6699999999999591,0.16577407870731672,0.0002996304557711953,,NOT_APPLICABLE_SESSION_WARMUP,0.00013301115076814443,0.014827832953608386,0.001232032854209253,0.010375804333790506,152.43,0.2300000000000182,0.14542384163262292,0.0007216427212491874,,NOT_APPLICABLE_SESSION_WARMUP,0.004310907903331134,0.41547698517135256,-0.004310907903331107
2023-07-14,3,2023-07-14T14:15:00.000Z,NORMAL,NORMAL,ELEVATED,0.008970370193965254,451.03,1,0.24716342471834665,0.0018845753054119814,,NOT_APPLICABLE_SESSION_WARMUP,0.0003324615452813381,0.0370621878576426,0.001232032854209253,0.010375804333790506,152.44,0.2599999999999909,0.16438138474482128,0.0017055890842298013,,NOT_APPLICABLE_SESSION_WARMUP,0.005617243631613228,0.5413791018899378,-0.0056172436316132
2023-07-14,4,2023-07-14T14:30:00.000Z,ELEVATED,ELEVATED,ELEVATED,0.008970370193965254,451.03,0.9300000000000068,0.2298619849880641,0.0013302884508790234,0.18977307110959704,VALID,0.0020549007444168937,0.22907647064547149,-0.00009434485820525307,0.010375804333790506,152.24,0.40510000000000446,0.2564553093668459,0.0021347871781398913,0.4847264908444297,VALID,0.0077073807968648395,0.7428224886396991,-0.007707380796864838
2023-07-14,5,2023-07-14T14:45:00.000Z,NORMAL,ELEVATED,ELEVATED,0.008970370193965254,450.4325,0.8570000000000277,0.21210003356610949,0.0012532399416116944,0.21697796619944626,VALID,0.0030131159163417527,0.3358964960407992,-0.001054442532882005,0.010375804333790506,151.92,0.2300000000000182,0.14591203383399629,0.001448130595050019,0.25955951334489613,VALID,0.008752449379490553,0.8435441820145709,-0.008752449379490601
2023-07-14,6,2023-07-14T15:00:00.000Z,NORMAL,NORMAL,ELEVATED,0.008970370193965254,450,0.7700000000000387,0.1907514488379012,0.001066666666666707,0.18639042677034073,VALID,0.00266970932293522,0.2976141748008623,-0.0007103612853101016,0.010375804333790506,151.76,0.24920000000000186,0.158259193007,0.0005271481286240386,0.2704419813637577,VALID,0.007968647942521221,0.7680029119834126,-0.007968647942521168
2023-07-14,7,2023-07-14T15:15:00.000Z,NORMAL,NORMAL,NORMAL,0.008970370193965254,450.155,0.3299999999999841,0.08172247207902716,0.00023325299063647266,0.18672326940214365,VALID,0.002570010634526819,0.28649995250539084,-0.0006104667295633304,0.010375804333790506,151.88,0.16499999999999204,0.10470359235865706,0.0006913352646825768,0.23939723538156976,VALID,0.007838014369692937,0.7554127003115468,-0.007838014369692892
2023-07-14,8,2023-07-14T15:30:00.000Z,NORMAL,NORMAL,NORMAL,0.008970370193965254,450.2,0.4399999999999977,0.10895240461642544,0.0002443358507330379,0.12428930167161631,VALID,0.002132444168734567,0.2377208657641746,-0.00017204062378606277,0.010375804333790506,151.9,0.1449999999999818,0.0920001329853206,0,0.14108518306564224,VALID,0.007217504898758914,0.6956091948702162,-0.007217504898758942
2023-07-14,9,2023-07-14T15:45:00.000Z,NORMAL,NORMAL,NORMAL,0.008970370193965254,450.3975,0.5450000000000159,0.13489323342301396,0.0002830832764391404,0.06341361360533568,VALID,0.002182293512938704,0.24327797691190325,-0.00022198790165939286,0.010375804333790506,151.995,0.20000000000001705,0.12681742208374044,0.0005592289220040656,0.09845012463598263,VALID,0.007315480078380174,0.70505185362412,-0.007315480078380121
2023-07-14,10,2023-07-14T16:00:00.000Z,NORMAL,NORMAL,NORMAL,0.008970370193965254,450.375,0.4516999999999598,0.11180608727368058,0.0006587843463779896,0.057940851409469286,VALID,0.0019275079758950826,0.2148749643790396,0.000033298185248886725,0.010375804333790506,151.98,0.21999999999999886,0.1395129324686013,0.0011843663639951206,0.06516637539209173,VALID,0.007119529719137841,0.6861665361163304,-0.007119529719137874
2023-07-14,11,2023-07-14T16:15:00.000Z,NORMAL,NORMAL,NORMAL,0.008970370193965254,450.49,0.625,0.1546623113869285,0.0012763879331394452,0.14978871286169315,VALID,0.0031682027649769734,0.3531852862781914,-0.0012098340640435135,0.010375804333790506,152.01,0.2150000000000034,0.13631527613208377,0.0011183474771395796,0.11723193572579903,VALID,0.00813193990855653,0.7837406765732403,-0.00813193990855654
2023-07-14,12,2023-07-14T16:30:00.000Z,NORMAL,NORMAL,NORMAL,0.008970370193965254,449.93,0.40500000000002956,0.10034591687049814,0.000477852110328344,0.14807097851855022,VALID,0.003555919886565088,0.39640726187167896,-0.001598312891947451,0.010375804333790506,151.855,0.1150000000000091,0.07298724500365715,0,0.10297366993547444,VALID,0.007903331156107172,0.7617078061474887,-0.007903331156107196
2023-07-14,13,2023-07-14T16:45:00.000Z,NORMAL,NORMAL,NORMAL,0.008970370193965254,449.755,0.5022999999999911,0.12450213872017787,0.00031128058609684466,0.1639639899041265,VALID,0.0029244948599787155,0.3260171873337119,-0.0009656473722182701,0.010375804333790506,151.89,0.1699999999999875,0.10786932621747851,0.00013167423793522821,0.12584830113218656,VALID,0.0071521881123448655,0.6893140890342924,-0.007152188112344859
2023-07-14,14,2023-07-14T17:00:00.000Z,NORMAL,NORMAL,NORMAL,0.008970370193965254,450.04,0.5299999999999727,0.13128478203909957,0.0010665718602791267,0.17126327087332652,VALID,0.0034349521446296184,0.38292200548651334,-0.0014771074976414056,0.010375804333790506,152.005,0.11499999999998067,0.07291522048634991,0.0005262984770236774,0.12440202429218736,VALID,0.0071521881123448655,0.6893140890342924,-0.007152188112344859
2023-07-14,15,2023-07-14T17:15:00.000Z,NORMAL,NORMAL,NORMAL,0.008970370193965254,449.8096,0.6650000000000205,0.164809620414345,0.0013774717124756593,0.11054628280531793,VALID,0.0038439383197448013,0.4285150151696951,-0.0018868971641046173,0.010375804333790506,152.005,0.18500000000000227,0.11729839817371447,0.0007565540607217466,0.07943922057264527,VALID,0.006923579359895508,0.6672812186085408,-0.006923579359895515
2023-07-14,16,2023-07-14T17:30:00.000Z,NORMAL,NORMAL,NORMAL,0.008970370193965254,449.625,0.35000000000002274,0.08677751861607583,0.00042257436752849093,0.10630592622192031,VALID,0.003566997518610452,0.39764217546006314,-0.0016094122870303762,0.010375804333790506,152.04,0.1599999999999966,0.10142390986380466,0.0004604051565377084,0.07686066080346653,VALID,0.006825604180274249,0.6578385598546371,-0.006825604180274225
2023-07-14,17,2023-07-14T17:45:00.000Z,NORMAL,NORMAL,NORMAL,0.008970370193965254,449.75,0.37999999999999545,0.09418940609510068,0.00017787659811002574,0.08251308177528825,VALID,0.0033676001417937756,0.37541373086913427,-0.0014096231755370559,0.010375804333790506,152.055,0.14860000000001605,0.09418816384680935,0.00009864851533994133,0.05616113456614075,VALID,0.006303069888961486,0.6074777131672102,-0.0063030698889614545
2023-07-14,18,2023-07-14T18:00:00.000Z,NORMAL,NORMAL,NORMAL,0.008970370193965254,449.84,0.375,0.09293147517788204,0.00016672594700335372,0.05959304287458921,VALID,0.00337048032612548,0.3757348084021041,-0.001412509018258512,0.010375804333790506,152.135,0.12000000000000455,0.07602043212784916,0.00009859664114100212,0.05928968853909331,VALID,0.0061071195297191525,0.5885923956594206,-0.006107119529719207
2023-07-14,19,2023-07-14T18:15:00.000Z,NORMAL,NORMAL,NORMAL,0.008970370193965254,449.8387,0.4000000000000341,0.09912719332571909,0.00001934026574421679,0.09848089331730618,VALID,0.002558933002481455,0.28526503891700666,-0.0005993673344804051,0.010375804333790506,152.165,0.12999999999999545,0.08233923139519785,0.00006571813491927123,0.08628837790979554,VALID,0.005421293272370896,0.5224937843821482,-0.005421293272370842
2023-07-14,20,2023-07-14T18:30:00.000Z,NORMAL,NORMAL,NORMAL,0.008970370193965254,450.205,0.7199999999999704,0.17828377295790174,0.0014771048744460049,0.1786852479047164,VALID,0.003921481744062475,0.4371594102883983,-0.001964592929685427,0.010375804333790506,152.27,0.15000000000000568,0.09494129212722736,0.000788073816247485,0.10474171909411513,VALID,0.006041802743304918,0.5822972898234788,-0.006041802743304903
2023-07-14,21,2023-07-14T18:45:00.000Z,NORMAL,NORMAL,NORMAL,0.008970370193965254,449.59,0.5400000000000205,0.13389573723478917,0.0008452145287928902,0.18382777754244112,VALID,0.004355724920241067,0.48556802295309365,-0.0023996892169376727,0.010375804333790506,152.175,0.1599999999999966,0.10133393300931728,0.0005585674388040608,0.09359827446431114,VALID,0.006237753102547251,0.6011826073312684,-0.006237753102547261
2023-07-14,22,2023-07-14T19:00:00.000Z,NORMAL,NORMAL,NORMAL,0.008970370193965254,449.394,0.6200000000000045,0.1537991919327903,0.0004539446454558978,0.1863873449495393,VALID,0.004630671747607246,0.5162185782168159,-0.002675176202896923,0.010375804333790506,152.145,0.1599999999999966,0.1013539140667972,0.0004272240297084868,0.0935980208338133,VALID,0.006433703461789584,0.620067924839058,-0.006433703461789619
2023-07-14,23,2023-07-14T19:15:00.000Z,NORMAL,NORMAL,NORMAL,0.008970370193965254,449.2699,0.6510000000000105,0.16153375902195363,0.001424310865250513,0.16278823762287886,VALID,0.004630450194966394,0.5161938799450544,-0.0026749542149954175,0.010375804333790506,152.115,0.23499999999998522,0.14889292003943036,0.0011833152549058726,0.07308410752891781,VALID,0.0061071195297191525,0.5885923956594206,-0.006107119529719207
2023-07-14,24,2023-07-14T19:30:00.000Z,NORMAL,NORMAL,NORMAL,0.008970370193965254,449.27,0.625,0.15508229941170662,0.0007679123912123454,0.06851924185369598,VALID,0.004962779156327563,0.5532412875966072,-0.003007936067484396,0.010375804333790506,152.165,0.2150000000000034,0.13617642115360334,0.0007886176190320018,0.06305784296153531,VALID,0.006596342259960729,0.6357427383705242,-0.006596342259960752
2023-07-14,25,2023-07-14T19:45:00.000Z,NORMAL,NORMAL,NORMAL,0.008970370193965254,449.12,0.3100000000000023,0.07694651102093467,0.0004898468115426328,0.0683794031475034,VALID,0.005394806806097134,0.6014029175436313,-0.0034408124757201453,0.010375804333790506,152.0901,0.10500000000001819,0.06653751550265538,0.0005266614986775327,0.07668188294433274,VALID,0.007086871325930817,0.6830189831983685,-0.007086871325930777
2024-04-04,1,2024-04-04T13:45:00.000Z,ELEVATED,ELEVATED,ELEVATED,0.007974621857468974,523.52,0.7599999999999909,0.18204142057003778,0.0011078850855744332,,NOT_APPLICABLE_SESSION_WARMUP,0.0010693144930304737,0.13408968000519816,-0.00072585574572126,0.00852686535259567,168.39,0.5900000000000034,0.41090962069818476,0.002434823920660352,,NOT_APPLICABLE_SESSION_WARMUP,0.0014682327816337563,0.17218904262242285,-0.00040085515766963287
2024-04-04,2,2024-04-04T14:00:00.000Z,NORMAL,ELEVATED,ELEVATED,0.007974621857468974,523.14,0.67999999999995,0.16299747842943776,0.0010704591505140983,,NOT_APPLICABLE_SESSION_WARMUP,0.0016421615428680802,0.20592343715082156,-0.0012988997555011261,0.00852686535259567,168.3225,0.2400000000000091,0.16721670589522272,0.0006089500809457562,,NOT_APPLICABLE_SESSION_WARMUP,0.001838998635581671,0.2156711240927312,-0.0007720173406972064
2024-04-04,3,2024-04-04T14:15:00.000Z,NORMAL,NORMAL,ELEVATED,0.007974621857468974,522.84,0.2949999999999591,0.07075271524789752,0.00018169994644638376,,NOT_APPLICABLE_SESSION_WARMUP,0.0015180446820700262,0.1903594564359483,-0.001174740220048931,0.00852686535259567,168.26,0.13999999999998636,0.09757931071274305,0.00029715915844516196,,NOT_APPLICABLE_SESSION_WARMUP,0.001838998635581671,0.2156711240927312,-0.0007720173406972064
2024-04-04,4,2024-04-04T14:30:00.000Z,NORMAL,NORMAL,NORMAL,0.007974621857468974,522.905,0.5699999999999363,0.13669164259781894,0.0008318910700795468,0.1170977631329044,VALID,0.0014894023295781676,0.18676776857866986,-0.0011460880195599543,0.00852686535259567,168.26,0.15500000000000114,0.10803423686054828,0.0008320456436466562,0.06740546874068269,VALID,0.002016966245476677,0.23654252319848007,-0.0009501751885503396
2024-04-04,5,2024-04-04T14:45:00.000Z,NORMAL,NORMAL,NORMAL,0.007974621857468974,522.92,0.350400000000036,0.08402697832337172,0.0005928249062953137,0.07366896517489917,VALID,0.0014894023295781676,0.18676776857866986,-0.0011460880195599543,0.00852686535259567,168.23,0.125,0.08713992122035173,0.0005647030850621106,0.05263891533522433,VALID,0.001838998635581671,0.2156711240927312,-0.0007720173406972064
2024-04-04,6,2024-04-04T15:00:00.000Z,NORMAL,NORMAL,NORMAL,0.007974621857468974,522.92,0.29500000000007276,0.07074189099714105,0.0004780846018511436,0.0482899850916199,VALID,0.0018522054611419272,0.23226248143755743,-0.0015090158924204733,0.00852686535259567,168.26,0.12000000000000455,0.0836394091823625,0.0006537501485794914,0.08217545650090026,VALID,0.0024915465385299137,0.29219958748046376,-0.0014252627828255093
2024-04-04,7,2024-04-04T15:15:00.000Z,NORMAL,NORMAL,NORMAL,0.007974621857468974,522.73,0.5099999999999909,0.12234399336021583,0.0007078223939701271,0.07927222577296657,VALID,0.0023677678059958163,0.2969128628686239,-0.002024755501222386,0.00852686535259567,168.15,0.15000000000000568,0.10461765528564015,0.0008325899494499838,0.10859962631785419,VALID,0.003095449961440261,0.36302320177930014,-0.0020298117465405996
2024-04-04,8,2024-04-04T15:30:00.000Z,NORMAL,NORMAL,NORMAL,0.007974621857468974,522.46,0.36000000000001364,0.08640509577882349,0.0001148413275658598,0.10543186295071742,VALID,0.0018140156578194489,0.22747356429451945,-0.001470812958435208,0.00852686535259567,168.0482,0.11000000000001364,0.07676608897490957,0.00022731573441439748,0.11496404532369577,VALID,0.0027288366850565316,0.32002811962145555,-0.0016628065799629832
2024-04-04,9,2024-04-04T15:45:00.000Z,NORMAL,NORMAL,NORMAL,0.007974621857468974,522.75,0.41000000000008185,0.09835121207104887,0.00013390722142525113,0.12901840987634128,VALID,0.0012220737063206033,0.1532453485773771,-0.0008786674816626538,0.00852686535259567,168.11,0.11400000000000432,0.07952833644383497,0.0002081970138601214,0.11643893240016318,VALID,0.0024915465385299137,0.29219958748046376,-0.0014252627828255093
2024-04-04,10,2024-04-04T16:00:00.000Z,NORMAL,NORMAL,NORMAL,0.007974621857468974,523.06,0.36999999999989086,0.08870336920141926,0.00022941918709113845,0.1298799073119453,VALID,0.0008401756730953877,0.10535617714694336,-0.0004966381418092247,0.00852686535259567,168.15,0.10999999999998522,0.0767196138761229,0.00023788284269992294,0.09097090528866499,VALID,0.0022839176603191014,0.2678496218570934,-0.0012174119603300948
2024-04-04,11,2024-04-04T16:15:00.000Z,NORMAL,NORMAL,NORMAL,0.007974621857468974,523.26,0.6874000000000251,0.16473348727492193,0.0001528876657876408,0.13621491923037557,VALID,0.0005486121106217607,0.06879474919653207,0.00011460880195612866,0.00852686535259567,168.185,0.19999999999998863,0.13946117855360646,0.00020810417100214994,0.07726388002677852,VALID,0.001838998635581671,0.2156711240927312,-0.0007720173406972064
2024-04-04,12,2024-04-04T16:30:00.000Z,NORMAL,NORMAL,NORMAL,0.007974621857468974,523.58,0.2400000000000091,0.05748017665635831,0.00032468772680406576,0.11827610049204391,VALID,0.0006818519342870365,0.08550272934238493,-0.000018719437652636728,0.00852686535259567,168.26,0.11949999999998795,0.08329091164409111,0.0005354808035182355,0.08969185949777427,VALID,0.0023729014652666886,0.2782853214099777,-0.001306490884256828
2024-04-04,13,2024-04-04T16:45:00.000Z,NORMAL,NORMAL,NORMAL,0.007974621857468974,523.5102,0.17000000000007276,0.040720553709182185,0.00019140028217231719,0.0921726617660365,VALID,0.0007299557101662777,0.09153483678760346,-0.00006685513447424185,0.00852686535259567,168.17,0.09260000000000446,0.06457628506787104,0.0005054409228755399,0.09822900569238374,VALID,0.002788159221688313,0.32698525265671835,-0.001722192529247546
2024-04-04,14,2024-04-04T17:00:00.000Z,NORMAL,NORMAL,NORMAL,0.007974621857468974,523.485,0.34000000000003183,0.0814450279048973,0.0003916062542384995,0.07945444346633879,VALID,0.0008158553099504198,0.10230645722546651,-0.0001528117359411718,0.00852686535259567,168.1,0.08500000000000796,0.059300971349748835,0.0001487209994051498,0.09540295493935044,VALID,0.0027288366850565316,0.32002811962145555,-0.0016628065799629832
2024-04-04,15,2024-04-04T17:15:00.000Z,NORMAL,NORMAL,NORMAL,0.007974621857468974,523.44,0.2699999999999818,0.06468249418357314,0.00045850527281065466,0.028273676473482137,VALID,0.0009685657095668894,0.12145600467058355,-0.00030562347188256567,0.00852686535259567,168.11,0.07499999999998863,0.052321273976197305,0.00035690916661710947,0.07986748909695053,VALID,0.0027584979533725068,0.3235066861390969,-0.0016924995546053756
2024-04-04,16,2024-04-04T17:30:00.000Z,NORMAL,NORMAL,NORMAL,0.007974621857468974,523.36,0.22500000000002274,0.05391031787465485,0.0003916997859982439,0.05091558353790668,VALID,0.0013312529086559233,0.16693617985272635,-0.0006685513447433067,0.00852686535259567,168.105,0.04400000000001114,0.030696060374825418,0.00017845989113947317,0.04955790519887455,VALID,0.002788159221688313,0.32698525265671835,-0.001722192529247546
2024-04-04,17,2024-04-04T17:45:00.000Z,NORMAL,NORMAL,NORMAL,0.007974621857468974,523.17,0.6900000000000546,0.16538501599765817,0.001280654471777738,0.1333914574467897,VALID,0.0023143261061864175,0.29021139153060105,-0.0016522768948655786,0.00852686535259567,168.1,0.16499999999999204,0.11511365026714318,0.0009518143961927221,0.0806844242626027,VALID,0.0034703683929523613,0.40699228256207237,-0.0024051309460180192
2024-04-04,18,2024-04-04T18:00:00.000Z,NORMAL,NORMAL,NORMAL,0.007974621857468974,522.655,0.9800000000000182,0.23512611470808334,0.0018080760731265105,0.23250560199107667,VALID,0.0038318857023742297,0.4805100192663446,-0.0031708435207823404,0.00852686535259567,167.985,0.285000000000025,0.19896878649245117,0.001696580051790487,0.19851735005301394,VALID,0.005012754345375802,0.5878777414785687,-0.003949165627412543
2024-04-04,19,2024-04-04T18:15:00.000Z,ELEVATED,ELEVATED,ELEVATED,0.007974621857468974,521.86,2.105000000000018,0.5058106758462727,0.004024067757636191,0.5432852804194294,VALID,0.007735545292568159,0.9700203258318891,-0.007077093520782229,0.00852686535259567,167.725,0.5949999999999989,0.41603489633175006,0.003547473543001931,0.46095770576197725,VALID,0.008542445274959945,1.0018271570759039,-0.007482629609834257
2024-04-04,20,2024-04-04T18:30:00.000Z,ELEVATED,ELEVATED,ELEVATED,0.007974621857468974,519.815,2.009999999999991,0.4848832156344642,0.0037994286428826075,0.6947558422256492,VALID,0.011181073683913113,1.4020819900621369,-0.010524908312958381,0.00852686535259567,167.13,0.6299999999999955,0.44207578945954834,0.0037096870699455785,0.6242848070670647,VALID,0.012101797472859893,1.4192551391908605,-0.011045786566898141
2024-04-04,21,2024-04-04T18:45:00.000Z,HIGH,HIGH,HIGH,0.007974621857468974,518.01,1.919999999999959,0.4647859445761171,0.0037064921526610665,0.8120532173019369,VALID,0.014636146475233867,1.8353405010076755,-0.01398227383863071,0.00852686535259567,166.53,0.5699999999999932,0.4014144190107618,0.0034228067014951853,0.7302868268222212,VALID,0.015364536987601611,1.8018974561295824,-0.014312013777540211
2024-04-04,22,2024-04-04T19:00:00.000Z,HIGH,HIGH,HIGH,0.007974621857468974,516.2,1.7300000000000182,0.4202599496816641,0.0013560635412631643,0.7928954698324566,VALID,0.015225990393752336,1.909305628014422,-0.014572509168704229,0.00852686535259567,165.98,0.585000000000008,0.41334310803405155,0.0016869502349680754,0.7108891742941392,VALID,0.015957762353918242,1.871468786482072,-0.014905873270384173
2024-04-04,23,2024-04-04T19:15:00.000Z,HIGH,HIGH,HIGH,0.007974621857468974,515.891,1.2099999999999227,0.29411509877584735,0.0020178681155514247,0.6308233199260955,VALID,0.01603917327170949,2.0112769681596014,-0.015386231662591565,0.00852686535259567,165.88,0.44999999999998863,0.3181479154137801,0.0021099590065106963,0.5779946504787701,VALID,0.016313697573708253,1.9132115846935696,-0.01526218896609055
2024-04-04,24,2024-04-04T19:30:00.000Z,HIGH,HIGH,HIGH,0.007974621857468974,515.465,1.830000000000041,0.44518631830431565,0.0035016926464455657,0.6283276104489884,VALID,0.019427435263198133,2.4361575520979137,-0.01877674205378954,0.00852686535259567,165.82,0.5700000000000216,0.40313317571984986,0.00337715595223738,0.5550431511410087,VALID,0.019575843863083465,2.2957843303019168,-0.018527822317239595
2024-04-04,25,2024-04-04T19:45:00.000Z,HIGH,HIGH,HIGH,0.007974621857468974,513.69,1.4650000000000318,0.3576238008276932,0.0018201639120871713,0.4580123588194534,VALID,0.02007989044555923,2.517973993557143,-0.019429630195598957,0.00852686535259567,165.2701,0.4300000000000068,0.3051298957121464,0.0015737873940901749,0.40266155894292105,VALID,0.02011033991813482,2.358468098949518,-0.01906288972029202
2024-06-10,1,2024-06-10T13:45:00.000Z,NORMAL,NORMAL,NORMAL,0.009128189514984304,533.18,0.6299999999999955,0.12944403762664405,0.0010127911774634527,,NOT_APPLICABLE_SESSION_WARMUP,0.0007875935267312226,0.08628146090069175,-0.0006189279417830873,0.009230242292173969,163.99,0.41499999999999204,0.27416854641719696,0.0014330142081835089,,NOT_APPLICABLE_SESSION_WARMUP,0,0,0.0010976279041403636
2024-06-10,2,2024-06-10T14:00:00.000Z,NORMAL,NORMAL,NORMAL,0.009128189514984304,532.85,0.6499999999999773,0.13363608326043064,0.000525476212817815,,NOT_APPLICABLE_SESSION_WARMUP,0.00033754008288474876,0.03697776895743265,-0.00016879852957707442,0.009230242292173969,164.17,0.3199999999999932,0.2111752800560972,0.0008527745629529535,,NOT_APPLICABLE_SESSION_WARMUP,0.00018253726802556214,0.0197759996159938,0.0020123178242574813
2024-06-10,3,2024-06-10T14:15:00.000Z,NORMAL,NORMAL,NORMAL,0.009128189514984304,533.09,0.57000000000005,0.11713580639504556,0.00011255135155425747,,NOT_APPLICABLE_SESSION_WARMUP,0.0006746626686656927,0.07390980079436407,0.00011253235305153098,0.009230242292173969,164.32,0.21000000000000796,0.13845727092392934,0.00018257059396300596,,NOT_APPLICABLE_SESSION_WARMUP,0.0005471124620060997,0.059273900368788705,0.002561131776327663
2024-06-10,4,2024-06-10T14:30:00.000Z,NORMAL,NORMAL,NORMAL,0.009128189514984304,533.24,0.4399999999999409,0.0903951872291244,0.000093766409121511,0.11468493013004002,VALID,0.00007495830444308532,0.008211738408809123,0.0007689710791853877,0.009230242292173969,164.41,0.29000000000002046,0.19109823118985447,0.0009123532631835393,0.1808731164746943,VALID,0.0015192950470981463,0.1645996929448221,0.001890359168241984
2024-06-10,5,2024-06-10T14:45:00.000Z,NORMAL,NORMAL,NORMAL,0.009128189514984304,533.59,0.2900000000000773,0.059539566448884446,0.0002998556944472007,0.09306249201343192,VALID,0.00033725548977003606,0.03694659156850514,0.0006751941183089638,0.009230242292173969,164.3,0.1449999999999818,0.09561308639658496,0.00015216068167988851,0.1438906541310841,VALID,0.0010938924339107068,0.11851177892027641,0.0023172144642966686
2024-06-10,6,2024-06-10T15:00:00.000Z,NORMAL,NORMAL,NORMAL,0.009128189514984304,533.54,0.36000000000001364,0.07391811242619611,0,0.08895124948681112,VALID,0.00029968158831235846,0.032830342514298005,0.001050301961814215,0.009230242292173969,164.37,0.22999999999998977,0.1515975489209937,0.001155928697450859,0.16306151648707523,VALID,0.0022485566697052844,0.24360754555833974,0.0011586072321483343
2024-06-10,7,2024-06-10T15:15:00.000Z,NORMAL,NORMAL,NORMAL,0.009128189514984304,533.74,0.37000000000000455,0.07594292576094329,0.00001873571401804419,0.09044131403923533,VALID,0.00035573862572562174,0.03897143295958765,0.0013691436287932568,0.009230242292173969,164.18,0.09299999999998931,0.06136907762427252,0.00012181751735905854,0.15202468834026542,VALID,0.0021877848678214136,0.23702355784055282,0.001219586560156083
2024-06-10,8,2024-06-10T15:30:00.000Z,NORMAL,NORMAL,NORMAL,0.009128189514984304,533.91,0.5798999999999523,0.11898724400738066,0.00020583993556952493,0.11094783515368584,VALID,0,0,0.0022506470610301754,0.009230242292173969,164.19,0.18019999999998504,0.1189035941586478,0.00006090504902850908,0.17030380727342634,VALID,0.0012154360376786207,0.13167975435586893,0.0021952558082809492
2024-06-10,9,2024-06-10T15:45:00.000Z,NORMAL,NORMAL,NORMAL,0.009128189514984304,534.38,0.35999999999989996,0.07380191942786073,0.0001122796511844482,0.12051968372428648,VALID,0.00012156804069712892,0.01331786993440155,0.0026913987771486347,0.009230242292173969,164.35,0.11869999999998981,0.0782470384806058,0.00012169151201692614,0.17433483130099464,VALID,0.0006684898207232673,0.07242386489573072,0.002744069760351131
2024-06-10,10,2024-06-10T16:00:00.000Z,NORMAL,NORMAL,NORMAL,0.009128189514984304,534.615,0.6299999999999955,0.12909658722964015,0.00036474846384790927,0.11332611440763768,VALID,0.0008316979721520164,0.09111313593859434,0.0026726433849733056,0.009230242292173969,164.44,0.1425000000000125,0.09388458586853278,0.00015203113597668259,0.13197884288653786,VALID,0.00023396077358977312,0.02534719741735719,0.003225806451612856
2024-06-10,11,2024-06-10T16:15:00.000Z,NORMAL,NORMAL,NORMAL,0.009128189514984304,534.605,0.32000000000005,0.06557409627066686,0.0000841742969109394,0.12164962005658787,VALID,0.0003179142136247715,0.03482774027674404,0.003188229115870911,0.009230242292173969,164.519,0.06499999999999773,0.04280398411890468,0.00029783793969089645,0.13201266000601838,VALID,0.00016711483827843405,0.018105141012400666,0.003292883712421535
2024-06-10,12,2024-06-10T16:30:00.000Z,NORMAL,NORMAL,NORMAL,0.009128189514984304,534.8799,0.43039999999996326,0.08815183080530324,0.000318389230928284,0.0741834603314053,VALID,0.0005058489367269004,0.05541612998903323,0.0031683484001649997,0.009230242292173969,164.53,0.09000000000000341,0.059263092509972304,0.00006077918920556072,0.09168380895312937,VALID,0.00006074965068962594,0.006581587868081605,0.0037197390084759974
2024-06-10,13,2024-06-10T16:45:00.000Z,NORMAL,NORMAL,NORMAL,0.009128189514984304,534.8693,0.44000000000005457,0.09011982859751112,0.00044739901878824875,0.06823106286336944,VALID,0.0001556602010688948,0.01705269164420525,0.003519824449529363,0.009230242292173969,164.6,0.08500000000000796,0.055946895632957634,0.0002126366950182053,0.0710105895412183,VALID,0.0001882781658062916,0.020397965713849865,0.0038355997316910084
2024-06-10,14,2024-06-10T17:00:00.000Z,NORMAL,NORMAL,NORMAL,0.009128189514984304,535.0567,0.37000000000000455,0.07575604080024767,0.0006666583186416179,0.08080869637141369,VALID,0.0005512576148296877,0.06039068469434988,0.0031227727971794295,0.009230242292173969,164.619,0.10499999999998977,0.06910289443568783,0.0005102691669856042,0.05808109211475171,VALID,0.0004858791375646068,0.05263991151961074,0.0035368010244525294
2024-06-10,15,2024-06-10T17:15:00.000Z,NORMAL,NORMAL,NORMAL,0.009128189514984304,534.845,0.5299999999999727,0.10855836188807894,0.0009441987865643232,0.08671575919876658,VALID,0.001139888627275131,0.12487565309681141,0.002531977943658781,0.009230242292173969,164.57,0.1449999999999818,0.09545621981502649,0.0008810840371877123,0.08749158355589112,VALID,0.0010932280595202357,0.11843980091911013,0.002927007744374599
2024-06-10,16,2024-06-10T17:30:00.000Z,NORMAL,NORMAL,NORMAL,0.009128189514984304,534.53,0.4199999999999591,0.08607807729128747,0.0005051166445288045,0.09771327380380855,VALID,0.0015509960010465316,0.16991277388582993,0.0021193593158033153,0.009230242292173969,164.47,0.17500000000001137,0.11527582922022599,0.00021280476682675618,0.1015580178428886,VALID,0.0004555116914668512,0.04934991704963858,0.0035672906884565148
2024-06-10,17,2024-06-10T17:45:00.000Z,NORMAL,NORMAL,NORMAL,0.009128189514984304,534.31,0.5599999999999454,0.11481802612593661,0.0001497258146018739,0.12952836935862166,VALID,0.0007007512052920732,0.07676781952672661,0.00297272965977724,0.009230242292173969,164.575,0.27000000000001023,0.17774066432931632,0.0000911438553849999,0.19018387329022232,VALID,0.000060668567615235856,0.0065728033668926355,0.0050612842246478
2024-06-10,18,2024-06-10T18:00:00.000Z,NORMAL,NORMAL,NORMAL,0.009128189514984304,534.765,0.9650000000000318,0.1976877188226861,0.00001869980271706433,0.1647310529461521,VALID,0.0007746584036438387,0.0848644084757667,0.003985520837240797,0.009230242292173969,164.82,0.2400000000000091,0.1577568516873477,0,0.19654449100391105,VALID,0.0009087604507452179,0.09845466911694477,0.005610098176717981
2024-06-10,19,2024-06-10T18:15:00.000Z,NORMAL,NORMAL,NORMAL,0.009128189514984304,535.305,0.6000000000000227,0.12279065113618304,0.0006071305143795253,0.1609800869446256,VALID,0.0012693197939223169,0.1390549343699181,0.003488502944596572,0.009230242292173969,164.91,0.13000000000002387,0.0854049925809183,0.0005154326602389665,0.18700993665963472,VALID,0.000668847691748446,0.07246263647006763,0.005851576315629048
2024-06-10,20,2024-06-10T18:30:00.000Z,NORMAL,NORMAL,NORMAL,0.009128189514984304,535.04,0.8899999999999864,0.18222967772110918,0.0011961722488038023,0.19001717150172426,VALID,0.002277309042036936,0.24948091166365885,0.0024757117671332374,0.009230242292173969,164.9496,0.11000000000001364,0.07224841387061558,0.00005819959551284785,0.1742652521733287,VALID,0.0005452562704471308,0.059072801470166865,0.005975974144764917
2024-06-10,21,2024-06-10T18:45:00.000Z,NORMAL,NORMAL,NORMAL,0.009128189514984304,534.5,0.9200000000000728,0.18856256172728592,0.0003928905519177481,0.20261310331093693,VALID,0.0012133203912491175,0.1329201578535811,0.0035447691211225596,0.009230242292173969,164.97,0.1150000000000091,0.07552309242937146,0.0001212341637874173,0.07231500606697136,VALID,0.0003029109744646737,0.03281722893899572,0.006250381120799897
2024-06-10,22,2024-06-10T19:00:00.000Z,NORMAL,NORMAL,NORMAL,0.009128189514984304,535.07,0.30499999999995,0.06244599491488515,0.0002242697217186621,0.1701925078009032,VALID,0.0013253191965953042,0.14518971088623187,0.0034322367680708066,0.009230242292173969,165.015,0.07500000000001705,0.049240758974778004,0.00003030027573248161,0.051091537118874146,VALID,0.00015022564133627551,0.016275373558031853,0.006526007683395285
2024-06-10,23,2024-06-10T19:15:00.000Z,NORMAL,NORMAL,NORMAL,0.009128189514984304,535.01,0.9049999999999727,0.18531135493834144,0.00021494925328500232,0.22414746968733631,VALID,0.00005599104143331974,0.006133860536244138,0.004857646573389829,0.009230242292173969,165.0602,0.13999999999998636,0.09189091316669913,0.0006070512455455704,0.04443990484478143,VALID,0.00018170805572381065,0.019686163154988376,0.006585767424842848
2024-06-10,24,2024-06-10T19:30:00.000Z,NORMAL,NORMAL,NORMAL,0.009128189514984304,535.77,0.7400000000000091,0.15131036525242503,0.0009705657278309384,0.19880872140345882,VALID,0.0007647530737513634,0.08377927216519654,0.0045014816759820775,0.009230242292173969,165.07,0.15000000000000568,0.09844870469766102,0.0006663839583206229,0.04242721281821945,VALID,0.00026224940948468486,0.028411974592155383,0.006565644246600222
2024-06-10,25,2024-06-10T19:45:00.000Z,NORMAL,NORMAL,NORMAL,0.009128189514984304,535.5801,0.5600000000000591,0.11454574122407021,0.0010084392605327424,0.1843369964078885,VALID,0.0015858504822851597,0.17373110841771197,0.0036760568663491977,0.009230242292173969,165.0667,0.15670000000000073,0.10284813626459763,0.0009493132170207603,0.08548065624448109,VALID,0.0009993337774818027,0.10826733966984879,0.005823525824745213
2024-12-18,1,2024-12-18T14:45:00.000Z,ELEVATED,ELEVATED,ELEVATED,0.007145153672023723,603.98,0.67999999999995,0.15757045216239968,0.0008443988211530032,,NOT_APPLICABLE_SESSION_WARMUP,0.0005379458743688352,0.07528821618982377,-0.00025663101427197965,0.008105072738189771,180.36,0.7399999999999807,0.5062144946803214,0.002938567309824801,,NOT_APPLICABLE_SESSION_WARMUP,0.0024367281386719706,0.300642352929235,-0.001275227323131567
2024-12-18,2,2024-12-18T15:00:00.000Z,NORMAL,ELEVATED,ELEVATED,0.007145153672023723,603.825,0.9599999999999227,0.2225095058929804,0.00020701362149629443,,NOT_APPLICABLE_SESSION_WARMUP,0.0000828564813282331,0.011596179051074998,0.0010429153283222359,0.008105072738189771,180.13,0.26499999999998636,0.18151098275152044,0.00005551546105585358,,NOT_APPLICABLE_SESSION_WARMUP,0.0016614055490944395,0.20498342245174056,-0.0004990019960080527
2024-12-18,3,2024-12-18T15:15:00.000Z,NORMAL,NORMAL,ELEVATED,0.007145153672023723,604.6099,0.5699999999999363,0.13194350840520627,0.00019830968695687854,,NOT_APPLICABLE_SESSION_WARMUP,0.00009916371930047506,0.013878458582177549,0.0016887976423061168,0.008105072738189771,180.27,0.22999999999998977,0.15741548817857634,0.0008320852055250773,,NOT_APPLICABLE_SESSION_WARMUP,0.0023813479537022034,0.2938095721808495,-0.0012197826569085857
2024-12-18,4,2024-12-18T15:30:00.000Z,NORMAL,NORMAL,NORMAL,0.007145153672023723,605,0.5698999999999614,0.13183529904508245,0.0002479338842974831,0.22605965572863884,VALID,0.00003286974874794653,0.004600285768050784,0.002351071227524093,0.008105072738189771,180.14,0.17499999999998295,0.11985908929386638,0.00013878094815131156,0.20940061758393563,VALID,0.0020213767513982427,0.24939649731628535,-0.0008593923264581527
2024-12-18,5,2024-12-18T15:45:00.000Z,NORMAL,NORMAL,NORMAL,0.007145153672023723,605.4,0.7799999999999727,0.1803186355246382,0.00011562603237518391,0.27299278886280315,VALID,0.000049495966078719565,0.006927208056072616,0.0034769363223947636,0.008105072738189771,180.205,0.2949999999999875,0.20197530025383761,0.00011098471185599862,0.18977886765342947,VALID,0.000969153236971717,0.11957366309684381,0.00019405633178082304
2024-12-18,6,2024-12-18T16:00:00.000Z,NORMAL,NORMAL,NORMAL,0.007145153672023723,606.08,0.44499999999993634,0.10275867230491458,0.000197993664202753,0.20541743355024164,VALID,0.0007338329993979871,0.10270359926214764,0.0032782542468294817,0.008105072738189771,180.395,0.18000000000000682,0.12310936531094864,0.00041575431691575184,0.1680346655188053,VALID,0.0006645622196378388,0.081993368980704,0.0004990019960078307
2024-12-18,7,2024-12-18T16:15:00.000Z,NORMAL,NORMAL,NORMAL,0.007145153672023723,605.96,0.8949999999999818,0.20671286427094013,0.0009901643672850069,0.2253374434869425,VALID,0.0016574731408876418,0.23197165756942992,0.0023509056591277666,0.008105072738189771,180.45,0.3299999999999841,0.22563171100760449,0.0015239678581323208,0.23323659138520558,VALID,0.002159827213822819,0.2664784491872686,-0.0009980039920159944
2024-12-18,8,2024-12-18T16:30:00.000Z,NORMAL,NORMAL,NORMAL,0.007145153672023723,605.3999,1.0199999999999818,0.23580133155882116,0.001271721386144938,0.2122365463009449,VALID,0.0012780237629966397,0.17886581893971568,0.002731878539024457,0.008105072738189771,180.18,0.2050000000000125,0.14037519150078823,0.0003052503052503431,0.24823532947972998,VALID,0.0013839508223957285,0.17075119090230734,-0.00022122421823034255
2024-12-18,9,2024-12-18T16:45:00.000Z,NORMAL,NORMAL,NORMAL,0.007145153672023723,605.63,0.4350000000000591,0.10052412543239793,0.00036325809487645477,0.14822133361628928,VALID,0.0009892728457053194,0.13845368358958296,0.0030217888009536065,0.008105072738189771,180.3201,0.11000000000001364,0.075264750946288,0.00036102464450719056,0.2121165124181404,VALID,0.001522955086670021,0.18790147058077677,-0.000360390330450322
2024-12-18,10,2024-12-18T17:00:00.000Z,NORMAL,NORMAL,NORMAL,0.007145153672023723,605.8051,0.4199999999999591,0.09702972300526051,0.00018999509908382083,0.14598036480707874,VALID,0.0010636455833972047,0.14886252027886032,0.0029471174542203826,0.008105072738189771,180.295,0.10500000000001819,0.07185362770593616,0.00016639396544552615,0.20886652279322487,VALID,0.0014675749017000962,0.18106868983237182,-0.00030494566422711866
2024-12-18,11,2024-12-18T17:15:00.000Z,NORMAL,NORMAL,NORMAL,0.007145153672023723,605.76,0.31899999999996,0.07370187169194396,0.00042921288959322325,0.07821864000689377,VALID,0.0013439862797964082,0.1880976031430477,0.0026656511805027705,0.008105072738189771,180.305,0.15500000000000114,0.10606375810945419,0.0008596544743628914,0.10597580001714377,VALID,0.0017998560115190156,0.22206537432272383,-0.0006376136615657835
2024-12-18,12,2024-12-18T17:30:00.000Z,NORMAL,NORMAL,NORMAL,0.007145153672023723,605.59,0.7399999999998954,0.17101785341035766,0.00003302564441285657,0.06100140357662044,VALID,0.001195570616996929,0.1673260886855506,0.0028146627371765653,0.008105072738189771,180.245,0.22499999999999432,0.1540147712507086,0,0.056558241838818,VALID,0.001522955086670021,0.18790147058077677,-0.000360390330450322
2024-12-18,13,2024-12-18T17:45:00.000Z,NORMAL,NORMAL,NORMAL,0.007145153672023723,605.68,0.7200000000000273,0.16637102396790984,0.0007594769515254305,0.08660386725143603,VALID,0.001720797157015517,0.2408341704046423,0.0022873273949468587,0.008105072738189771,180.295,0.18000000000000682,0.12317764749587387,0.0008042374996532451,0.11291489208612991,VALID,0.0023259677687322783,0.2869767914324446,-0.0011643379906853824
2024-12-18,14,2024-12-18T18:00:00.000Z,NORMAL,NORMAL,NORMAL,0.007145153672023723,605.3615,0.3250000000000455,0.07513754312274226,0.00009333266155847076,0.09856602157491459,VALID,0.0013769675381962924,0.1927134952447137,0.002632537501241705,0.008105072738189771,180.15,0.10710000000000264,0.07334969083199906,0.00044351928948103904,0.11279521588354857,VALID,0.002289970648501961,0.28253548394599787,-0.001128298957640328
2024-12-18,15,2024-12-18T18:15:00.000Z,NORMAL,NORMAL,NORMAL,0.007145153672023723,605.57,0.38999999999998636,0.0901340075850983,0.0006109946001288117,0.10704069773994068,VALID,0.0017859351423553072,0.24995055730543533,0.002221927878406582,0.008105072738189771,180.1565,0.15500000000000114,0.10615118469733337,0.0008131818724276015,0.12411554715968795,VALID,0.0028243894334606576,0.34847181816797257,-0.001663339986693324
2024-12-18,16,2024-12-18T18:30:00.000Z,NORMAL,NORMAL,NORMAL,0.007145153672023723,605.322,0.40009999999995216,0.0925061314449325,0.00020154562365147353,0.10800951308207882,VALID,0.0019665075320948796,0.27522256656208566,0.002040630484453132,0.008105072738189771,180.06,0.06999999999999318,0.04796493689969363,0.0000555370432077691,0.11949993979683503,VALID,0.00276900924849089,0.34163903741958707,-0.0016078953204702318
2024-12-18,17,2024-12-18T18:45:00.000Z,NORMAL,NORMAL,NORMAL,0.007145153672023723,605.2125,0.5279000000000451,0.12207653645202074,0.0001344982134374795,0.08160331431704951,VALID,0.0018222145265952923,0.2550280386172837,0.0021855028312194325,0.008105072738189771,180.07,0.1214999999999975,0.08324880279783094,0.00020269895040811654,0.07201037382058348,VALID,0.0025474885086115054,0.3143079144260061,-0.0013861166555777515
2024-12-18,18,2024-12-18T19:00:00.000Z,NORMAL,NORMAL,NORMAL,0.007145153672023723,605.3,0.4599999999999227,0.10635932785064552,0.0001486866016849796,0.07668460641744673,VALID,0.0015418738301959012,0.21579295575307006,0.0024669691049372666,0.008105072738189771,180.11,0.14000000000001478,0.09590324288668688,0.00008328243850988161,0.09928869013649727,VALID,0.001993686658913359,0.24598010694209257,-0.0008316699933467175
2024-12-18,19,2024-12-18T19:15:00.000Z,HIGH,HIGH,HIGH,0.007145153672023723,605.47,4.8700000000000045,1.1257054224881429,0.00792772556856668,1.046043887415455,VALID,0.008995638228576491,1.258984570730535,-0.0050167224080267525,0.008105072738189771,180.21,1.615000000000009,1.105698507227913,0.008934021419455155,1.0911014495075113,VALID,0.010799136069114408,1.3323922459363817,-0.009647371922821057
2024-12-18,20,2024-12-18T19:30:00.000Z,HIGH,HIGH,HIGH,0.007145153672023723,600.95,1.6700000000000728,0.38892562470716874,0.0015309093934604754,1.0651850846518163,VALID,0.010430322968972769,1.4597758771531903,-0.0064571674558759895,0.008105072738189771,178.62,0.3925000000000125,0.27111444616886454,0.0016375545851529403,1.1093155832370547,VALID,0.01240516143323908,1.5305428876397367,-0.011255267243291178
2024-12-18,21,2024-12-18T19:45:00.000Z,HIGH,HIGH,HIGH,0.007145153672023723,600.08,1.9700000000000273,0.45945766383893244,0.0013331555792562128,1.0701517712049355,VALID,0.011172401282970914,1.5636334494407806,-0.007202225239246407,0.008105072738189771,178.33,0.6399999999999864,0.4427908599964812,0.001345819548028986,1.113198937934069,VALID,0.01318048402281661,1.626201818117231,-0.012031492570414803
2024-12-18,22,2024-12-18T20:00:00.000Z,HIGH,HIGH,HIGH,0.007145153672023723,599.63,3.589999999999918,0.837914145322,0.005903640578356593,1.3030883776538793,VALID,0.01643291199775714,2.2998682396571666,-0.012483857081360239,0.008105072738189771,178.19,1.0200000000000102,0.706252384607358,0.005724226948762614,1.2842012604126314,VALID,0.018330841225009706,2.261650427717668,-0.017187846529164053
2024-12-18,23,2024-12-18T20:15:00.000Z,HIGH,HIGH,HIGH,0.007145153672023723,596.44,2.240000000000009,0.5256173388610657,0.0029676078063176434,0.8398179980297843,VALID,0.018642656310551446,2.6091330104690784,-0.014702473591840737,0.008105072738189771,177.26,0.4899999999999807,0.34105813927064965,0.0013539433600359963,0.6933556582736263,VALID,0.019355374646951348,2.3880568715629167,-0.018213572854291593
2024-12-18,24,2024-12-18T20:30:00.000Z,HIGH,HIGH,HIGH,0.007145153672023723,595.1,2.9700000000000273,0.6984815281669181,0.0036632498739708683,0.9363319244538472,VALID,0.021874819633743103,3.061490436432768,-0.017947614159409264,0.008105072738189771,177.075,0.75,0.5225731553312566,0.0027389524212903305,0.7185843723903412,VALID,0.02154289195325905,2.657951711124378,-0.020403637170104294
2024-12-18,25,2024-12-18T20:45:00.000Z,SEVERE,SEVERE,SEVERE,0.007145153672023723,593.14,7.279999999999973,1.7177604244671538,0.010992345820548238,1.751697727497573,VALID,0.032247425400516075,4.513188502408043,-0.028361866286963133,0.008105072738189771,176.68,1.8050000000000068,1.2604711181941746,0.009508716323296394,1.3485453338125521,VALID,0.030625242288309252,3.778527753860634,-0.029496562430694317
2024-12-20,1,2024-12-20T14:45:00.000Z,HIGH,HIGH,HIGH,0.009545054739274127,581.77,3.0299999999999727,0.5456483959448041,0.001065713254378886,,NOT_APPLICABLE_SESSION_WARMUP,0.0022938135506178205,0.24031434216712078,0.0018392148099766192,0.010474130209042259,173.96,1.4898000000000025,0.8176371248874752,0.0015520809381467592,,NOT_APPLICABLE_SESSION_WARMUP,0.0018255529461729408,0.17429160319173337,0.005173603127155646
2024-12-20,2,2024-12-20T15:00:00.000Z,ELEVATED,HIGH,HIGH,0.009545054739274127,582.84,2.330000000000041,0.41882070949142375,0.003311371903095298,,NOT_APPLICABLE_SESSION_WARMUP,0.0036290184532164825,0.38019880999576733,0.000498478780273981,0.010474130209042259,174.86,0.6399999999999864,0.34943912676530975,0.0028594304014640283,,NOT_APPLICABLE_SESSION_WARMUP,0.003480994954897808,0.3323421501761248,0.0035065532306275404
2024-12-20,3,2024-12-20T15:15:00.000Z,ELEVATED,ELEVATED,HIGH,0.009545054739274127,582.06,2.435000000000059,0.4382811446729007,0,,NOT_APPLICABLE_SESSION_WARMUP,0.00014542468284593773,0.015235604909374973,0.004537875792839152,0.010474130209042259,174.57,0.539999999999992,0.2953290574817635,0.001317523056653433,,NOT_APPLICABLE_SESSION_WARMUP,0.0018147069468055605,0.17325609960805471,0.005184525178201893
2024-12-20,4,2024-12-20T15:30:00.000Z,ELEVATED,ELEVATED,ELEVATED,0.009545054739274127,584.41,3.009999999999991,0.5395981270888361,0.0005646720624218054,0.6686835554185521,VALID,0.0001958813810489177,0.020521766129108013,0.00894683465974544,0.010474130209042259,174.8619,0.7199999999999989,0.39311474609080754,0.0004111816238986275,0.6361874841005634,VALID,0.00022847700985696178,0.021813458998220094,0.008679581512991419
2024-12-20,5,2024-12-20T15:45:00.000Z,ELEVATED,ELEVATED,ELEVATED,0.009545054739274127,586.975,1.9400000000000546,0.34626109819313944,0.00009370075386526455,0.6964705591321179,VALID,0.0005943687803553013,0.062269813698365574,0.01158533441050591,0.010474130209042259,175.4699,0.5400000000000205,0.29381445800444506,0.0002843792582090037,0.4415877612757197,VALID,0.0008524664696522259,0.08138780525339434,0.010634628650264322
2024-12-20,6,2024-12-20T16:00:00.000Z,ELEVATED,ELEVATED,ELEVATED,0.009545054739274127,588.51,1.3299999999999272,0.23676601838333697,0.0009515556235237217,0.6836623301943985,VALID,0.001730925875644824,0.18134268717420218,0.01115561132406273,0.010474130209042259,175.81,0.3400000000000034,0.18463642159951218,0.0004550366873329873,0.41254543013232836,VALID,0.0013062986312261588,0.12471666908422031,0.010807082087836317
2024-12-20,7,2024-12-20T16:15:00.000Z,HIGH,HIGH,HIGH,0.009545054739274127,588.26,9.5467000000001,1.7002216160660548,0.011460408662836223,0.7316938793279407,VALID,0.00002537791951832716,0.0026587505479572634,0.015951320968767613,0.010474130209042259,175.84,0.7549999999999955,0.4099315154061235,0.0001706096451319446,0.5263500122629189,VALID,0.0003115000141591302,0.02973994097287562,0.014658542193607627
2024-12-20,8,2024-12-20T16:30:00.000Z,ELEVATED,HIGH,HIGH,0.009545054739274127,591.05,1.5500000000000682,0.274744529064977,0.000439895101937215,0.6132841554075926,VALID,0.000002194685484712722,0.00022992906218572627,0.018166457534764646,0.010474130209042259,176.51,0.4000000000000057,0.21635787528392242,0,0.46222857787482,VALID,0,0,0.01695792136123231
2024-12-20,9,2024-12-20T16:45:00.000Z,ELEVATED,ELEVATED,HIGH,0.009545054739274127,592.3387,2.6499999999999773,0.4687025784895638,0.00014974540748395655,0.7037138793660368,VALID,0.00011766683476203789,0.012327518068375802,0.02244873403578751,0.010474130209042259,176.91,0.6742000000000132,0.3638466638325069,0.00019331863659487002,0.5372846784107482,VALID,0.00015488594762040782,0.014787475859971231,0.02047884571165781
2024-12-20,10,2024-12-20T17:00:00.000Z,ELEVATED,ELEVATED,ELEVATED,0.009545054739274127,594.83,1.650000000000091,0.2906114069363956,0.0027739017870653648,0.7060079237605603,VALID,0.0008068582955118814,0.08453155246894273,0.02174398817402068,0.010474130209042259,177.5225,0.3884000000000185,0.2088852851776073,0.0016949964089059855,0.5370797035646085,VALID,0.0005630313608469272,0.053754474081376735,0.020406990112669554
2024-12-20,11,2024-12-20T17:15:00.000Z,ELEVATED,ELEVATED,ELEVATED,0.009545054739274127,594.42,1.1700000000000728,0.2062120430406147,0.0010262104236062274,0.5067284058548821,VALID,0.0002521093145987718,0.02641255828124711,0.02244873403578751,0.010474130209042259,177.51,0.19499999999999318,0.10488027534280939,0.0008168553884287185,0.395347078005099,VALID,0.0007037892010584989,0.06719309260170563,0.02026327891469304
2024-12-20,12,2024-12-20T17:30:00.000Z,ELEVATED,ELEVATED,ELEVATED,0.009545054739274127,594.83,1.2000000000000455,0.21135375049919314,0.0004707227275021206,0.47272360887967213,VALID,0.00023499790180442527,0.02461985899750808,0.023789470065489926,0.010474130209042259,177.485,0.3300000000000125,0.17751469739556575,0.0002535425528918833,0.3561706138504504,VALID,0.000225009844180798,0.021482437175217493,0.02167164865486315
2024-12-20,13,2024-12-20T17:45:00.000Z,NORMAL,ELEVATED,ELEVATED,0.009545054739274127,595.61,1.7699999999999818,0.31133852408271817,0.002938164234985981,0.24170460042282244,VALID,0.001863197650021005,0.1952003106231212,0.022122144490090534,0.010474130209042259,177.73,0.46009999999998286,0.24715734644381504,0.0025887582287738866,0.20460492282540507,VALID,0.0018563312144907042,0.17723010669546035,0.020004598758335268
2024-12-20,14,2024-12-20T18:00:00.000Z,NORMAL,NORMAL,ELEVATED,0.009545054739274127,594.64,1.1000000000000227,0.193802842266436,0.0006390421095116296,0.23120963607509612,VALID,0.002014267729752489,0.2110273628358121,0.021967444178971007,0.010474130209042259,177.44,0.37999999999999545,0.204462703663469,0.000338142470694332,0.21444556464571854,VALID,0.00118130168194863,0.11278279516983843,0.020694412508622584
2024-12-20,15,2024-12-20T18:15:00.000Z,NORMAL,NORMAL,NORMAL,0.009545054739274127,594.55,1.0695000000000618,0.18845774147449543,0.0016819443276427553,0.2698722398807958,VALID,0.0035081829626521727,0.3675393236056978,0.020437629991233663,0.010474130209042259,177.56,0.29999999999998295,0.1613088332100238,0.001633250732146835,0.24718494124520665,VALID,0.002475108285987499,0.23630680892727032,0.01937226948723847
2024-12-20,16,2024-12-20T18:30:00.000Z,NORMAL,NORMAL,NORMAL,0.009545054739274127,593.66,1.6100000000000136,0.28412514145187556,0.002543543442374408,0.35102733638086187,VALID,0.006011414183802024,0.6297935787698975,0.017874245835983293,0.010474130209042259,177.33,0.5631999999999948,0.30322322574545124,0.0031015620594372715,0.35812966267590973,VALID,0.005512741182426833,0.5263197107925691,0.016268107610944993
2024-12-20,17,2024-12-20T18:45:00.000Z,NORMAL,NORMAL,NORMAL,0.009545054739274127,592.1687,0.8249999999999318,0.14595873033136705,0.0001244577769813181,0.3091492173606626,VALID,0.005648342425514073,0.5917558966187357,0.01824604225037385,0.010474130209042259,176.79,0.21999999999999886,0.11880836422592016,0,0.3278985446984105,VALID,0.004893964110929879,0.4672430085607439,0.01690043688204179
2024-12-20,18,2024-12-20T19:00:00.000Z,NORMAL,NORMAL,NORMAL,0.009545054739274127,592.385,1.5499999999999545,0.2741253642544,0.0009031288773347876,0.3137312691462433,VALID,0.006177255560218277,0.647168164976709,0.017704419272220884,0.010474130209042259,176.9,0.40500000000000114,0.21857939611896138,0.0011588468061052147,0.32741517085180466,VALID,0.005540867412949393,0.5290050154394675,0.016239365371349734
2024-12-20,19,2024-12-20T19:15:00.000Z,NORMAL,NORMAL,NORMAL,0.009545054739274127,592.0699,0.7699999999999818,0.1362508809985373,0.0007598764943125075,0.27181368961576474,VALID,0.00610994544691563,0.6401163339352701,0.01777334685528653,0.010474130209042259,176.785,0.1839999999999975,0.0993698059254319,0.0005656588511468412,0.3041332038381868,VALID,0.005287731338246035,0.5048372736173515,0.016498045527707506
2024-12-20,20,2024-12-20T19:30:00.000Z,NORMAL,NORMAL,NORMAL,0.009545054739274127,592.11,1.3700000000000045,0.24240398100426172,0.0002533313066828415,0.2178901483295928,VALID,0.004146034410407096,0.4343646551703683,0.019784450899840156,0.010474130209042259,176.83,0.3400000000000034,0.18357139219255916,0.00028275745065888913,0.17094629929800992,VALID,0.003768914890026528,0.3598308226847175,0.018050126465854133
2024-12-20,21,2024-12-20T19:45:00.000Z,NORMAL,NORMAL,NORMAL,0.009545054739274127,593.28,0.8600000000000136,0.15186591802087795,0.00033710895361369303,0.21468501691630434,VALID,0.004229962232480036,0.44315746195518546,0.019698506282551653,0.010474130209042259,177.1,0.24500000000000455,0.13207771737379306,0.00022586109542626788,0.16352374709908477,VALID,0.003431400123755491,0.3276071669219065,0.0183950333409979
2024-12-20,22,2024-12-20T20:00:00.000Z,NORMAL,NORMAL,NORMAL,0.009545054739274127,593.23,1.0899999999999181,0.19249744483065692,0.0017194005697621188,0.2441498589775548,VALID,0.005455476290390222,0.5715500266272014,0.018443542980903116,0.010474130209042259,177.16,0.3199999999999932,0.17245124663067868,0.0018062768119213885,0.2136752465075272,VALID,0.005006469033020278,0.47798422714835265,0.016785467923660535
2024-12-20,23,2024-12-20T20:15:00.000Z,NORMAL,NORMAL,NORMAL,0.009545054739274127,592.4999,0.6399999999999864,0.11316529744285425,0.00042177222308396184,0.2465931434339253,VALID,0.0057910197230382635,0.6067036681529449,0.018099936400983063,0.010474130209042259,176.88,0.12999999999999545,0.07016922085067878,0.00016960651289010142,0.21235733763537765,VALID,0.004950216571975158,0.47261361785455586,0.016842952402851052
2024-12-20,24,2024-12-20T20:30:00.000Z,NORMAL,NORMAL,NORMAL,0.009545054739274127,592.3,0.8600000000000136,0.15211719034851678,0.0012493668748944945,0.16352603396404625,VALID,0.0066806546370122,0.6999074200720868,0.017188923457723826,0.010474130209042259,176.89,0.28999999999999204,0.15652248974285476,0.0016394369382101424,0.1769242636023518,VALID,0.005850255948697871,0.5585433665553801,0.015923200735801224
2024-12-20,25,2024-12-20T20:45:00.000Z,NORMAL,NORMAL,NORMAL,0.009545054739274127,591.77,2.240000000000009,0.39656707160598015,0.003041722290754777,0.1701402144711796,VALID,0.007133864876206463,0.7473885767101396,0.016724822524365246,0.010474130209042259,176.73,0.6993999999999971,0.3778308210167387,0.002433090024330778,0.17693665649422474,VALID,0.005512741182426833,0.5263197107925691,0.016268107610944993
2025-04-07,1,2025-04-07T13:45:00.000Z,HIGH,HIGH,HIGH,0.024698688481689147,489.19,7.5,0.6207400977101821,0.015106604795682632,,NOT_APPLICABLE_SESSION_WARMUP,0.011107704884528924,0.44972853083935355,-0.010885341074020283,0.021926793922015134,153.64,3.4399999999999977,1.0211252353226365,0.021413694350429526,,NOT_APPLICABLE_SESSION_WARMUP,0.01905195396319643,0.868889178735233,-0.018094246290028426
2025-04-07,2,2025-04-07T14:00:00.000Z,HIGH,HIGH,HIGH,0.024698688481689147,483.865,13.949999999999989,1.1672828537336846,0.0028003678712037825,,NOT_APPLICABLE_SESSION_WARMUP,0.0015509809450912095,0.06279608515411898,0.01328727079457881,0.021926793922015134,150.86,3.8999999999999773,1.1790042448573514,0.002452605064298055,,NOT_APPLICABLE_SESSION_WARMUP,0.001489733791048577,0.06794125015936968,0.003384535277271672
2025-04-07,3,2025-04-07T14:15:00.000Z,HIGH,HIGH,HIGH,0.024698688481689147,495.69,24.06499999999994,1.965630199444051,0.004680344570195068,,NOT_APPLICABLE_SESSION_WARMUP,0.007063689159024753,0.2859945038888019,0.050266767513645005,0.021926793922015134,154.16,6.814999999999998,2.0161322822843375,0.006065127140633123,,NOT_APPLICABLE_SESSION_WARMUP,0.00431142214446387,0.19662802322117315,0.03716480083311646
2025-04-07,4,2025-04-07T14:30:00.000Z,SEVERE,SEVERE,SEVERE,0.024698688481689147,513.78,25.699999999999932,2.025265834624488,0.03174510490871569,2.2058830459522354,VALID,0.047747386126880294,1.933195204363938,0.018397759561724403,0.021926793922015134,159.35,7.030000000000001,2.0120006759280784,0.029432067775337294,2.3889636946709216,VALID,0.04242686622549314,1.934932502051535,0.007745378807602288
2025-04-07,5,2025-04-07T14:45:00.000Z,SEVERE,SEVERE,SEVERE,0.024698688481689147,498.19,12.259999999999991,0.9963721314812486,0.009072843694172869,2.166351945051275,VALID,0.04430682187434286,1.7938937084530049,0.022077311474069328,0.021926793922015134,154.83,3.25,0.9573111389867438,0.00923593618807729,2.2421063466118376,VALID,0.04180839878780376,1.9067264889020972,0.008396250976308473
2025-04-07,6,2025-04-07T15:00:00.000Z,HIGH,SEVERE,SEVERE,0.024698688481689147,499.99,11.339999999999975,0.9182857472730477,0.005100102002040063,1.9859104066048883,VALID,0.03299118833266421,1.3357465663459367,0.034178948874670434,0.021926793922015134,154.93,3.2700000000000102,0.962580582860289,0.003098173368618203,2.0891815730634264,VALID,0.029686437009091543,1.353888631173092,0.021153345482947117
2025-04-07,7,2025-04-07T15:15:00.000Z,SEVERE,SEVERE,SEVERE,0.024698688481689147,505.91,14.699999999999989,1.1764410722494785,0.021426735980708093,1.5320395851677857,VALID,0.0512835216086549,2.076366186272398,0.014615997874036557,0.021926793922015134,156.89,4,1.1627586885417422,0.017719421250557543,1.605758632659223,VALID,0.04576659038901605,2.0872449730585134,0.004230669096589423
2025-04-07,8,2025-04-07T15:30:00.000Z,SEVERE,SEVERE,SEVERE,0.024698688481689147,496.34,7.96999999999997,0.6501374035912956,0.007414272474513338,0.9393783934294665,VALID,0.05623411128313925,2.276805560944238,0.009321531511273795,0.021926793922015134,154.29,2.0600000000000023,0.6089116824313745,0.007064618575409964,0.9979356417200699,VALID,0.05207495825344788,2.3749463071827894,-0.002408227024212284
2025-04-07,9,2025-04-07T15:45:00.000Z,HIGH,SEVERE,SEVERE,0.024698688481689147,493.75,10.25,0.8405099601250703,0.00004050632911388721,1.2216400571519048,VALID,0.037712407056979494,1.5268991746237182,0.029129785972730415,0.021926793922015134,153.27,3.069999999999993,0.9134948076615,0,1.3228485288244474,VALID,0.03401570907291731,1.551330723219164,0.016597240302004712
2025-04-07,10,2025-04-07T16:00:00.000Z,SEVERE,SEVERE,SEVERE,0.024698688481689147,503.44,4.260000000000048,0.3426004963660919,0.007905609407277964,1.167474137353198,VALID,0.045243419920866945,1.831814671228759,0.021075655675708793,0.021926793922015134,156.19,1.2800000000000011,0.3737503515365933,0.0076189256674562885,1.2400733643796922,VALID,0.04137547158142123,1.886982279697492,0.008851861494402646
2025-04-07,11,2025-04-07T16:15:00.000Z,SEVERE,SEVERE,SEVERE,0.024698688481689147,499.5,4.3700000000000045,0.3542191624966165,0.008468468468468505,0.9004819457683936,VALID,0.049620582219928475,2.009037129915447,0.016394447965003334,0.021926793922015134,155,3.259999999999991,0.9592035269414867,0.00709677419354835,1.0056596272983513,VALID,0.04582410786072114,2.08986813228141,0.0041701379848997355
2025-04-07,12,2025-04-07T16:30:00.000Z,SEVERE,SEVERE,SEVERE,0.024698688481689147,497.21,5.5049999999999955,0.44827402651747006,0.0044146336557993465,0.8960190109777497,VALID,0.04512873444578236,1.827171288031728,0.021198307406120387,0.021926793922015134,154.2807,1.670000000000016,0.4936620422672395,0.004800989365487737,0.9795823766175978,VALID,0.04168532376770353,1.901113492285357,0.008525774537880837
2025-04-07,13,2025-04-07T16:45:00.000Z,SEVERE,SEVERE,SEVERE,0.024698688481689147,499.56,4.919999999999959,0.39875262340787887,0.0054247738009447904,0.4366751103567947,VALID,0.04839727048569287,1.9595077091471123,0.01770273308939263,0.021926793922015134,154.9499,1.5300000000000011,0.4503238987042433,0.006323979557263443,0.49349549227080935,VALID,0.045828437132784935,2.0900655743734546,0.004165581879718827
2025-04-07,14,2025-04-07T17:00:00.000Z,SEVERE,SEVERE,SEVERE,0.024698688481689147,497.85,3.2700000000000387,0.2659349079077986,0.006327206990057314,0.3484617425565559,VALID,0.05254506183458523,2.127443401439738,0.013266828839510136,0.021926793922015134,154.28,0.9900000000000091,0.29265128101319426,0.006416904329790051,0.408474982684188,VALID,0.050219555940379766,2.2903282677344765,-0.00045561051809417386
2025-04-07,15,2025-04-07T17:15:00.000Z,SEVERE,SEVERE,SEVERE,0.024698688481689147,495.68,7.490000000000009,0.6117958533751194,0.0001815687540349254,0.5601259479361936,VALID,0.041401456505533514,1.6762613341282186,0.025184488644493852,0.021926793922015134,153.57,2.1899999999999977,0.65037313816702,0.00013023376961634312,0.6188465669658436,VALID,0.039581916012122,1.80518484156412,0.01073939078365016
2025-04-07,16,2025-04-07T17:30:00.000Z,ELEVATED,SEVERE,SEVERE,0.024698688481689147,501.51,5.319999999999993,0.42949502993807975,0.0017746405854319682,0.6222694182916698,VALID,0.033545501462239724,1.3581895851315884,0.03358613217768158,0.021926793922015134,155.29,1.5200000000000102,0.44640079879721656,0.0014810998776482052,0.6871783460584758,VALID,0.032036613272311255,1.4610714811409602,0.018680031241864237
2025-04-07,17,2025-04-07T17:45:00.000Z,ELEVATED,HIGH,SEVERE,0.024698688481689147,505.62,4.939999999999998,0.3955749775431585,0.006843083738776116,0.6166223357634528,VALID,0.03090773553529438,1.251391771599874,0.036407121977145795,0.021926793922015134,156.51,1.4749999999999943,0.42980829611819854,0.006453261772410651,0.6701027438740672,VALID,0.02937720329024677,1.339785624598369,0.02147878156730032
2025-04-07,18,2025-04-07T18:00:00.000Z,HIGH,HIGH,HIGH,0.024698688481689147,507,11.094899999999996,0.8860159505589303,0.017228599605522647,0.6139509218544295,VALID,0.026912858153181538,1.0896472569032931,0.04067949058647957,0.021926793922015134,156.94,1.3599999999999852,0.39521200216264857,0.0038868357334012056,0.6606134718130185,VALID,0.02560455192034131,1.167728944386785,0.02544910179640736
2025-04-07,19,2025-04-07T18:15:00.000Z,ELEVATED,HIGH,HIGH,0.024698688481689147,509.09,4.819999999999993,0.3833350931485398,0.007680370857805041,0.4509532240616814,VALID,0.03245598944893622,1.3140774447597936,0.03475132361659061,0.021926793922015134,157.55,1.3799999999999955,0.3994712641868175,0.006664550936210798,0.47051447584578804,VALID,0.03018121095924297,1.376453441692639,0.020632647747982347
2025-04-07,20,2025-04-07T18:30:00.000Z,ELEVATED,ELEVATED,HIGH,0.024698688481689147,506.19,5.810000000000002,0.46471712708595164,0.003022580453979677,0.31568850050153896,VALID,0.03436741403367923,1.3914671647103118,0.03270712810973242,0.021926793922015134,156.81,1.6299999999999955,0.4740658971874575,0.003571200816274487,0.3264079815380835,VALID,0.032655080710000624,1.489277494290398,0.018029159073158052
2025-04-07,21,2025-04-07T18:45:00.000Z,ELEVATED,ELEVATED,ELEVATED,0.024698688481689147,505.19,3.5299999999999727,0.28290854657928327,0.0007521922445020595,0.31921754212731496,VALID,0.03150027715656472,1.2753825847845348,0.03577342137001982,0.021926793922015134,156.41,0.839999999999975,0.24492867614292427,0.0007032798414422685,0.3107883775905043,VALID,0.03104706537200823,1.4159418601018583,0.019721426711793777
2025-04-07,22,2025-04-07T19:00:00.000Z,ELEVATED,ELEVATED,ELEVATED,0.024698688481689147,506.69,5.400000000000034,0.4314967551109535,0.008703546547198534,0.3890620489324389,VALID,0.038152034711470426,1.544698810212339,0.028659621006152936,0.021926793922015134,156.67,1.5,0.4366467989531673,0.007914725218612247,0.3937833495858135,VALID,0.03741727998020911,1.7064637955410837,0.013017443374121251
2025-04-07,23,2025-04-07T19:15:00.000Z,SEVERE,SEVERE,SEVERE,0.024698688481689147,503.21,5.389700000000005,0.43365208293826984,0.004550187794360172,0.33406528434023136,VALID,0.04090448611350035,1.6561400069410848,0.02571597947627713,0.021926793922015134,155.64,1.460000000000008,0.42781548371588246,0.00334104343356452,0.33782459289233424,VALID,0.03890160183066357,1.7741582270997327,0.011455350169226941
2025-04-07,24,2025-04-07T19:30:00.000Z,SEVERE,SEVERE,SEVERE,0.024698688481689147,501.77,4.189999999999998,0.33809242343202545,0.003248500308906462,0.3376961492358086,VALID,0.043131295754725886,1.7462990306834354,0.023334491710787164,0.021926793922015134,155.4,1.210000000000008,0.35510698983402716,0.0031531531531532116,0.34027147286919174,VALID,0.04149916506895917,1.8926234823273824,0.008721687060661232
2025-04-07,25,2025-04-07T19:45:00.000Z,SEVERE,SEVERE,SEVERE,0.024698688481689147,500.605,6.079999999999984,0.4917388302194255,0.00008989123160978399,0.3237692040194016,VALID,0.04142057075138093,1.677035231327723,0.0251640466894254,0.021926793922015134,154.98,1.75,0.5149763173140073,0,0.3363977532452889,VALID,0.04032407693734931,1.8390320573434482,0.009958344181202783
2025-04-09,1,2025-04-09T13:45:00.000Z,ELEVATED,ELEVATED,ELEVATED,0.032353979263080576,493.44,8.610000000000014,0.5393132578594639,0.000020265888456531503,,NOT_APPLICABLE_SESSION_WARMUP,0.008863835550952206,0.2739643083429558,0.008410343709468249,0.028978532135014924,151.24,2.6100000000000136,0.5955215139198854,0.0009256810367628588,,NOT_APPLICABLE_SESSION_WARMUP,0.009303233361524993,0.32103880618176117,0.006876487701666267
2025-04-09,2,2025-04-09T14:00:00.000Z,NORMAL,ELEVATED,ELEVATED,0.032353979263080576,497.59,5.644999999999982,0.3506425367936367,0.0037480656765609285,,NOT_APPLICABLE_SESSION_WARMUP,0.004362202214962947,0.13482737871259923,0.012990434500648629,0.028978532135014924,152.28,1.710000000000008,0.3875045971440145,0.0034804307853953317,,NOT_APPLICABLE_SESSION_WARMUP,0.00494437577255884,0.1706220228658346,0.011306532663316382
2025-04-09,3,2025-04-09T14:15:00.000Z,ELEVATED,ELEVATED,ELEVATED,0.032353979263080576,499.85,7,0.43284324152233217,0.006361908572571785,,NOT_APPLICABLE_SESSION_WARMUP,0.012608652490718214,0.38970948173617903,0.00786194876783397,0.028978532135014924,152.95,2.0999999999999943,0.47379822596724147,0.006603465184700823,,NOT_APPLICABLE_SESSION_WARMUP,0.012659049597507068,0.43684233343934864,0.005620206294631114
2025-04-09,4,2025-04-09T14:30:00.000Z,NORMAL,ELEVATED,ELEVATED,0.032353979263080576,497.3194,3.696300000000008,0.22972280391016722,0.00127825296982178,0.3496982077254514,VALID,0.009331506740524527,0.2884191358548837,0.01120703631647224,0.028978532135014924,152.09,1.0699999999999932,0.2427765494992237,0.0024985206127950254,0.3569799015669845,VALID,0.009737730459620878,0.33603256418411626,0.008595609627082723
2025-04-09,5,2025-04-09T14:45:00.000Z,NORMAL,NORMAL,ELEVATED,0.032353979263080576,498.97,4.199999999999989,0.2601639709099992,0.0029861514720324047,0.24758987349083308,VALID,0.01193241606607499,0.3688082992527346,0.008552204928664153,0.028978532135014924,152.54,1.3400000000000034,0.30314099598127126,0.003998951094794711,0.2924056678455393,VALID,0.013178395222020262,0.4547640701958376,0.005091245702194991
2025-04-09,6,2025-04-09T15:00:00.000Z,ELEVATED,ELEVATED,ELEVATED,0.032353979263080576,497.66,6.739599999999996,0.41857538328961524,0.009182172567616519,0.34355817073254397,VALID,0.02077074274822807,0.641984176948823,-0.00046935797665370593,0.028978532135014924,152.01,1.9399999999999977,0.44040596014572353,0.0076310769028353174,0.3630351770301461,VALID,0.020708906777460387,0.7146292531648868,-0.0025786828881249058
2025-04-09,7,2025-04-09T15:15:00.000Z,NORMAL,ELEVATED,ELEVATED,0.032353979263080576,493.2084,4.75,0.29767025686329823,0.0003211624132921741,0.3678644939771348,VALID,0.01429507415569716,0.44183356982024774,0.006140564202334664,0.028978532135014924,150.85,1.3799999999999955,0.3156875021012092,0.00026516407026842587,0.37468075718640975,VALID,0.014606595689431318,0.5040488462761744,0.0036366040729964855
2025-04-09,8,2025-04-09T15:30:00.000Z,NORMAL,NORMAL,ELEVATED,0.032353979263080576,496.47,3.2399999999999523,0.2017085450281237,0,0.37080760383369116,VALID,0.010701451347112282,0.33076151962932754,0.009808690012970134,0.028978532135014924,151.79,0.960000000000008,0.21824871177040575,0,0.37731983534038716,VALID,0.011425603739288437,0.39427820864269436,0.006876487701666267
2025-04-09,9,2025-04-09T15:45:00.000Z,NORMAL,NORMAL,NORMAL,0.032353979263080576,498.28,4.759999999999991,0.29526080137062977,0.006923817933691878,0.407011166174535,VALID,0.016667659380149778,0.5151656692556948,0.0037187905317768166,0.028978532135014924,152.28,1.3599999999999852,0.30819079071102423,0.006566850538481744,0.40740002035958517,VALID,0.017008569202804497,0.5869368787749241,0.001190161332980555
2025-04-09,10,2025-04-09T16:00:00.000Z,NORMAL,NORMAL,NORMAL,0.032353979263080576,495.275,3.8100000000000023,0.2377666102345777,0.00007066781081211079,0.3018741944692575,VALID,0.01527786050390135,0.4722096277453901,0.005137402723735418,0.028978532135014924,151.42,1.049999999999983,0.23929282347671577,0.0007924976885482508,0.3110695557158808,VALID,0.016677486367177283,0.5755117715926605,0.001527373710658475
2025-04-09,11,2025-04-09T16:15:00.000Z,NORMAL,NORMAL,NORMAL,0.032353979263080576,495.975,5.6200000000000045,0.3502263569808821,0.002429557941428582,0.3299602867591778,VALID,0.0075049139317410795,0.23196262415563226,0.013071498054474606,0.028978532135014924,151.471,1.6200000000000045,0.3690703347959353,0.0018551405879673726,0.35024484831637803,VALID,0.009023630225915258,0.31139017614394465,0.009322930441681976
2025-04-09,12,2025-04-09T16:30:00.000Z,NORMAL,NORMAL,NORMAL,0.032353979263080576,499.89,1.5,0.09274470138070565,0.0016803696813298425,0.3125598863272021,VALID,0.008755732920364573,0.2706230615149037,0.011794747081712131,0.028978532135014924,152.65,0.44999999999998863,0.10172772260776931,0.0016377333770062233,0.33576094875986584,VALID,0.010451830693326314,0.3606749522242815,0.00786828881248347
2025-04-09,13,2025-04-09T16:45:00.000Z,NORMAL,NORMAL,NORMAL,0.032353979263080576,499.26,2.07000000000005,0.12814919141733538,0.0012218082762488756,0.25319654809554193,VALID,0.007663748089026572,0.23687188604252293,0.012909370946822207,0.028978532135014924,152.43,0.894599999999997,0.20252659496083275,0.002719937020271647,0.27349815400050276,VALID,0.010257076084133888,0.3539543009405989,0.008066649034646822
2025-04-09,14,2025-04-09T17:00:00.000Z,NORMAL,NORMAL,NORMAL,0.032353979263080576,499.81,3.3799999999999955,0.20901817737862918,0.0012204637762349966,0.26379693581778313,VALID,0.004904004606190615,0.15157346075778133,0.015726329442282694,0.028978532135014924,152.46,0.9399999999999977,0.212762730402317,0.0005247277974551522,0.29161702587323446,VALID,0.007335756946247699,0.25314453168536655,0.011042052367098654
2025-04-09,15,2025-04-09T17:15:00.000Z,NORMAL,NORMAL,NORMAL,0.032353979263080576,501.2,4.709900000000005,0.2904510302033777,0.00039904229848361657,0.12503292840844682,VALID,0.006525282578015538,0.20168408111275504,0.018178501945525394,0.028978532135014924,152.91,1.5600000000000023,0.35205646742788693,0.0001961938395134467,0.13704533437043198,VALID,0.007705257705257691,0.2658953762515591,0.01329013488495101
2025-04-09,16,2025-04-09T17:30:00.000Z,HIGH,HIGH,HIGH,0.032353979263080576,502.41,35.839999999999975,2.2048650995953114,0.009653470273282823,1.331062069194335,VALID,0.017697787776527824,0.5470049799012802,0.061851491569390404,0.028978532135014924,153.25,10.640000000000015,2.3958783418329226,0.008482871125611819,1.547736605336585,VALID,0.015314594993542093,0.5284807015824442,0.0585823856122718
2025-04-09,17,2025-04-09T17:45:00.000Z,HIGH,HIGH,HIGH,0.032353979263080576,523.96,13.549999999999955,0.7993067102792462,0.0019276280632109146,1.3359512185181506,VALID,0.019608574091332678,0.6060637528351328,0.06594520103761359,0.028978532135014924,160.1,3.800299999999993,0.8191249729217428,0.0016570893191754923,1.5553286639466957,VALID,0.017246921502123515,0.5951620124086259,0.06329542449087544
2025-04-09,18,2025-04-09T18:00:00.000Z,HIGH,HIGH,HIGH,0.032353979263080576,525.98,9.68999999999994,0.5694122990890838,0.00022814555686528868,1.4318801858860408,VALID,0.0030382106244175124,0.09390531531570964,0.08396157587548636,0.028978532135014924,160.8128,2.890000000000015,0.6201558515250992,0.0007636208063040519,1.6461439788690344,VALID,0.001619457939927194,0.055884747108028765,0.08020364982808781
2025-04-09,19,2025-04-09T18:15:00.000Z,HIGH,HIGH,HIGH,0.032353979263080576,534.87,6.8700000000000045,0.3969911219198319,0.007029745545646588,1.4301120873567936,VALID,0.006505632179634977,0.20107672465064022,0.08317140888456542,0.028978532135014924,163.37,2.2200000000000273,0.46892596655839147,0.007528922078717134,1.644490388945896,VALID,0.0066317838890241135,0.22885161533116066,0.07954244908754293
2025-04-09,20,2025-04-09T18:30:00.000Z,ELEVATED,HIGH,HIGH,0.032353979263080576,534.4801,6.660000000000082,0.38513677226339155,0.0026756842771134765,0.5767576554102302,VALID,0.0028904411628468234,0.08933804214139225,0.09060878728923472,0.028978532135014924,163.27,1.9300000000000068,0.40791956244567645,0.0024499295645250547,0.6198763007040088,VALID,0.0023058252427185914,0.07957011873394546,0.08714625760380845
2025-04-09,21,2025-04-09T18:45:00.000Z,ELEVATED,ELEVATED,HIGH,0.032353979263080576,538.15,7.259999999999991,0.41697073318274147,0.010294527548081323,0.6275506162431161,VALID,0.012039935540037416,0.3721315218179761,0.08092169260700399,0.028978532135014924,164.42,2.219999999999999,0.46593136575017297,0.010582654178323688,0.6880463500656266,VALID,0.012613705275924878,0.4352775777998661,0.0765670457550911
2025-04-09,22,2025-04-09T19:00:00.000Z,ELEVATED,ELEVATED,ELEVATED,0.032353979263080576,533.37,5.589999999999918,0.3239332441422021,0.005212141665260462,0.375377715820912,VALID,0.016559542111990025,0.5118239700081119,0.0759768158236056,0.028978532135014924,162.82,1.8099999999999739,0.3836139937695047,0.005896081562461489,0.46041424196580744,VALID,0.01831412977562165,0.6319895600748039,0.07035175879396971
2025-04-09,23,2025-04-09T19:15:00.000Z,ELEVATED,ELEVATED,ELEVATED,0.032353979263080576,530.93,8.040000000000077,0.4680487398044177,0.0023543593317386477,0.5337698942864724,VALID,0.004464037638690737,0.1379749180894324,0.08921044098573283,0.028978532135014924,161.88,2.5400000000000205,0.5414572058099871,0.0014825796886583217,0.6568684086246224,VALID,0.004972710733778005,0.17159981432494473,0.0848981750859561
2025-04-09,24,2025-04-09T19:30:00.000Z,ELEVATED,ELEVATED,ELEVATED,0.032353979263080576,537.46,5.990000000000009,0.3444712426989594,0.0031072079782682852,0.5198400463841549,VALID,0.00238104027465016,0.07359342896554263,0.0953510051880675,0.028978532135014924,164.08,1.3900000000000148,0.2923363160239774,0.003108239882984028,0.621505148882224,VALID,0.0019398642095054654,0.06694142410206887,0.08860089923300696
2025-04-09,25,2025-04-09T19:45:00.000Z,ELEVATED,ELEVATED,ELEVATED,0.032353979263080576,540.49,3.8600000000000136,0.22073537501718352,0.0017576643416160251,0.4471846798566372,VALID,0.0030548398969451017,0.09441929452031911,0.09788424124513617,0.028978532135014924,164.64,1.460000000000008,0.306013872825176,0.004008746355685111,0.5239190572613609,VALID,0.003928916827853033,0.13558025677586685,0.08959270034382416
2025-08-22,1,2025-08-22T13:45:00.000Z,ELEVATED,ELEVATED,ELEVATED,0.00821238376996084,637.76,2.17999999999995,0.41622674291250705,0.0007996738585047524,,NOT_APPLICABLE_SESSION_WARMUP,0.00003127785684122079,0.003808620945799996,0.0025871801304566677,0.009328252567005438,186.82,0.4550000000000125,0.2610884936598428,0.0001873461085536698,,NOT_APPLICABLE_SESSION_WARMUP,0.00008011108737457156,0.008588005824148572,0.0021678621132641407
2025-08-22,2,2025-08-22T14:00:00.000Z,NORMAL,ELEVATED,ELEVATED,0.00821238376996084,639.41,1.6000000000000227,0.3046992060024261,0.002017484868863427,,NOT_APPLICABLE_SESSION_WARMUP,0.0020477708997687413,0.24935158379459244,0.0010191921726041553,0.009328252567005438,187.225,0.2849999999999966,0.16318518360116183,0,,NOT_APPLICABLE_SESSION_WARMUP,0.0006932963575275743,0.07432221121239825,0.0029975377368589573
2025-08-22,3,2025-08-22T14:15:00.000Z,HIGH,HIGH,HIGH,0.00821238376996084,638.41,6.540000000000077,1.247408879371672,0,,NOT_APPLICABLE_SESSION_WARMUP,0.0003411117140864056,0.04153626080336381,0.01092887606623183,0.009328252567005438,187.38,2,1.144211911987757,0,,NOT_APPLICABLE_SESSION_WARMUP,0.00021121554546410414,0.022642562896633567,0.013488919815865641
2025-08-22,4,2025-08-22T14:30:00.000Z,HIGH,HIGH,HIGH,0.00821238376996084,644.73,2.509999999999991,0.4740526804516227,0.0026212523071674257,1.2658305767230502,VALID,0.002230656029741989,0.2716210167748439,0.00995672353236321,0.009328252567005438,189.34,0.46999999999999886,0.2661063198269904,0.0019013415020598587,1.148814067931245,VALID,0.0007917656373712181,0.08487823755670365,0.01327480997751862
2025-08-22,5,2025-08-22T14:45:00.000Z,HIGH,HIGH,HIGH,0.00821238376996084,644.11,1.5399999999999636,0.29113300497722244,0,1.2552501638758018,VALID,0.00017811507782855896,0.021688596492539253,0.012191106372303029,0.009328252567005438,189.3,0.33499999999997954,0.18971160433931505,0,1.1378172682175645,VALID,0.0001845650855590824,0.019785601240247253,0.014880633765121498
2025-08-22,6,2025-08-22T15:00:00.000Z,HIGH,HIGH,HIGH,0.00821238376996084,645.535,0.9099999999999682,0.17165338108323092,0.00042600323762457073,1.2408962649844228,VALID,0.0008112416237212354,0.09878272209934774,0.012364839438033126,0.009328252567005438,189.6,0.2699999999999818,0.15265995669416638,0.0004219409282699583,1.1352522136567211,VALID,0.0005795879656461628,0.062132533556841986,0.015308853441815762
2025-08-22,7,2025-08-22T15:15:00.000Z,NORMAL,HIGH,HIGH,0.00821238376996084,645.6458,0.7999999999999545,0.15087817446500654,0.0002722855163000845,0.29515918826519866,VALID,0.001129558853110957,0.13754335948627291,0.012198946312092174,0.009328252567005438,189.68,0.4550000000000125,0.25715179452515724,0.001924293547026619,0.25526481383616817,VALID,0.0022920069550556,0.24570592815663667,0.013569211005245663
2025-08-22,8,2025-08-22T15:30:00.000Z,NORMAL,ELEVATED,HIGH,0.00821238376996084,645.54,0.7200000000000273,0.13581261221536567,0.00010843634786370533,0.2844928875801135,VALID,0.0004177820415615483,0.05087220145382228,0.012920220772704383,0.009328252567005438,189.355,0.45000000000001705,0.2547624637076478,0.000026405428956169378,0.33860786633565737,VALID,0.00026343519494210414,0.028240572717112042,0.015683545658923048
2025-08-22,9,2025-08-22T15:45:00.000Z,NORMAL,ELEVATED,ELEVATED,0.00821238376996084,646,0.7100000000000364,0.13383096043935094,0.0003250773993808613,0.0919384607723763,VALID,0.0006960556844548267,0.08475683844693802,0.012998620170596942,0.009328252567005438,189.75,0.18999999999999773,0.10734245410532287,0.00015810276679842497,0.29302585985222607,VALID,0.0007635195618977949,0.08185022397425293,0.01576383684830307
2025-08-22,10,2025-08-22T16:00:00.000Z,NORMAL,NORMAL,ELEVATED,0.00821238376996084,646.05,0.9800000000000182,0.18471012781887228,0.0011609008590666358,0.15022230235870507,VALID,0.0016860015467904592,0.20529989757145733,0.01199510787757152,0.009328252567005438,189.765,0.21999999999999886,0.12428143802866244,0.0006060126999182182,0.2935616652096041,VALID,0.0012163656468853381,0.1303958740555217,0.015303500695857064
2025-08-22,11,2025-08-22T16:15:00.000Z,NORMAL,NORMAL,ELEVATED,0.00821238376996084,645.41,0.6849999999999454,0.1292366361376346,0.00028663950047248327,0.14889121006173575,VALID,0.0016860015467904592,0.20529989757145733,0.01199510787757152,0.009328252567005438,189.679,0.37000000000000455,0.20911355074958046,0.000416493127863431,0.2723955074175965,VALID,0.00015791967152708922,0.01692918050757546,0.01670056739107162
2025-08-22,12,2025-08-22T16:30:00.000Z,NORMAL,NORMAL,NORMAL,0.00821238376996084,645.41,0.7949999999999591,0.14998996456849986,0.0011078229342587165,0.16960954184458732,VALID,0.002660479505027111,0.32395947139715775,0.011007275464124389,0.009328252567005438,189.94,0.36529999999999063,0.20617354683935854,0.0016663156786353094,0.23685502976656758,VALID,0.0019227449197004804,0.20612058966985294,0.015006423295150562
2025-08-22,13,2025-08-22T16:45:00.000Z,NORMAL,NORMAL,NORMAL,0.00821238376996084,644.78,0.6607000000000198,0.12477383191565969,0,0.17980087081824986,VALID,0.002165661252900158,0.26370677668787085,0.011508874811841485,0.009328252567005438,189.6235,0.19499999999999318,0.11024074936205266,0.00004482566770467771,0.23885637313825048,VALID,0.0016248326217123722,0.17418402964982937,0.01530938871641152
2025-08-22,14,2025-08-22T17:00:00.000Z,NORMAL,NORMAL,NORMAL,0.00821238376996084,645.0999,0.9650000000000318,0.182150808283884,0.001247713726199754,0.1513923430021089,VALID,0.002753286929620994,0.33526038319007134,0.010913196186653318,0.009328252567005438,189.6801,0.23500000000001364,0.13281459308605753,0.0008967730405035595,0.23719547741876673,VALID,0.001993801739891952,0.2137379670597838,0.014934161224708475
2025-08-22,15,2025-08-22T17:15:00.000Z,NORMAL,NORMAL,NORMAL,0.00821238376996084,644.72,1.0599999999999454,0.20020065151208896,0.000031021218513434994,0.23266089819941016,VALID,0.0013064191802011043,0.1590791683383951,0.012379892122428515,0.009328252567005438,189.61,0.2599999999999909,0.14699813115802746,0,0.21180004210581146,VALID,0.0010463774706719851,0.11217293519400215,0.01589765549727007
2025-08-22,16,2025-08-22T17:30:00.000Z,NORMAL,NORMAL,NORMAL,0.00821238376996084,645.6554,0.6699999999999591,0.12635859230955254,0.00010129242317179436,0.22069069022524468,VALID,0.0005413766434648457,0.0659219854587272,0.013155418966382282,0.009328252567005438,189.79,0.1599999999999966,0.09037459426450764,0.0006849675957637149,0.13245549257113415,VALID,0.0016779936501520626,0.17988295643786725,0.015255325982228785
2025-08-22,17,2025-08-22T17:45:00.000Z,NORMAL,NORMAL,NORMAL,0.00821238376996084,646.15,0.37000000000000455,0.06972670446558851,0.00044881219531063007,0.21272947783211454,VALID,0.00042552204176326706,0.051814680570547195,0.013272861264425506,0.009328252567005438,189.67,0.11999999999997613,0.06782382919857328,0.0003163389044127899,0.13223809833177042,VALID,0.0013885029012236688,0.1488491967010931,0.01554972700995605
2025-08-22,18,2025-08-22T18:00:00.000Z,NORMAL,NORMAL,NORMAL,0.00821238376996084,646.2249,0.7099999999999227,0.13378438442066662,0.0008277304077883616,0.2178507156434912,VALID,0.001129156999226633,0.13749442681391122,0.01255958354239839,0.009328252567005438,189.725,0.3049999999999784,0.17233559246492677,0.0012386348662537104,0.17514363781037212,VALID,0.0025201485561254493,0.27016298476301537,0.01439888662884048
2025-08-22,19,2025-08-22T18:15:00.000Z,NORMAL,NORMAL,NORMAL,0.00821238376996084,645.77,0.5,0.0942807226789378,0.00035616395930442447,0.13036500662656447,VALID,0.0013534416086620263,0.16480496364680727,0.012332225288509857,0.009328252567005438,189.51,0.21000000000000796,0.1187919104383345,0.000844282623608235,0.15553278953286973,VALID,0.0030991300539820873,0.3322305042365477,0.013810084573386172
2025-08-22,20,2025-08-22T18:30:00.000Z,NORMAL,NORMAL,NORMAL,0.00821238376996084,645.625,0.3949999999999818,0.07449849867129701,0.0005266214908035343,0.10170037834999589,VALID,0.0017246713070379104,0.2100086108185047,0.01195590817862513,0.009328252567005438,189.4,0.15000000000000568,0.08490064469440628,0.0004223864836325898,0.14101247036659642,VALID,0.003257034098852107,0.349158009547514,0.013649502194625907
2025-08-22,21,2025-08-22T18:45:00.000Z,NORMAL,NORMAL,NORMAL,0.00821238376996084,645.385,0.6050000000000182,0.11414772788970798,0.00020143015409406084,0.10093236653145482,VALID,0.0016705336426914787,0.2034164122726384,0.012010787757150032,0.009328252567005438,189.37,0.1699999999999875,0.09623597394413719,0.0003696467233457949,0.13754338322854884,VALID,0.003257034098852107,0.349158009547514,0.013649502194625907
2025-08-22,22,2025-08-22T19:00:00.000Z,NORMAL,NORMAL,NORMAL,0.00821238376996084,645.42,0.4700000000000273,0.0886719385010045,0.000170431656905602,0.0535920401627734,VALID,0.0016241299303943611,0.19776595637616015,0.01205782739588579,0.009328252567005438,189.37,0.21000000000000796,0.11887973251924154,0.00010561334952743429,0.08965370757026225,VALID,0.002678052600995469,0.2870904900739817,0.014238304250080214
2025-08-22,23,2025-08-22T19:15:00.000Z,NORMAL,NORMAL,NORMAL,0.00821238376996084,645.45,0.4499999999999318,0.08489471850016513,0.0004028197381671561,0.05135231173755556,VALID,0.0018097447795823033,0.22036777996200888,0.011869668840943426,0.009328252567005438,189.48,0.10500000000001819,0.05940535926528345,0.000026388009288555272,0.06552828165209473,VALID,0.0025727832377487395,0.27580548653333214,0.014345359169253946
2025-08-22,24,2025-08-22T19:30:00.000Z,NORMAL,NORMAL,NORMAL,0.00821238376996084,645.33,0.36799999999993815,0.06943792391690208,0.0004307873491082392,0.05304142529958733,VALID,0.002196442382057168,0.2674549124325252,0.011477671851480187,0.009328252567005438,189.5,0.17789999999999395,0.1006390289006417,0.0007804749340369014,0.09485773803590486,VALID,0.003230190411224211,0.34628033364465055,0.013676801199015154
2025-08-22,25,2025-08-22T19:45:00.000Z,NORMAL,NORMAL,NORMAL,0.00821238376996084,645.08,0.9749000000000478,0.18402518249222635,0.001216903329819684,0.07068773268975127,VALID,0.0025831399845320326,0.3145420449030416,0.01108567486201717,0.009328252567005438,189.3751,0.2150000000000034,0.12170692460275373,0.00047577532632329554,0.0998189122860036,VALID,0.002941226009112068,0.3153029989255815,0.013970666952146438
2025-10-10,1,2025-10-10T13:45:00.000Z,NORMAL,NORMAL,NORMAL,0.0071514804316534,672.13,1.75,0.3640732861883353,0.0003719518545519468,,NOT_APPLICABLE_SESSION_WARMUP,0.00011875955643311748,0.01660628978406652,0.0021126865338549905,0.008829179719233103,189.59,0.4099999999999966,0.24493343496160636,0,,NOT_APPLICABLE_SESSION_WARMUP,0.000631578947368445,0.07153313982188411,0.0015296165409568463
2025-10-10,2,2025-10-10T14:00:00.000Z,NORMAL,NORMAL,NORMAL,0.0071514804316534,673.55,1.4700000000000273,0.30517681744554537,0.001588597728453621,,NOT_APPLICABLE_SESSION_WARMUP,0.0013947622227168997,0.19503125766009194,0.0013092705280228767,0.008829179719233103,189.88,0.5199999999999818,0.31017283786258143,0.002053928797134961,,NOT_APPLICABLE_SESSION_WARMUP,0.0026840692595126096,0.3039998442511878,-0.0004747085816763086
2025-10-10,3,2025-10-10T14:15:00.000Z,NORMAL,NORMAL,NORMAL,0.0071514804316534,673.01,1.169999999999959,0.24309072552905048,0.0012184068587390029,,NOT_APPLICABLE_SESSION_WARMUP,0.0020921433340753493,0.2925468864901379,0.0006100010414651358,0.008829179719233103,189.5,0.36000000000001364,0.21516564484682818,0.0014511873350923784,,NOT_APPLICABLE_SESSION_WARMUP,0.003368243776643263,0.3814900006289403,-0.0011603987552085693
2025-10-10,4,2025-10-10T14:30:00.000Z,NORMAL,NORMAL,NORMAL,0.0071514804316534,672.54,1.32000000000005,0.27444786524130105,0.0011003063014839401,0.33077961012121143,VALID,0.002047629646116174,0.2863224846499047,0.0006546352640115494,0.008829179719233103,189.37,0.38999999999998636,0.23325613265042094,0.0011617468448011769,0.2966534207009698,VALID,0.0035792853007735473,0.405392733480845,-0.0013719078010443475
2025-10-10,5,2025-10-10T14:45:00.000Z,NORMAL,NORMAL,NORMAL,0.0071514804316534,672.57,0.7250000000000227,0.15073168714307866,0.0006542069970412813,0.1488616109182481,VALID,0.0020773054380890136,0.2904720858767346,0.0006248791156471256,0.008829179719233103,189.3299,0.19999999999998863,0.11964386472286989,0.0007389218501674139,0.24550730415268396,VALID,0.003999789484763912,0.4530193757468708,-0.0017933435307769807
2025-10-10,6,2025-10-10T15:00:00.000Z,HIGH,HIGH,HIGH,0.0071514804316534,672.55,5.405000000000086,1.1237641328898629,0.007270834882164875,0.7115936167613399,VALID,0.00710735217746135,0.9938294938210651,-0.004418788032077181,0.008829179719233103,189.25,1.5800000000000125,0.945585582321839,0.007080581241743743,0.5704162474092106,VALID,0.008946897531708797,1.0133328141706373,-0.006751410939395575
2025-10-10,7,2025-10-10T15:15:00.000Z,HIGH,HIGH,HIGH,0.0071514804316534,669.16,4.029999999999973,0.8421299614172391,0.005992587721920006,0.7655868158054648,VALID,0.009229171303509202,1.2905259815379857,-0.006546352640114272,0.008829179719233103,188.31,1.0400000000000205,0.6255176937321456,0.004726249269821118,0.5651316500322825,VALID,0.008999526340718803,1.0192935954304594,-0.006804156337359535
2025-10-10,8,2025-10-10T15:30:00.000Z,HIGH,HIGH,HIGH,0.0071514804316534,667.73,6.190000000000055,1.2962650317303643,0.008686145597771656,1.3465848639726623,VALID,0.01707841828028784,2.3880955060292828,-0.014416853882433411,0.008829179719233103,188.3,1.299999999999983,0.7819386411756271,0.006479022835900153,0.8426817415541046,VALID,0.014472922477764329,1.6392148464525125,-0.012289677725618509
2025-10-10,9,2025-10-10T15:45:00.000Z,HIGH,HIGH,HIGH,0.0071514804316534,662.44,3.67999999999995,0.776793021877911,0.0044834249139545125,1.3529231978739409,VALID,0.016158468729134356,2.2594578679981887,-0.013494413283144713,0.008829179719233103,187.26,0.8199999999999932,0.49596208410093934,0.004272134999465892,0.8414120415946669,VALID,0.014578180095784337,1.6511364089721563,-0.012395168521546429
2025-10-10,10,2025-10-10T16:00:00.000Z,HIGH,HIGH,HIGH,0.0071514804316534,663.06,3.32000000000005,0.7001471088140738,0.0034536844327812924,1.182684065701019,VALID,0.017953854143482488,2.5105087422201913,-0.01529466025917603,0.008829179719233103,187.24,0.9199999999999875,0.5565047016691901,0.0035248878444776575,0.6753081895587802,VALID,0.01678859007420661,1.901489221884913,-0.014610475236035758
2025-10-10,11,2025-10-10T16:15:00.000Z,HIGH,HIGH,HIGH,0.0071514804316534,661.85,1.9399999999999409,0.40987006639033113,0.002462793684369563,1.1445061756214128,VALID,0.01780547518361896,2.4897607360861356,-0.015145879517355243,0.008829179719233103,186.82,0.5400000000000205,0.32737840995456,0.002141098383470751,0.6779973766506728,VALID,0.01626230198410612,1.8418814092866436,-0.01408302125639549
2025-10-10,12,2025-10-10T16:30:00.000Z,HIGH,HIGH,HIGH,0.0071514804316534,661.95,2.1299999999999955,0.449943997333834,0.0021451771281819965,0.2985488277628697,VALID,0.018369315231100223,2.5686031593955287,-0.015711246336274187,0.008829179719233103,186.92,0.4899999999999807,0.2969066676214822,0.001283971752621339,0.2615400799500354,VALID,0.016209673175095963,1.8359206280268043,-0.014030275858431307
2025-10-10,13,2025-10-10T16:45:00.000Z,HIGH,HIGH,HIGH,0.0071514804316534,661.57,2.2555999999999585,0.47674958986212373,0.001617364753540895,0.32059283258579435,VALID,0.01960086059796726,2.7408116103081617,-0.01694612649338667,0.008829179719233103,186.93,0.44999999999998863,0.2726548019209822,0.00048146364949448137,0.2618917479836091,VALID,0.016367559602126127,1.8538029718062872,-0.01418851205232341
2025-10-10,14,2025-10-10T17:00:00.000Z,HIGH,HIGH,HIGH,0.0071514804316534,660.74,2.2900000000000773,0.484628475663064,0.00276962193903811,0.3939588462186062,VALID,0.02200459974775583,3.076929309679791,-0.019356374510883345,0.008829179719233103,186.9,0.5,0.3029984074852297,0.0022471910112360403,0.244741892312862,VALID,0.018420083153518237,2.0862734409395616,-0.016245582572920525
2025-10-10,15,2025-10-10T17:15:00.000Z,HIGH,HIGH,HIGH,0.0071514804316534,659.12,1.8400000000000318,0.3903528715657386,0.002093700691831526,0.4449514990937896,VALID,0.02345871355441807,3.2802597697934956,-0.02081442578072701,0.008829179719233103,186.51,0.49500000000000455,0.30059566959090694,0.002091040694868835,0.2990190383160249,VALID,0.01999894742381971,2.265096878734371,-0.01782794451184133
2025-10-10,16,2025-10-10T17:30:00.000Z,HIGH,HIGH,HIGH,0.0071514804316534,658.14,1.9099999999999682,0.4058066183794198,0.00024310936882725282,0.5580981168515361,VALID,0.021040136508643167,2.942067269808463,-0.018389299689048233,0.008829179719233103,186.21,0.3499999999999943,0.21288481634333256,0.00032221685194136875,0.3440645793140315,VALID,0.018525340771538244,2.098195003459205,-0.016351073368848557
2025-10-10,17,2025-10-10T17:45:00.000Z,HIGH,HIGH,HIGH,0.0071514804316534,659.77,1.599999999999909,0.3391028687947124,0.0006668990708882503,0.5298258583744734,VALID,0.021010460716670495,2.937917668581657,-0.018359543540684142,0.008829179719233103,186.49,0.5999999999999943,0.3643974627636156,0.0006970883157273604,0.34620426085186057,VALID,0.018156939108467916,2.056469534640418,-0.01598185558310039
2025-10-10,18,2025-10-10T18:00:00.000Z,HIGH,HIGH,HIGH,0.0071514804316534,659.79,1.2799999999999727,0.2712740717436704,0.0015459464375028142,0.4061704493220609,VALID,0.02130721863639738,2.979413680849745,-0.018657105024325604,0.008829179719233103,186.56,0.28000000000000114,0.16998834327312506,0.0011792452830188618,0.25414778537904725,VALID,0.01794642387242775,2.0326264096011135,-0.015770873991244327
2025-10-10,19,2025-10-10T18:15:00.000Z,HIGH,HIGH,HIGH,0.0071514804316534,659.59,1.07000000000005,0.2268369296900729,0.0014402886641702352,0.34924207325504575,VALID,0.021411083908301896,2.9939372851435913,-0.0187612515436002,0.008829179719233103,186.6,0.30000000000001137,0.18209132591315622,0.0015005359056806064,0.17978563053885155,VALID,0.01820956791747792,2.0624303159002397,-0.01603460098106435
2025-10-10,20,2025-10-10T18:30:00.000Z,HIGH,HIGH,HIGH,0.0071514804316534,659.52,1.3999999999999773,0.2968274840438644,0.0012584910237747563,0.09982183403670226,VALID,0.0220342755397285,3.0810789109065975,-0.019386130659247436,0.008829179719233103,186.55,0.28999999999999204,0.17606879318259433,0.0010720986330743341,0.09771203113763614,VALID,0.018893742434608722,2.139920472278009,-0.016720291154596834
2025-10-10,21,2025-10-10T18:45:00.000Z,HIGH,HIGH,HIGH,0.0071514804316534,659.1,1.6399999999999864,0.3479337691371806,0.001866181156122012,0.27342330207324794,VALID,0.023814823058090462,3.33005498451522,-0.021171499561096874,0.008829179719233103,186.42,0.46000000000000796,0.2794762910110031,0.002038407896148458,0.24139923455874718,VALID,0.020841008367980526,2.360469378891606,-0.018671870879265695
2025-10-10,22,2025-10-10T19:00:00.000Z,HIGH,HIGH,HIGH,0.0071514804316534,657.9,1.75,0.3719479827417021,0.0017023863809089597,0.3104542956798355,VALID,0.024883151569107642,3.4794406286803943,-0.02224272090220647,0.008829179719233103,186.05,0.39799999999999613,0.24228863358105426,0.0014942219833379198,0.2720792701925645,VALID,0.02194621335719166,2.4856457853479843,-0.019779524236510415
2025-10-10,23,2025-10-10T19:15:00.000Z,SEVERE,SEVERE,SEVERE,0.0071514804316534,657.18,1.9600000000000364,0.4170381435638072,0.001339054749079393,0.336166236896687,VALID,0.02578826322427479,3.606003466098085,-0.023150283427313068,0.008829179719233103,185.84,0.5199999999999818,0.3169157256422027,0.0013990529487730892,0.29178851070204254,VALID,0.022893531919372635,2.59293984802488,-0.02072894139986292
2025-10-10,24,2025-10-10T19:30:00.000Z,SEVERE,SEVERE,SEVERE,0.0071514804316534,656.57,1.7699999999999818,0.3769608748382838,0.0016144508582482584,0.3468952339539226,VALID,0.0266488611914831,3.7263419016755903,-0.024013211729873696,0.008829179719233103,185.66,0.40500000000000114,0.24706789782818903,0.0010772379618657149,0.2862262196250547,VALID,0.023367191200463124,2.646586879363328,-0.02120364998153912
2025-10-10,25,2025-10-10T19:45:00.000Z,SEVERE,SEVERE,SEVERE,0.0071514804316534,655.99,2.2600000000001046,0.4817428366124538,0.0029421180200918666,0.23610395130251896,VALID,0.026544995919578752,3.7118182973817677,-0.023909065210599212,0.008829179719233103,185.57,0.5199999999999818,0.317376830594099,0.0021016328070269244,0.19413305831139815,VALID,0.02268301668333247,2.569096722985576,-0.020517959808006858
2025-11-20,1,2025-11-20T14:45:00.000Z,ELEVATED,ELEVATED,ELEVATED,0.012516164542715667,672.91,1.67999999999995,0.1994715835695056,0.000653876447073072,,NOT_APPLICABLE_SESSION_WARMUP,0.0007639249425201904,0.06103506708569041,0.001077410054836525,0.011116748003998134,186.24,0.9300000000000068,0.44919221873474446,0.002094072164948533,,NOT_APPLICABLE_SESSION_WARMUP,0.002569868294249865,0.2311708687941485,0.0003221649484537181
2025-11-20,2,2025-11-20T15:00:00.000Z,NORMAL,ELEVATED,ELEVATED,0.012516164542715667,673.635,2.0599999999999454,0.24432691576784574,0.0010020263198912683,,NOT_APPLICABLE_SESSION_WARMUP,0.0001629581345738106,0.013019814018716403,0.002972165668514437,0.011116748003998134,186.3,0.575000000000017,0.2776369269121223,0.0015566290928610866,,NOT_APPLICABLE_SESSION_WARMUP,0.0026234072170468418,0.23598692856070266,0.0002684707903779504
2025-11-20,3,2025-11-20T15:15:00.000Z,NORMAL,NORMAL,ELEVATED,0.012516164542715667,674.91,2.6200000000000045,0.31015884044272196,0.0031411595620156833,,NOT_APPLICABLE_SESSION_WARMUP,0.0033165040493922347,0.26497766452922034,0.00038638153690695454,0.011116748003998134,186.29,0.41399999999998727,0.19990931788223837,0.0013903054377582594,,NOT_APPLICABLE_SESSION_WARMUP,0.0030517185994217433,0.2745154066930539,-0.00016108247422685906
2025-11-20,4,2025-11-20T15:30:00.000Z,NORMAL,NORMAL,NORMAL,0.012516164542715667,673.17,2.198599999999942,0.2609457370731059,0.0005245331788403029,0.3339526576617119,VALID,0.0008587376556460924,0.06861028813702139,0.002853279041773904,0.011116748003998134,186.21,0.6399999999999864,0.30917132895384103,0.000510176682240475,0.23690306672923217,VALID,0.0004818503051718782,0.04334453789890541,0.0024162371134019978
2025-11-20,5,2025-11-20T15:45:00.000Z,NORMAL,NORMAL,NORMAL,0.012516164542715667,674.83,1.25,0.14799408839183834,0.0007705644384513069,0.32621092222588105,VALID,0.00048108236130015367,0.03843688373209672,0.0034551425896480747,0.011116748003998134,186.69,0.25499999999999545,0.12286872838115835,0.0011516417590658494,0.24102374814295463,VALID,0.0010707784559374058,0.0963211953308918,0.0018256013745705513
2025-11-20,6,2025-11-20T16:00:00.000Z,NORMAL,NORMAL,NORMAL,0.012516164542715667,675.235,2.580000000000041,0.305276586346646,0.0036950098854472953,0.4114707231239355,VALID,0.0041447095742790496,0.33114853676889744,-0.00022291242513849951,0.011116748003998134,186.58,0.47500000000002274,0.22900805580328218,0.00238503590952954,0.3226428799246951,VALID,0.003453260520398384,0.31063585494214857,-0.0005637886597938957
2025-11-20,7,2025-11-20T16:15:00.000Z,ELEVATED,ELEVATED,ELEVATED,0.012516164542715667,672.76,2.9700000000000273,0.3527158885644945,0.004325465247636554,0.4889154671253577,VALID,0.00831902421694578,0.6646624202289992,-0.004413666017743734,0.011116748003998134,186.135,0.5,0.24163742530831106,0.0021758401160448123,0.3704386491528226,VALID,0.005514509048077959,0.49605415595412145,-0.0026310137457045135
2025-11-20,8,2025-11-20T16:30:00.000Z,ELEVATED,ELEVATED,ELEVATED,0.012516164542715667,669.94,2.550000000000068,0.3041116150188264,0.0037615308833628316,0.5093238844647013,VALID,0.011338741192492108,0.9059277827320661,-0.007445274999628437,0.011116748003998134,185.75,0.5500000000000114,0.2663520881601063,0.002960969044414597,0.38355771040697134,VALID,0.008303886925794987,0.7469708697911024,-0.0054284793814433074
2025-11-20,9,2025-11-20T16:45:00.000Z,ELEVATED,ELEVATED,ELEVATED,0.012516164542715667,667.9,4.039999999999964,0.48327981638524575,0.005644557568498251,0.6545404595675626,VALID,0.016460418023565473,1.3151327603107725,-0.012587121606158158,0.011116748003998134,185.229,0.7900000000000205,0.3836545455216329,0.004043643274001499,0.5127007325545526,VALID,0.012099796552093324,1.0884295072391348,-0.009235395189003404
2025-11-20,10,2025-11-20T17:00:00.000Z,HIGH,HIGH,HIGH,0.012516164542715667,664.44,6.399999999999977,0.7695785254163735,0.0076003852868582085,0.776275283526893,VALID,0.02273669252175958,1.816586258846541,-0.01888811282340863,0.011116748003998134,184.52,1.3149000000000228,0.6410199091900358,0.005283980056362577,0.621714171598517,VALID,0.016623835528429113,1.495386557512175,-0.013772551546391787
2025-11-20,11,2025-11-20T17:15:00.000Z,HIGH,HIGH,HIGH,0.012516164542715667,660.2,4.350000000000023,0.5264322331562216,0.0032868827627992618,0.7054220923099035,VALID,0.023772869915329425,1.899373393038772,-0.01992837080738874,0.011116748003998134,183.675,0.7400000000000091,0.3624131188046782,0.00138832176398543,0.5939472641769032,VALID,0.01630260199164786,1.4664901989129047,-0.013450386597938069
2025-11-20,12,2025-11-20T17:30:00.000Z,HIGH,HIGH,HIGH,0.012516164542715667,659.5,2.8999999999999773,0.3513273291177487,0.0043972706595905645,0.6716580310085114,VALID,0.025149505595357773,2.009362014179866,-0.02131042784324788,0.011116748003998134,183.735,0.5600000000000023,0.2741690152607515,0.0030206547473263495,0.5537037343945062,VALID,0.017748152907163497,1.596523812609621,-0.014900128865979356
2025-11-20,13,2025-11-20T17:45:00.000Z,HIGH,HIGH,HIGH,0.012516164542715667,658.57,4.089999999999918,0.4961923916827073,0.004737537391621247,0.597491774517237,VALID,0.02853928592575045,2.280194210323013,-0.024713557533696973,0.011116748003998134,183.465,0.6999999999999886,0.3432156270878175,0.002861581228027175,0.5030285897852197,VALID,0.020532176892600965,1.8469589204699588,-0.01769222508591073
2025-11-20,14,2025-11-20T18:00:00.000Z,HIGH,HIGH,HIGH,0.012516164542715667,656.28,2.3899999999999864,0.29096280014630127,0.0012037544950325527,0.3335983362864063,VALID,0.027088637574752734,2.1642922224538954,-0.023257196356124887,0.011116748003998134,182.945,0.45999999999997954,0.226182773986606,0.0011205553581676683,0.29622333704459863,VALID,0.01980940143484307,1.7819421136215936,-0.016967353951889974
2025-11-20,15,2025-11-20T18:15:00.000Z,ELEVATED,HIGH,HIGH,0.012516164542715667,657.26,5.1299999999999955,0.6236040092923364,0.0008215926726104793,0.6413862151464689,VALID,0.020338681982355226,1.624993176858818,-0.01648065863191206,0.011116748003998134,183.08,1.3199999999999932,0.6485676256378212,0.0006008302381473325,0.6591821682060083,VALID,0.013384730699218332,1.2040149416362158,-0.010524054982817943
2025-11-20,16,2025-11-20T18:30:00.000Z,HIGH,HIGH,HIGH,0.012516164542715667,661.82,3.240000000000009,0.391141465859678,0.004668943217189012,0.6868833508767944,VALID,0.023654449641778534,1.8899120062739414,-0.019809484180648096,0.011116748003998134,184.28,0.8449999999999989,0.4124779566420582,0.004341219882787125,0.713191579741412,VALID,0.0167041439126245,1.5026106471619993,-0.013853092783505216
2025-11-20,17,2025-11-20T18:45:00.000Z,HIGH,HIGH,HIGH,0.012516164542715667,659.58,3.759999999999991,0.45545880532118593,0.005063828496922332,0.7413569110985917,VALID,0.02846527325478108,2.274280843594989,-0.024639253391983917,0.011116748003998134,183.66,0.7800000000000011,0.3820342163194466,0.0038113906130893423,0.7414335212098512,VALID,0.020264482278616536,1.822878621637229,-0.017423754295532667
2025-11-20,18,2025-11-20T19:00:00.000Z,HIGH,HIGH,HIGH,0.012516164542715667,656.33,2.2799999999999727,0.2775500611294633,0.0033672085688602324,0.747848357807708,VALID,0.030345195097400676,2.4244803584866097,-0.026526578591490768,0.011116748003998134,182.995,0.5500000000000114,0.2703620338027801,0.0029782234487281943,0.7565945232287276,VALID,0.022058036192311836,1.9842166238164858,-0.019222508591065335
2025-11-20,19,2025-11-20T19:15:00.000Z,HIGH,HIGH,HIGH,0.012516164542715667,655.06,1.990000000000009,0.24271729958444702,0.0018318932616858484,0.5033401192196183,VALID,0.029901119071584957,2.389000158118505,-0.026080753741213436,0.011116748003998134,182.66,0.4350000000000023,0.2142239597010487,0.0007938245921384553,0.4842519607373499,VALID,0.020987257736374276,1.8878954284855802,-0.0181486254295532
2025-11-20,20,2025-11-20T19:30:00.000Z,HIGH,HIGH,HIGH,0.012516164542715667,655.36,2.689999999999941,0.3279450540781897,0.0007781982421874861,0.46977509973268944,VALID,0.02745870092959908,2.193859056093976,-0.023628717064689164,0.011116748003998134,182.86,0.5999999999999943,0.295158146077406,0.0006288964234934326,0.42172166062957145,VALID,0.018952778670093116,1.7048851573568777,-0.016108247422680466
2025-11-20,21,2025-11-20T19:45:00.000Z,HIGH,HIGH,HIGH,0.012516164542715667,657.01,1.7999999999999545,0.21889168348126348,0.002739684327483531,0.26067810370350597,VALID,0.028035999763159368,2.2399833165725,-0.024208289370049485,0.011116748003998134,183.24,0.5049999999999955,0.2479095938733884,0.0027286618642217856,0.2778225417204316,VALID,0.019755862512046245,1.7771260538550533,-0.01691365979381443
2025-11-20,22,2025-11-20T20:00:00.000Z,HIGH,HIGH,HIGH,0.012516164542715667,656.62,2.9500000000000455,0.35895222134558696,0.0020102951478786057,0.2773481452973128,VALID,0.02583042216827511,2.0637649880776188,-0.02199402594700617,0.011116748003998134,183.09,0.7050000000000125,0.3463751534505774,0.0016931563711835834,0.28829407453850153,VALID,0.01777492236856191,1.5989318424928913,-0.01492697594501724
2025-11-20,23,2025-11-20T20:15:00.000Z,HIGH,HIGH,HIGH,0.012516164542715667,658.11,2.409999999999968,0.2925817873770716,0.003631611736639751,0.35270914790504654,VALID,0.02852448339155661,2.279011536977411,-0.024698696705354406,0.011116748003998134,183.46,0.46999999999999886,0.23045105870585755,0.002561866346887599,0.3344829772458589,VALID,0.019916479280436872,1.7915742331546887,-0.017074742268041287
2025-11-20,24,2025-11-20T20:30:00.000Z,HIGH,HIGH,HIGH,0.012516164542715667,656.29,2.17999999999995,0.26539298719703436,0.0014322936506726309,0.28993119624102065,VALID,0.028657706199301174,2.2896555970878305,-0.024832444160437395,0.011116748003998134,183.06,0.4300000000000068,0.21129890012780694,0.0004916420845624572,0.2777625814084297,VALID,0.019755862512046245,1.7771260538550533,-0.01691365979381443
2025-11-20,25,2025-11-20T20:45:00.000Z,SEVERE,SEVERE,SEVERE,0.012516164542715667,656.2,3.42999999999995,0.4176251359905607,0.0046784516915575275,0.44875458437501087,VALID,0.032861625910355755,2.62553482723915,-0.029052919409727873,0.011116748003998134,183.09,0.6999999999999886,0.3439185920785758,0.0034409306898246514,0.39106592156169867,VALID,0.022861120034264965,2.0564575203146616,-0.020027920962199408
2026-01-30,1,2026-01-30T14:45:00.000Z,ELEVATED,ELEVATED,ELEVATED,0.009174615522670359,691.79,2.3799999999999955,0.3749857840745611,0.0006649416730509587,,NOT_APPLICABLE_SESSION_WARMUP,0.0015424312753168472,0.16811944560570619,0.0012286965697683172,0.009184973396383191,198.01,0.7399999999999807,0.40688032826840287,0.00010100499974739564,,NOT_APPLICABLE_SESSION_WARMUP,0.0024153373924419553,0.26296618272112293,0.0012120599969698276
2026-01-30,2,2026-01-30T15:00:00.000Z,ELEVATED,ELEVATED,ELEVATED,0.009174615522670359,692.64,2.0779999999999745,0.32700176837952677,0.0020472395472395564,,NOT_APPLICABLE_SESSION_WARMUP,0.0029118796038690256,0.3173843739472033,-0.000144552537619691,0.009184973396383191,198.25,0.904500000000013,0.496726663048217,0.004259773013871429,,NOT_APPLICABLE_SESSION_WARMUP,0.006189302068132591,0.6738508432228864,-0.0025756274935608836
2026-01-30,3,2026-01-30T15:15:00.000Z,NORMAL,ELEVATED,ELEVATED,0.009174615522670359,691.69,2.409999999999968,0.3797673919787376,0.00007228671803852623,,NOT_APPLICABLE_SESSION_WARMUP,0.0008788992147538362,0.09579684430176799,0.0023851168707267334,0.009184973396383191,197.5,0.5400000000000205,0.2976793831832574,0.00010126582278486193,,NOT_APPLICABLE_SESSION_WARMUP,0.004327479494791855,0.47114774404201387,-0.0007070349982323254
2026-01-30,4,2026-01-30T15:30:00.000Z,ELEVATED,ELEVATED,ELEVATED,0.009174615522670359,693.44,2.5599999999999454,0.4023863150697213,0.003172588832487375,0.46975058120019714,VALID,0.003839780995605452,0.4185222787938526,-0.0005854377773600872,0.009184973396383191,197.87,0.48500000000001364,0.26686024603383435,0.002122605751250902,0.5188171890561645,VALID,0.006168167865948737,0.6715498891240779,-0.0025544164436138717
2026-01-30,5,2026-01-30T15:45:00.000Z,ELEVATED,ELEVATED,ELEVATED,0.009174615522670359,691.385,2.8899999999999864,0.45560660998306485,0.0007159542078581464,0.5602812643768161,VALID,0.0007923060298249113,0.08635849947794903,0.00247199294583611,0.009184973396383191,197.5042,0.6599999999999966,0.36382262023659856,0.0005275837172069841,0.5623884821022062,VALID,0.0038494439692043796,0.4191023537117911,-0.00022726124943173165
2026-01-30,6,2026-01-30T16:00:00.000Z,ELEVATED,ELEVATED,ELEVATED,0.009174615522670359,693.5001,2.2800000000000864,0.35834425439231987,0.0022640227449138434,0.5819066878143667,VALID,0.003010616384091315,0.3281463268571985,0.0004770233741453467,0.009184973396383191,197.965,0.46999999999999886,0.25848273538798716,0.0019953021998838695,0.4375707545661021,VALID,0.00578674583605886,0.6300231461026914,-0.002171607494570904
2026-01-30,7,2026-01-30T16:15:00.000Z,ELEVATED,ELEVATED,ELEVATED,0.009174615522670359,692.12,1.0600000000000591,0.16693084534501287,0.0007079697162341922,0.5129600163061369,VALID,0.0032268333789487098,0.35171319942238943,0.0002600500151781482,0.009184973396383191,197.58,0.27000000000001023,0.14877942650747375,0.0008604109727706038,0.38904250686453273,VALID,0.0061389825391234285,0.6683723810828678,-0.002525124993687178
2026-01-30,8,2026-01-30T16:30:00.000Z,NORMAL,ELEVATED,ELEVATED,0.009174615522670359,691.9699,1.7200000000000273,0.2709276749213592,0.0024782869890728728,0.42347926803853225,VALID,0.0045375318707597,0.4945746074642055,-0.0010552335246245548,0.009184973396383191,197.51,0.549999999999983,0.3031766136386822,0.0027846691306768413,0.39932436632317986,VALID,0.008151763699491653,0.8875108666837958,-0.004545224988636853
2026-01-30,9,2026-01-30T16:45:00.000Z,NORMAL,NORMAL,ELEVATED,0.009174615522670359,691.06,1.5723999999999023,0.24800441134170945,0.0002928833965211382,0.2920398243443703,VALID,0.0033419282349721985,0.364258123592682,0.00014455253761980202,0.009184973396383191,197.11,0.3050000000000068,0.16846639350185352,0.000380498198975278,0.31053438233615405,VALID,0.007799526996427228,0.8491616317036349,-0.004191707489520691
2026-01-30,10,2026-01-30T17:00:00.000Z,NORMAL,NORMAL,NORMAL,0.009174615522670359,691.89,1.5499999999999545,0.24417813423591947,0.002182427842576119,0.2741819619851316,VALID,0.00509932153094896,0.555807654102627,-0.0016189884213417827,0.009184973396383191,197.18,0.22999999999998977,0.12699513117454586,0.0008114413226493385,0.22955842551034453,VALID,0.00810144417048249,0.8820324045437773,-0.004494722488763148
2026-01-30,11,2026-01-30T17:15:00.000Z,ELEVATED,ELEVATED,ELEVATED,0.009174615522670359,690.67,2.0399999999999636,0.3219375995957588,0.0028088667525735024,0.36772994725931474,VALID,0.007346480171706,0.8007398406563131,-0.003874008008210472,0.009184973396383191,197.12,0.6899999999999977,0.3811013590452209,0.0029423701298701933,0.37000014515258806,VALID,0.010768379207970545,1.172390897965024,-0.007171354982071554
2026-01-30,12,2026-01-30T17:30:00.000Z,ELEVATED,ELEVATED,ELEVATED,0.009174615522670359,689.11,2.300000000000068,0.36379054739792993,0.0003192523689977323,0.45912037811195744,VALID,0.0045231270076777725,0.4930045293452552,-0.0010407782708624636,0.009184973396383191,196.59,0.7350000000000136,0.40705023861786765,0.00022890279261415084,0.44164180127041786,VALID,0.007799526996427228,0.8491616317036349,-0.004191707489520691
2026-01-30,13,2026-01-30T17:45:00.000Z,ELEVATED,ELEVATED,ELEVATED,0.009174615522670359,691.07,1.9599999999999227,0.30913356167282213,0.002170547122578031,0.44883746602050323,VALID,0.005329799340257336,0.5809289040055651,-0.0018502724815333549,0.009184973396383191,197.18,0.5300000000000011,0.2926409544457062,0.0018764580586266586,0.4504323127766129,VALID,0.008680118754088433,0.9450347191540526,-0.005075501237311264
2026-01-30,14,2026-01-30T18:00:00.000Z,ELEVATED,ELEVATED,ELEVATED,0.009174615522670359,690.51,2.009999999999991,0.3172767231755808,0.0019985228309510297,0.4574463474499575,VALID,0.00726005099321542,0.7913193719427181,-0.003787276485638702,0.009184973396383191,197.005,0.5149999999999864,0.28461125974453666,0.0019288850536788177,0.4935615222381146,VALID,0.01054194132742917,1.147737818334925,-0.006944093732639711
2026-01-30,15,2026-01-30T18:15:00.000Z,ELEVATED,ELEVATED,ELEVATED,0.009174615522670359,689.17,1.3999999999999773,0.22141844585851944,0.00042079603000705725,0.38566719660825094,VALID,0.007173477766093895,0.7818832024479198,-0.0037004004105292143,0.009184973396383191,196.635,0.4300000000000068,0.23808373680543266,0.0001779947618684191,0.39917690069405803,VALID,0.010198258944296166,1.1103199219185524,-0.00659916165850194
2026-01-30,16,2026-01-30T18:30:00.000Z,ELEVATED,ELEVATED,ELEVATED,0.009174615522670359,689.2301,2.419499999999971,0.3826251539103867,0.003061531990550019,0.23253076768289604,VALID,0.00682790510076203,0.7442170283746892,-0.003353618872779185,0.009184973396383191,196.7033,0.7450000000000045,0.41235068852923407,0.0023299049888843163,0.2727059830619684,VALID,0.008856237105620645,0.964209336644133,-0.00525225998686929
2026-01-30,17,2026-01-30T18:45:00.000Z,ELEVATED,ELEVATED,ELEVATED,0.009174615522670359,689.47,1.8199999999999363,0.2877187338564504,0.002349630875890183,0.23573038309734254,VALID,0.00770660174875041,0.8399917936296616,-0.004235389352259977,0.009184973396383191,196.97,0.5600000000000023,0.3095351969379352,0.002639995938467839,0.29004658376118203,VALID,0.010114225330850858,1.1011708901447208,-0.006514822483712934
2026-01-30,18,2026-01-30T19:00:00.000Z,ELEVATED,ELEVATED,ELEVATED,0.009174615522670359,688.86,3.300000000000068,0.522149779653196,0.00011613390238951445,0.41055739877080105,VALID,0.004090981115224546,0.44590218577724405,-0.0006071206580030575,0.009184973396383191,196.72,0.8050000000000068,0.44552231535936343,0,0.3953353576270862,VALID,0.007044734061289072,0.7669846996032792,-0.0034341699914144375
2026-01-30,19,2026-01-30T19:15:00.000Z,NORMAL,ELEVATED,ELEVATED,0.009174615522670359,691.37,1.3500000000000227,0.2128312346176362,0.000028928070353040788,0.42102981650427007,VALID,0.00323389176185881,0.35248253770067034,0.00025296694083465354,0.009184973396383191,197.33,0.5150000000000148,0.28414250861995405,0.000025338265849206273,0.435946868197118,VALID,0.00533387007497611,0.5807169868424934,-0.0017170849957073298
2026-01-30,20,2026-01-30T19:30:00.000Z,NORMAL,NORMAL,ELEVATED,0.009174615522670359,691.965,1.400000000000091,0.22052408768120962,0.0009610312660323532,0.4307189902667985,VALID,0.004134195704469835,0.45061242013404157,-0.0006504864192889981,0.009184973396383191,197.67,0.6825000000000045,0.375910096672128,0.0011762027621793267,0.42771714511625636,VALID,0.0064408997131786905,0.7012431539230101,-0.0028281399929296347
2026-01-30,21,2026-01-30T19:45:00.000Z,NORMAL,NORMAL,NORMAL,0.009174615522670359,691.34,1.490000000000009,0.23491281527298505,0.001128243700639463,0.4198590567164209,VALID,0.004206220019878816,0.458462810728722,-0.0007227626880990101,0.009184973396383191,197.45,0.5300000000000011,0.2922407870225594,0.0011648518612306395,0.4120751589491813,VALID,0.0057364263070496975,0.6245446839626728,-0.0021211049946971983
2026-01-30,22,2026-01-30T20:00:00.000Z,NORMAL,NORMAL,NORMAL,0.009174615522670359,691.29,1.8342000000000098,0.2892001681117288,0.0012211951568806157,0.17731547488258384,VALID,0.005243370161766592,0.571508435291952,-0.0017635409589613626,0.009184973396383191,197.59,0.6599999999999966,0.3636646366300582,0.0014170757629434745,0.2735090663150265,VALID,0.006994414532279909,0.7615062374632606,-0.0033836674915407317
2026-01-30,23,2026-01-30T20:15:00.000Z,NORMAL,NORMAL,NORMAL,0.009174615522670359,690.57,1.25,0.19729425165897932,0.0008833282650564224,0.17411267506224856,VALID,0.006042840062805275,0.6586477708927958,-0.002565807542751375,0.009184973396383191,197.34,0.25,0.13792626698678326,0.00022803283672856954,0.19906054351586397,VALID,0.006969254767775328,0.7587670063932513,-0.0033584162416039343
2026-01-30,24,2026-01-30T20:30:00.000Z,NORMAL,NORMAL,NORMAL,0.009174615522670359,690.015,1.1400000000001,0.18007708256741636,0.001036209357767631,0.14366196462432165,VALID,0.006006827905100867,0.6547225755954645,-0.0025296694083464244,0.009184973396383191,197.345,0.3050000000000068,0.16826578237680384,0.0006587448377207198,0.16918960305283973,VALID,0.006415739948673966,0.6985039228529852,-0.0028028887429926153
2026-01-30,25,2026-01-30T20:45:00.000Z,NORMAL,NORMAL,NORMAL,0.009174615522670359,690.04,1.3299999999999272,0.2100823181492297,0.00010144339458572885,0.2277592397294976,VALID,0.004393483239941902,0.4788738262748625,-0.0009106809870047528,0.009184973396383191,197.455,0.22010000000000218,0.12135956309904686,0.00022840647236088848,0.1704642315579754,VALID,0.005686106778040535,0.6190662218226543,-0.0020706024948234925
2026-06-05,1,2026-06-05T13:45:00.000Z,ELEVATED,ELEVATED,ELEVATED,0.008641569105477169,752.31,2.550000000000068,0.3922389687973662,0.002711648123778713,,NOT_APPLICABLE_SESSION_WARMUP,0.0033341303366011855,0.3858246454903611,-0.002658478552724275,0.00908866862935294,209.87,0.8700000000000045,0.4561089777141083,0.0018106446848048575,,NOT_APPLICABLE_SESSION_WARMUP,0.004135767256132366,0.4550465447464342,-0.0018106446848048519
2026-06-05,2,2026-06-05T14:00:00.000Z,NORMAL,ELEVATED,ELEVATED,0.008641569105477169,750.31,1.9700000000000273,0.30383156048357907,0.002185763217869929,,NOT_APPLICABLE_SESSION_WARMUP,0.005432905608246369,0.628694342651603,-0.004758676609376344,0.00908866862935294,209.49,0.42499999999998295,0.22321602183279052,0.0015036517256193504,,NOT_APPLICABLE_SESSION_WARMUP,0.004682449134816569,0.5151963753738409,-0.002358602944680044
2026-06-05,3,2026-06-05T14:15:00.000Z,NORMAL,NORMAL,ELEVATED,0.008641569105477169,748.73,2.074999999999932,0.3207009593123061,0.000674475445087008,,NOT_APPLICABLE_SESSION_WARMUP,0.0035997980925055605,0.4165676451310155,-0.002924326407996558,0.00908866862935294,209.375,0.5649999999999977,0.29690899434614704,0.0003582089552238263,,NOT_APPLICABLE_SESSION_WARMUP,0.002662103061418531,0.2929035230551757,-0.0003335398103587739
2026-06-05,4,2026-06-05T14:30:00.000Z,ELEVATED,ELEVATED,ELEVATED,0.008641569105477169,750.11,2.090000000000032,0.3224250111851941,0.001653090880004278,0.46729490570197635,VALID,0.004782019606280416,0.5533739935319725,-0.004107349363958845,0.00908866862935294,209.8,0.38999999999998636,0.20453086436789203,0.0014299332697807977,0.3302406777222899,VALID,0.0038030043734550833,0.41843360436454097,-0.001477104874446078
2026-06-05,5,2026-06-05T14:45:00.000Z,NORMAL,ELEVATED,ELEVATED,0.008641569105477169,749.22,1.6299000000000206,0.25174391993248113,0.00014681935879983668,0.3556415093294358,VALID,0.0043303844212429325,0.5011108941428546,-0.003655408009995864,0.00908866862935294,209.56,0.37999999999999545,0.19951471741605367,0.00009543806069865543,0.2942777528019298,VALID,0.0026145655067503866,0.28767310300062376,-0.0002858912660218538
2026-06-05,6,2026-06-05T15:00:00.000Z,NORMAL,NORMAL,ELEVATED,0.008641569105477169,749.56,0.9800000000000182,0.15129586750691137,0.0005870110464805231,0.2637053572556917,VALID,0.0039053160117957205,0.451922094717783,-0.003230051441559967,0.00908866862935294,209.81,0.28000000000000114,0.1468356730134092,0.0002621419379438865,0.3039135857928456,VALID,0.0017351207453889003,0.19091033199132385,0.0005956068042121121
2026-06-05,7,2026-06-05T15:15:00.000Z,NORMAL,NORMAL,NORMAL,0.008641569105477169,749.88,1.8899999999999864,0.2916603725271181,0.0021203392542807273,0.28896184429397487,VALID,0.006004091283441055,0.6947917918790423,-0.005330249498212147,0.00908866862935294,209.995,0.3499999999999943,0.18338289337212052,0.001500035715136064,0.24999236610480988,VALID,0.0030186347214300213,0.3321316734643598,-0.0006909038928861744
2026-06-05,8,2026-06-05T15:30:00.000Z,NORMAL,NORMAL,NORMAL,0.008641569105477169,748.3,1.2200000000000273,0.18866506005060002,0.0010156354403314059,0.25534293617511206,VALID,0.006205998777928356,0.718156471605937,-0.005532293868219074,0.00908866862935294,209.725,0.2849999999999966,0.1495183127251456,0.000977470497079433,0.23679942103582094,VALID,0.0038980794827915078,0.4288944444736597,-0.0015724019631201402
2026-06-05,9,2026-06-05T15:45:00.000Z,NORMAL,NORMAL,NORMAL,0.008641569105477169,748.148,2.0299999999999727,0.31399006833310183,0.0023498024455054856,0.34822865799786495,VALID,0.008288833984219347,0.9591815887887476,-0.007616541053554915,0.00908866862935294,209.54,0.46750000000000114,0.24547903433773316,0.0018612198148324252,0.28233527164483424,VALID,0.0057282753375166974,0.6302656165740874,-0.0034068709200933966
2026-06-05,10,2026-06-05T16:00:00.000Z,NORMAL,NORMAL,NORMAL,0.008641569105477169,746.58,0.7698999999998932,0.11933431947950873,0.0005223820622036303,0.3447064958736754,VALID,0.008288833984219347,0.9591815887887476,-0.007616541053554915,0.00908866862935294,209.155,0.33500000000000796,0.17622855752750416,0.001601682962396347,0.31548546208742884,VALID,0.007273245864232749,0.8002542683471738,-0.00495544861104491
2026-06-05,11,2026-06-05T16:15:00.000Z,ELEVATED,ELEVATED,ELEVATED,0.008641569105477169,746.58,1.57000000000005,0.243349631877985,0.0020895282488146735,0.2978396999595346,VALID,0.009756648335591546,1.1290366618034242,-0.009085350453935104,0.00908866862935294,208.83,0.23500000000001364,0.12381541120959777,0.0009098309629843707,0.2928551471543808,VALID,0.007986309184255594,0.8787105691655271,-0.005670176776099489
2026-06-05,12,2026-06-05T16:30:00.000Z,ELEVATED,ELEVATED,ELEVATED,0.008641569105477169,745.475,0.92999999999995,0.14436345176042287,0.001146919749153249,0.31807199380106,VALID,0.010732844504662557,1.2420018139830535,-0.010062208398133654,0.00908866862935294,208.68,0.21000000000000796,0.11072308997607973,0.0009584052137244443,0.29214957509450373,VALID,0.008841985168283007,0.9728581301475511,-0.0065278505741649395
2026-06-05,13,2026-06-05T16:45:00.000Z,ELEVATED,ELEVATED,ELEVATED,0.008641569105477169,744.7401,1.8899999999999864,0.29367329643003687,0.002443939838878053,0.3109334657286827,VALID,0.012725485507823969,1.4725896827878568,-0.012056200236604475,0.00908866862935294,208.5,0.33500000000000796,0.17678217721661932,0.001199040767386091,0.23240882477673558,VALID,0.009721429929644494,1.069620901156851,-0.007409348644398905
2026-06-05,14,2026-06-05T17:00:00.000Z,ELEVATED,ELEVATED,ELEVATED,0.008641569105477169,743.24,2.2099999999999227,0.3440888436222546,0.0010494591249125083,0.371008741082524,VALID,0.010998645094445002,1.272760185123542,-0.010328189177333802,0.00908866862935294,208.315,0.5200000000000102,0.27465185156700894,0.0007440654777620485,0.24889687928221216,VALID,0.007986309184255594,0.8787105691655271,-0.005670176776099489
2026-06-05,15,2026-06-05T17:15:00.000Z,ELEVATED,ELEVATED,ELEVATED,0.008641569105477169,744.54,1.599999999999909,0.24867913062545,0.00212211566873496,0.37303916433747714,VALID,0.012499667915305226,1.446458133093298,-0.011830229559622985,0.00908866862935294,208.68,0.3199999999999932,0.1687208990111591,0.0014376078205865985,0.2629572094423269,VALID,0.009031660011409023,0.9937275061652263,-0.006717968266069407
2026-06-05,16,2026-06-05T17:30:00.000Z,ELEVATED,ELEVATED,ELEVATED,0.008641569105477169,743.41,1.330000000000041,0.2070287380854206,0.0008070916452563495,0.368046870267708,VALID,0.011676097872001377,1.3511548342072361,-0.011006101208278496,0.00908866862935294,208.4601,0.22800000000000864,0.12034045128552742,0.000528158626039309,0.24726300814781058,VALID,0.008746910058946584,0.9623972900384324,-0.006432553485490988
2026-06-05,17,2026-06-05T17:45:00.000Z,ELEVATED,ELEVATED,ELEVATED,0.008641569105477169,744.03,1.7350000000000136,0.2698462733811638,0.0006316949585366548,0.28678549936237135,VALID,0.01196169070959857,1.3842035588209383,-0.011291887652696175,0.00908866862935294,208.52,0.34899999999998954,0.18415242459912845,0.00028294647995394926,0.22741928777150164,VALID,0.008841985168283007,0.9728581301475511,-0.0065278505741649395
2026-06-05,18,2026-06-05T18:00:00.000Z,ELEVATED,ELEVATED,ELEVATED,0.008641569105477169,743.815,1.0600000000000591,0.16491050656988548,0.00023527355592461592,0.24284088476859245,VALID,0.010825961053107104,1.2527772353571103,-0.010155388071406701,0.00908866862935294,208.5,0.28000000000000114,0.14775823767358937,0,0.19075160896666155,VALID,0.007510933637573742,0.8264063686199632,-0.005193691332729844
2026-06-05,19,2026-06-05T18:15:00.000Z,ELEVATED,ELEVATED,ELEVATED,0.008641569105477169,744.67,2.669999999999959,0.4149108539482256,0.0034243356117474246,0.42172025773926675,VALID,0.014133524614117716,1.6355275808833902,-0.013465193869548475,0.00908866862935294,208.78,0.3100000000000023,0.163370083547146,0.0013890219369671044,0.19074988671964352,VALID,0.00855675984027387,0.9414756098202098,-0.006241959308143197
2026-06-05,20,2026-06-05T18:30:00.000Z,HIGH,HIGH,HIGH,0.008641569105477169,742.18,1.67999999999995,0.26194338019304136,0.0022636018216604463,0.4564695050451271,VALID,0.015833798251906263,1.8322827785836417,-0.015166620143291953,0.00908866862935294,208.56,0.3199999999999932,0.16881797662854184,0.0009110088224012165,0.2002236133863179,VALID,0.00917474805096029,1.0094710705294443,-0.006861390384523713
2026-06-05,21,2026-06-05T18:45:00.000Z,HIGH,HIGH,HIGH,0.008641569105477169,740.9,1.419999999999959,0.22178702851308071,0.001592657578620529,0.4750900805769374,VALID,0.016989452990090696,1.966014827020535,-0.016323058313727046,0.00908866862935294,208.43,0.16500000000002046,0.08710106119160026,0.0005037662524589463,0.2049181914792516,VALID,0.009578817265639925,1.0539296409931802,-0.007266403011388034
2026-06-05,22,2026-06-05T19:00:00.000Z,HIGH,HIGH,HIGH,0.008641569105477169,740.03,1.7699999999999818,0.27677785111001385,0.002094509682039856,0.4729337047356378,VALID,0.0180521240137085,2.088986825583188,-0.017386449734816622,0.00908866862935294,208.345,0.4550000000000125,0.2402857659256722,0.0021838777028487005,0.23940367359457676,VALID,0.011313938011028826,1.2448399729845043,-0.00900557487968745
2026-06-05,23,2026-06-05T19:15:00.000Z,HIGH,HIGH,HIGH,0.008641569105477169,739.23,2.490000000000009,0.38978682564167316,0.0031384007683671524,0.41468595988578694,VALID,0.020708801572753156,2.396416821989837,-0.020044928287540897,0.00908866862935294,207.98,0.5300000000000011,0.2803845159239206,0.002259832676218862,0.28668139379062574,VALID,0.013072827533751663,1.4383655150030892,-0.010768571020155271
2026-06-05,24,2026-06-05T19:30:00.000Z,HIGH,HIGH,HIGH,0.008641569105477169,737.23,2.94500000000005,0.4622635947671392,0.002312711094231164,0.4108593224188009,VALID,0.019088228261735878,2.208884524181777,-0.018423256370379115,0.00908866862935294,207.61,0.4800000000000182,0.25438570304164615,0.0015413515726603803,0.28948614630075303,VALID,0.012359764213728953,1.3599092141847509,-0.010053842855100803
2026-06-05,25,2026-06-05T19:45:00.000Z,HIGH,HIGH,HIGH,0.008641569105477169,738.45,1.8399999999999181,0.28833948663180453,0.002017739860518666,0.40049908097734904,VALID,0.0199383650806303,2.30726212303192,-0.01927396950725102,0.00908866862935294,207.76,0.4550000000000125,0.2409623503166354,0.0012514439738158978,0.288380233156671,VALID,0.012692527096406236,1.396522154566644,-0.010387382665459577
2026-06-09,1,2026-06-09T13:45:00.000Z,ELEVATED,ELEVATED,ELEVATED,0.010318917917873628,743.63,2.0797999999999774,0.2710382059388456,0.000470664174387831,,NOT_APPLICABLE_SESSION_WARMUP,0,0,0.0023261568253027942,0.009649989265694789,208.64,1.1500000000000057,0.5711805838646872,0.000047929447852717146,,NOT_APPLICABLE_SESSION_WARMUP,0.000333682905901388,0.03457857793558522,0.0051284509202456086
2026-06-09,2,2026-06-09T14:00:00.000Z,NORMAL,ELEVATED,ELEVATED,0.010318917917873628,745.3598,2.669999999999959,0.34714517837165887,0.0015157780175425774,,NOT_APPLICABLE_SESSION_WARMUP,0.003373945641986855,0.3269670006913,0.00100856608797395,0.009649989265694789,209.71,0.575000000000017,0.2841331291248182,0.000047684898192834514,,NOT_APPLICABLE_SESSION_WARMUP,0.0011175841160385859,0.1158119543211866,0.006710122699386423
2026-06-09,3,2026-06-09T14:15:00.000Z,ELEVATED,ELEVATED,ELEVATED,0.010318917917873628,744.38,3.6049999999999045,0.4693279463013535,0.003949595636637122,,NOT_APPLICABLE_SESSION_WARMUP,0.00717632882581338,0.6954536205180101,-0.0028105374984871423,0.009649989265694789,210.04,0.6850000000000023,0.3379572220488303,0.0017377642353836446,,NOT_APPLICABLE_SESSION_WARMUP,0.0032563224947708795,0.33744312093143325,0.004960697852760765
2026-06-09,4,2026-06-09T14:30:00.000Z,ELEVATED,ELEVATED,ELEVATED,0.010318917917873628,741.54,2.779100000000085,0.36319129748745416,0.002858915230466333,0.453440878246359,VALID,0.007618155040835374,0.7382707277513854,-0.0032543065771956092,0.009649989265694789,209.675,0.6899999999999977,0.3410166696578819,0.002265410754739586,0.585849467666593,VALID,0.003660391709450514,0.3793156249886222,0.004553297546012303
2026-06-09,5,2026-06-09T14:45:00.000Z,ELEVATED,ELEVATED,ELEVATED,0.010318917917873628,741.21,3.300000000000068,0.43145798616607695,0.003777606886037787,0.5182446169077726,VALID,0.011072432721917234,1.0730226570305814,-0.006723773919825704,0.009649989265694789,209.59,0.7949999999999875,0.39306985700418434,0.002385610000477122,0.3354278998951677,VALID,0.0058471192241871936,0.6059197645922155,0.00234854294478537
2026-06-09,6,2026-06-09T15:00:00.000Z,ELEVATED,ELEVATED,ELEVATED,0.010318917917873628,738.63,4.249900000000025,0.5575933819691404,0.005388354115050862,0.5154410947635025,VALID,0.012250635961976139,1.1872016096529403,-0.007907158129714986,0.009649989265694789,209.13,1.0500000000000114,0.5202907817621469,0.004925166164586626,0.3243004066135432,VALID,0.00717817075489646,0.7438527191335316,0.0010065184049079523
2026-06-09,7,2026-06-09T15:15:00.000Z,ELEVATED,ELEVATED,ELEVATED,0.010318917917873628,737.75,2.1399999999999864,0.2811061824761856,0.001992544900033924,0.36029344858397394,VALID,0.012545186771990902,1.2157463478085335,-0.008203004182187446,0.009649989265694789,208.85,0.4199999999999875,0.20839532906854372,0.0018194876705769473,0.2726129238902138,VALID,0.007558471192241887,0.7832621347167567,0.0006230828220858964
2026-06-09,8,2026-06-09T15:30:00.000Z,HIGH,HIGH,HIGH,0.010318917917873628,737.53,6.94500000000005,0.9125536399000665,0.009165728851707714,0.9296000760898954,VALID,0.02128799036015528,2.0630060757903577,-0.01698425292147976,0.009649989265694789,208.77,1.599000000000018,0.7936948133520306,0.0075154476217848196,0.7824510368763576,VALID,0.014594029283133777,1.5123363230065752,-0.006470475460122693
2026-06-09,9,2026-06-09T15:45:00.000Z,HIGH,HIGH,HIGH,0.010318917917873628,731,2.009999999999991,0.2664676688602418,0.0007113543091655018,0.8736476944972814,VALID,0.02014138438880703,1.951889195079233,-0.01583260492449201,0.009649989265694789,207.29,0.4300000000000068,0.21496278189361986,0.0005306575329248166,0.7567020602284114,VALID,0.01354820308043365,1.4039604301526851,-0.0054160276073619285
2026-06-09,10,2026-06-09T16:00:00.000Z,HIGH,HIGH,HIGH,0.010318917917873628,731.8564,3.7899999999999636,0.501856065048935,0.003957606984102306,0.941829528042533,VALID,0.023885392957557948,2.314718766798748,-0.019593077202372244,0.009649989265694789,207.51,0.75,0.3745375823193258,0.003180569611103063,0.8136213160746717,VALID,0.016685681688534033,1.7290881087143553,-0.008579371165644112
2026-06-09,11,2026-06-09T16:15:00.000Z,HIGH,HIGH,HIGH,0.010318917917873628,729.06,2.7900000000000773,0.37085725049606716,0.0017556854031217908,0.9438237949048252,VALID,0.024568215289864807,2.380890659795796,-0.02027890214219441,0.009649989265694789,206.85,0.4899999999999807,0.2454786490466155,0.0006768189509305601,0.8126563105774673,VALID,0.016709450465868105,1.7315511971883053,-0.008603335889570518
2026-06-09,12,2026-06-09T16:30:00.000Z,SEVERE,SEVERE,SEVERE,0.010318917917873628,728.55,3.25,0.43230458393279797,0.004460915517123053,0.4238563904376717,VALID,0.026161467398580752,2.53529174345557,-0.021879160335112835,0.009649989265694789,206.845,0.6049999999999898,0.3030983115716896,0.0027315139355555984,0.3577531100847617,VALID,0.01751758889522724,1.815296205302669,-0.009418136503067331
2026-06-09,13,2026-06-09T16:45:00.000Z,SEVERE,SEVERE,SEVERE,0.010318917917873628,727.36,5.980000000000018,0.7967418176812077,0.006557963044434643,0.5415831848172681,VALID,0.02973624313830489,2.8817210656165875,-0.025469655608299724,0.009649989265694789,206.675,1.3799999999999955,0.6919334240766072,0.004524011128583536,0.4242705803730494,VALID,0.01991823540597084,2.064068141171839,-0.01183857361963192
2026-06-09,14,2026-06-09T17:00:00.000Z,SEVERE,SEVERE,SEVERE,0.010318917917873628,724.69,3.1350000000001046,0.4192288084972248,0.0015592874194484663,0.47202726517933,VALID,0.027152229214084847,2.6313058627061916,-0.022874278875247067,0.009649989265694789,206.17,0.5649999999999977,0.2839854873454068,0.0006790512683706959,0.3313606521996921,VALID,0.018064270773911442,1.8719472402035708,-0.00996932515337412
2026-06-09,15,2026-06-09T17:15:00.000Z,HIGH,SEVERE,SEVERE,0.010318917917873628,726.62,2.6399999999999864,0.35209707844667054,0.00030277173763456456,0.5353007482729225,VALID,0.024528049270317227,2.376998195501841,-0.020238559498675368,0.009649989265694789,206.56,0.4300000000000068,0.21572247801475822,0.00024206041828045782,0.3492492874671967,VALID,0.017018444571211315,1.7635713473496808,-0.008914877300613466
2026-06-09,16,2026-06-09T17:30:00.000Z,HIGH,HIGH,SEVERE,0.010318917917873628,728.58,3.339999999999918,0.44425780198148795,0.0008784210381838457,0.5878526031850259,VALID,0.021609318516534994,2.094145790141911,-0.01730699406963143,0.009649989265694789,206.78,0.8499999999999943,0.4259744633653825,0.00036270432343548037,0.47341463047737165,VALID,0.013880965963110932,1.4384436687880107,-0.005751533742331283
2026-06-09,17,2026-06-09T17:45:00.000Z,HIGH,HIGH,HIGH,0.010318917917873628,730.76,3.740000000000009,0.4959783017447211,0.000752641085992603,0.551490572654813,VALID,0.018663810416387656,1.8086984085860063,-0.01434853354490806,0.009649989265694789,207.44,0.8650000000000091,0.4321124441228163,0.0004579637485537932,0.4852802198431773,VALID,0.011266400456360546,1.1675039366532785,-0.003115414110429371
2026-06-09,18,2026-06-09T18:00:00.000Z,HIGH,HIGH,HIGH,0.010318917917873628,732.96,2.25,0.29748706421361637,0.0027286618642217856,0.49023309296265355,VALID,0.019199357343687284,1.8605979325052724,-0.014886435458494218,0.009649989265694789,207.99,0.4749999999999943,0.23665970806842715,0.0021635655560364297,0.444932112407784,VALID,0.011551625784369683,1.1970609983407043,-0.003402990797545913
2026-06-09,19,2026-06-09T18:15:00.000Z,HIGH,HIGH,HIGH,0.010318917917873628,732.56,1.6200000000000045,0.2143076408511648,0.0005733318772523195,0.4255206808923637,VALID,0.01823537287454814,1.767178789450611,-0.01391821201403931,0.009649989265694789,207.93,0.33500000000000796,0.16695553562496046,0.0005771172990910621,0.4413043739455716,VALID,0.010648412245674125,1.103463636330527,-0.0024923312883434745
2026-06-09,20,2026-06-09T18:30:00.000Z,ELEVATED,HIGH,HIGH,0.010318917917873628,733.28,2.5599999999999454,0.33832646227615315,0.000900065459306088,0.3935003472077049,VALID,0.015798634355335326,1.5310359556179973,-0.011470758307222662,0.009649989265694789,208.12,0.5449999999999875,0.2713662635041285,0.0006246396309821039,0.3427543646988396,VALID,0.008937060277619433,0.9261212662059862,-0.0007668711656441118
2026-06-09,21,2026-06-09T18:45:00.000Z,ELEVATED,ELEVATED,HIGH,0.010318917917873628,735.1,1.9700000000000273,0.2597081900357926,0.001088287307849365,0.27928074971833583,VALID,0.016722452804927044,1.620562634378718,-0.012398639108158638,0.009649989265694789,208.48,0.34499999999999886,0.17148568258469973,0.0003837298541825791,0.20785009610363536,VALID,0.009269823160296715,0.9606045048413117,-0.0011023773006134663
2026-06-09,22,2026-06-09T19:00:00.000Z,ELEVATED,ELEVATED,ELEVATED,0.010318917917873628,734.41,2.7799999999999727,0.36683609044848287,0.00008169823395643501,0.41198304411223363,VALID,0.013602891953407375,1.3182479075490563,-0.009265360461519823,0.009649989265694789,208.41,0.5798999999999808,0.28834187944107675,0.000047982342497917115,0.32263283512822466,VALID,0.006893420802434019,0.7143449192155864,0.001293615797546055
2026-06-09,23,2026-06-09T19:15:00.000Z,ELEVATED,ELEVATED,ELEVATED,0.010318917917873628,736.74,2.5200000000000955,0.33147603335823084,0.0021310095827565354,0.44276325231847696,VALID,0.015517472218503189,1.5037887055603987,-0.011188359802590031,0.009649989265694789,208.9099,0.4200000000000159,0.20833557660966903,0.001483414620369829,0.3392596918955909,VALID,0.008247765734930659,0.8546917004613713,-0.00007189417177910773
2026-06-09,24,2026-06-09T19:30:00.000Z,ELEVATED,ELEVATED,ELEVATED,0.010318917917873628,735.31,2.2199999999999136,0.2925824985446371,0.002869538017978676,0.3833290316428592,VALID,0.016468068014459707,1.5959103605170653,-0.01214313569920522,0.009649989265694789,208.625,0.549999999999983,0.2731929636997451,0.0025644098262432432,0.3166898491279867,VALID,0.009507510933637574,0.9852353895808239,-0.0013420245398771957
2026-06-09,25,2026-06-09T19:45:00.000Z,ELEVATED,ELEVATED,ELEVATED,0.010318917917873628,734.6,2.449999999999932,0.3232071818590405,0.0027497958072420117,0.40310050491720034,VALID,0.018034542776810856,1.7477164679808939,-0.013716498796444543,0.009649989265694789,208.36,0.5349999999999966,0.2660802273839463,0.0017757727010942817,0.33164755884134955,VALID,0.010505799581669556,1.0886851054868143,-0.002348542944785148
